iso3,country,year,wue_total,wue_agri,wue_ind,wue_serv,ai_articles,ai_zero_imputed,ai_patent_apps,ai_patent_coverage,ai_invest_est_musd,ai_invest_coverage,water_stress_score,water_stress_cat,water_stress_label,wb_region,population,ai_articles_pm,ln_ai_articles_pm,agri_share,industry_share,urban_share,internet_share,trade_share,gdp_pc,freshwater_pc,ln_wue_total,baseline_complete,baseline_balanced_country,gdp_robust_complete,freshwater_robust_complete,missing_baseline_requirements,scientific_articles,scientific_articles_pm,ln_scientific_articles_pm,rd_exp_gdp,researchers_per_million,water_stress_score_clean,water_stress_valid,science_control_complete,rd_robust_complete,researchers_robust_complete,main_moderation_sample
AFG,Afghanistan,2016,0.76,0.11,9.75,57.3,0,1,,0,,0,3.369185991,3,High (40-80%),South Asia,34700612,0,0,25.74031403645819,10.466807693820131,24.6588345720126,11,,563.8723367231469,1358.7656609629823,-0.2744368457017603,0,0,0,0,trade_share,60.49,1.743196921137875,1.0091239998044226,,,3.369185991,1,0,0,0,0
AFG,Afghanistan,2017,0.77,0.11,10.29,58.17,1,0,,0,,0,3.369185991,3,High (40-80%),South Asia,35688935,0.02801988907766511,0.02763451419763003,26.420199083444835,10.051873996906274,24.8352821238871,13.5,,562.7695741409875,1321.1377700119099,-0.2613647641344075,0,0,0,0,trade_share,69.98,1.9608318376550042,1.085470255090292,,,3.369185991,1,0,0,0,0
AFG,Afghanistan,2018,0.8,0.1,13.82,59.03,2,0,,0,,0,3.369185991,3,High (40-80%),South Asia,36743039,0.054432078957867364,0.053002308201134,22.042896752757535,13.387246959797562,24.9991645191406,16.79999924,,553.1251516882929,1283.236261431723,-0.2231435513142097,0,0,0,0,trade_share,88.54,2.4097081354647885,1.226626696859537,,,3.369185991,1,0,0,0,0
AFG,Afghanistan,2019,0.88,0.13,18.22,60.12,8,0,,0,,0,3.369185991,3,High (40-80%),South Asia,37856121,0.21132645893645574,0.19171600622354937,25.773970739410473,14.05811236977681,25.1437258839803,17.60000038,,557.8615332074586,1245.505317356736,-0.12783337150988489,0,0,0,0,trade_share,138.21,3.6509287362009437,1.5370669278714972,,,3.369185991,1,0,0,0,0
AFG,Afghanistan,2020,0.84,0.14,14.06,57.85,12,0,,0,,0,3.369185991,3,High (40-80%),South Asia,39068979,0.30714905552049365,0.2678484721491202,29.975582521046068,12.952599601554693,25.2622103446137,17.04850006,46.70989455141026,527.8345544993056,1206.839830649273,-0.1743533871447778,1,0,1,1,,140.25,3.5898045863957693,1.5238374493961802,,,3.369185991,1,1,0,0,1
AFG,Afghanistan,2021,0.64,0.13,12.13,41.59,16,0,,0,,0,3.369185991,3,High (40-80%),South Asia,40000412,0.3999958800424356,0.336469293790051,33.597618872545105,14.273657019178817,25.3478620272481,16.51429939,51.41171637472706,408.6258552174031,1178.7378590000524,-0.4462871026284195,1,0,1,1,,168.21,4.205206686371131,1.6496594104756863,,,3.369185991,1,1,0,0,1
AFG,Afghanistan,2022,0.6,0.12,13.19,37.22,47,0,,0,,0,3.369185991,3,High (40-80%),South Asia,40578842,1.1582390645844454,0.769292641323228,33.701432321392254,16.050367722396278,25.3939250580909,15.86629963,72.88546960865361,377.66562708070467,1161.9355722373743,-0.5108256237659907,1,0,1,1,,157.05,3.8702435126167476,1.5831439384351185,,,3.369185991,1,1,0,0,1
AFG,Afghanistan,2023,0.61,0.13,10.5,39.93,46,0,,0,,0,3.369185991,3,High (40-80%),South Asia,41454761,1.109643353148267,0.7465189062573622,34.7432471445174,13.44982271209777,25.4730529631167,15.92840004,66.99957806219511,378.0663031225898,,-0.4942963218147801,1,0,1,0,,168.85,4.073114786501844,1.6239549852755109,,,3.369185991,1,1,0,0,1
AGO,Angola,2016,143.79,0.36,198.8,168.38,2,0,,0,,0,1.130789734,1,Low - Medium (10-20%),Sub-Saharan Africa,29183070,0.06853288567652409,0.06628657272649563,14.45584243710219,37.01976375866448,64.2992302517989,23.20000076,46.32561305715209,3505.5963468179243,5071.433540062783,4.96835390183965,1,1,1,1,,36.45,1.2490118414546518,0.8104909381721446,0.03229,18.93579,1.130789734,1,1,1,1,1
AGO,Angola,2017,142.53,0.37,196.84,167.08,2,0,,0,,0,1.130789734,1,Low - Medium (10-20%),Sub-Saharan Africa,30234839,0.06614885562975878,0.06405295542251645,14.709941688499011,36.69692991453895,65.0850525086068,26,44.99632532031887,3378.0758810259817,4895.015316602149,4.95955250386694,1,1,1,1,,52.43,1.7340922503341263,1.0057994796250245,,,1.130789734,1,1,0,0,1
AGO,Angola,2018,144.16,0.31,220.81,152.72,1,0,,0,,0,1.130789734,1,Low - Medium (10-20%),Sub-Saharan Africa,31297155,0.031951786032947724,0.03145194700768436,13.193391728399689,40.90235311400422,65.8732136723372,29,58.26989538906334,3246.8785714099663,4728.864332876263,4.9709237938600275,1,1,1,1,,29.71,0.9492875630388768,0.6674639535304924,,,1.130789734,1,1,0,0,1
AGO,Angola,2019,144.31,0.28,227.43,148.11,6,0,,0,,0,1.130789734,1,Low - Medium (10-20%),Sub-Saharan Africa,32375632,0.18532456756365404,0.17001663376243625,12.321050824104816,42.17023388021776,66.6637823180533,32.12939835,60.37130687396027,3105.599712426717,4571.3393332368,4.971963763447986,1,1,1,1,,35.26,1.0890907087157402,0.7367289037072275,,,1.130789734,1,1,0,0,1
AGO,Angola,2020,133.51,0.34,196.21,147.63,3,0,,0,,0,1.130789734,1,Low - Medium (10-20%),Sub-Saharan Africa,33451132,0.08968306364041731,0.0858868866576747,15.109767466923103,37.138063442686736,67.4568270208187,33.32089996,54.66040306837488,2847.24241578243,4424.364472927254,4.894176381402003,1,1,1,1,,46.17,1.3802223494260224,0.8671939074482019,,,1.130789734,1,1,0,0,1
AGO,Angola,2021,133.88,0.4,208.85,138.95,2,0,,0,,0,1.130789734,1,Low - Medium (10-20%),Sub-Saharan Africa,34532429,0.05791657459137902,0.056301478334100284,16.831796799702857,38.994568767004836,68.2524163556969,34.55649948,62.52877053206743,2788.1673708668504,4285.826519762048,4.8969438763431254,1,1,1,1,,40.17,1.1632544006678478,0.7716137547880216,,,1.130789734,1,1,0,0,1
AGO,Angola,2022,133.45,0.49,202.18,142.96,20,0,,0,,0,1.130789734,1,Low - Medium (10-20%),Sub-Saharan Africa,35635029,0.5612455092992908,0.44548390610398014,19.430117017876753,35.94732117590909,69.0506188977513,35.83800125,56.538072228074334,2798.017173176881,4153.216768814753,4.8937268758505335,1,1,1,1,,45.14,1.2667311144884994,0.8183387559723185,,,1.130789734,1,1,0,0,1
AGO,Angola,2023,132.91,0.54,204.28,140.18,28,0,,0,,0,1.130789734,1,Low - Medium (10-20%),Sub-Saharan Africa,36749906,0.7619067107273689,0.5663965810086964,20.909336942755917,35.70124700462542,69.8515032220457,37.88589859,53.607012649868594,2748.9519695424824,,4.889672207433241,1,1,1,0,,50.27,1.3678946552951727,0.8620012292480597,,,1.130789734,1,1,0,0,1
ALB,Albania,2016,9.99,1.7,16.68,22.14,15,0,,0,2,1,3.473828698,3,High (40-80%),Europe & Central Asia,2689469,5.577309126820202,1.8836257144037154,19.167190753496964,23.867017886435875,55.5738734464276,59.59999847,74.01445045468154,4431.556358141677,10001.974367430894,2.301584592660462,1,1,1,1,,161.29,59.97094593765535,4.110397454604281,,,3.473828698,1,1,0,0,1
ALB,Albania,2017,8.42,1.22,19.65,21.85,25,0,,0,0,1,3.473828698,3,High (40-80%),Europe & Central Asia,2648285,9.440071593502966,2.345651440046206,18.079078214295993,22.95333271065067,55.980276426546,62.40000153,76.78738178989887,4648.230786606584,10157.51703460919,2.130609828254235,1,1,1,1,,129.38,48.854258510696546,3.9091039192526233,,,3.473828698,1,1,0,0,1
ALB,Albania,2018,10.07,1.35,22.9,31.52,21,0,,0,0,1,3.473828698,3,High (40-80%),Europe & Central Asia,2607733,8.052971680766397,2.2030930663282864,17.91555581795494,23.753588625315867,56.377000259892,65.40000153,75.6940783717425,4893.823755387173,10315.473248219812,2.309560706730471,1,1,1,1,,165.78,63.572459297021595,4.167787993214011,,,3.473828698,1,1,0,0,1
ALB,Albania,2019,8.72,1.31,11.4,27.98,19,0,,0,7,1,3.473828698,3,High (40-80%),Europe & Central Asia,2567801,7.399327284318372,2.128151617442083,18.160397370671323,22.965521085937397,56.7639071287255,68.5503911218006,75.38212893268896,5072.436483547388,10475.889681482327,2.1656192379208883,1,1,1,1,,192.83,75.09538317026905,4.331987595093877,,,3.473828698,1,1,0,0,1
ALB,Albania,2020,12.12,1.73,134.55,28.59,19,0,,0,6,1,3.473828698,3,High (40-80%),Europe & Central Asia,2528480,7.5143960007593495,2.1417583780414193,18.806137864916863,23.468716418341177,57.1408592155544,72.23767711,59.52069943918749,4980.616995246958,10638.802758969816,2.4948569806411682,1,1,1,1,,181.95,71.96022907042966,4.289914485432607,,,3.473828698,1,1,0,0,1
ALB,Albania,2021,13.03,1.78,244.06,31.21,34,0,,0,0,1,3.473828698,3,High (40-80%),Europe & Central Asia,2489762,13.655923738895524,2.684844604513182,17.793224984540966,22.43414123507593,57.5077187031778,79.32371752,75.59040409050093,5511.757434028622,10804.245546361459,2.567254391136754,1,1,1,1,,255.02,102.42746093803345,4.638870506485794,0.18998,449.1043,3.473828698,1,1,1,1,1
ALB,Albania,2022,13.71,1.92,240.44,32.58,37,0,,0,0,1,3.473828698,3,High (40-80%),Europe & Central Asia,2451636,15.091963080979395,2.7783199598380417,16.984475447657445,23.025052215954904,57.8643477747383,82.61367544,84.69804359448655,5867.650962305566,10972.2650507661,2.6181254935742233,1,1,1,1,,242.18,98.78301672842134,4.602997995774429,0.19997,428.69994,3.473828698,1,1,1,1,1
ALB,Albania,2023,14.19,1.96,239.85,33.65,66,0,,0,0,1,3.473828698,3,High (40-80%),Europe & Central Asia,2411658,27.367064484267672,3.3452287709351265,16.274238831300625,23.160711973189045,58.2106086137857,83.13559161,82.3524933990723,6204.4352561211435,,2.6525374911719513,1,1,1,0,,319.46,132.4648851536992,4.893838410684614,,,3.473828698,1,1,0,0,1
AND,Andorra,2016,,,,,2,0,,0,,0,3.544997224,3,High (40-80%),Europe & Central Asia,72181,27.708122636150787,3.3571801014045555,0.5219996484336189,10.140779407381366,88.5027454634853,89.69999695,,40085.02059862196,4372.341751984594,#NUM!,0,0,0,0,"wue_total, trade_share",7.5,103.90545988556545,4.653059562527905,,,3.544997224,1,0,0,0,0
AND,Andorra,2017,,,,,0,1,,0,,0,3.544997224,3,High (40-80%),Europe & Central Asia,73763,0,0,0.5595385125161912,10.395517667259089,88.4977035522461,91.5674670273926,,39361.06226486987,4278.5678456678825,#NUM!,0,0,0,0,"wue_total, trade_share",1.17,15.861610834700322,2.8250394898070548,,,3.544997224,1,0,0,0,0
AND,Andorra,2018,,,,,0,1,,0,,0,3.544997224,3,High (40-80%),Europe & Central Asia,75162,0,0,0.5463678828152807,11.0763337210625,88.5080998493791,93.5,,39242.14489750986,4198.9303105292565,#NUM!,0,0,0,0,"wue_total, trade_share",2.52,33.527580426279236,3.5417584373070135,,,3.544997224,1,0,0,0,0
AND,Andorra,2019,,,,,0,1,,0,,0,3.544997224,3,High (40-80%),Europe & Central Asia,76474,0,0,0.5226332484157791,11.699817628316575,88.5391793666245,90.71869659,,39346.275035864994,4126.892800167377,#NUM!,0,0,0,0,"wue_total, trade_share",4.91,64.20482778460654,4.177533511967528,,,3.544997224,1,0,0,0,0
AND,Andorra,2020,,,,,0,1,,0,,0,3.544997224,3,High (40-80%),Europe & Central Asia,77380,0,0,0.5594427697158141,12.660158271732733,88.5907780427517,93.20570374,,34536.6499222556,4078.5732747479965,#NUM!,0,0,0,0,"wue_total, trade_share",7.68,99.25045231325923,4.60767157802946,,,3.544997224,1,0,0,0,0
AND,Andorra,2021,,,,,0,1,,0,,0,3.544997224,3,High (40-80%),Europe & Central Asia,78364,0,0,0.5318448791698239,12.362636385304716,88.6627318165299,93.89749908,,36929.019152864385,4027.3595018120564,#NUM!,0,0,0,0,"wue_total, trade_share",8.52,108.72339339492623,4.697962593361166,,,3.544997224,1,0,0,0,0
AND,Andorra,2022,,,,,0,1,,0,,0,3.544997224,3,High (40-80%),Europe & Central Asia,79705,0,0,0.4874918621566141,11.14534110413013,88.7548766267286,94.05169678,,39780.396613079116,3959.601028793677,#NUM!,0,0,0,0,"wue_total, trade_share",9.09,114.04554293958974,4.745328075527475,0.15818,,3.544997224,1,0,0,0,0
AND,Andorra,2023,,,,,1,0,,0,,0,3.544997224,3,High (40-80%),Europe & Central Asia,80856,12.367665974077372,2.592838804002859,0.4784921355889596,12.428226179661655,88.8201609217082,94.21499634,,40227.23352974002,,#NUM!,0,0,0,0,"wue_total, trade_share",11.09,137.15741565251804,4.9283937281953065,,,3.544997224,1,0,0,0,0
ARE,United Arab Emirates,2016,77.79,1.22,3951.98,93.77,278,0,,0,12,1,4.999991212,4,Extremely High (>80%),Middle East & North Africa,8935095,31.11326740230518,3.469269259458529,0.740828105142589,39.87498695653963,84.5093991669984,90.6000073180483,165.39496624033666,45168.495597391244,16.787734209876895,4.354012888218683,1,1,1,1,,2527.75,282.90130099344213,5.648626646044833,0.9318,2509.55341,4.999991212,1,1,1,1,1
ARE,United Arab Emirates,2017,78.72,1.27,4113.61,91.94,380,0,,0,34,1,4.999991212,4,Extremely High (>80%),Middle East & North Africa,9223225,41.20033936069,3.7424282627321435,0.7537117149518033,41.41223265853651,84.686675718659,94.8199225383446,165.47652365299433,43293.02023607645,16.263291852903947,4.365897252743998,1,1,1,1,,2888.62,313.1898007475693,5.74999726427482,,,4.999991212,1,1,0,0,1
ARE,United Arab Emirates,2018,78.4,1.17,4656.86,85.36,508,0,,0,204,1,4.999991212,4,Extremely High (>80%),Middle East & North Africa,9346701,54.3507275989678,4.0136898044877185,0.7056211938567895,45.7440553690851,84.8601805824625,98.4500017817194,154.74704216629945,43377.80260148598,16.048443188671598,4.361823927356363,1,1,1,1,,3063.21,327.73167773313816,5.795241848807687,1.26389,2464.56964,4.999991212,1,1,1,1,1
ARE,United Arab Emirates,2019,80.14,1.27,4414.59,90.53,732,0,,0,66,1,4.999991212,4,Extremely High (>80%),Middle East & North Africa,9445785,77.49488263812907,4.36303343334025,0.7346004797585739,43.46695193807361,85.0298263388195,99.1499979561243,163.82214902561427,43468.45347050126,15.880098901255955,4.383775105207999,1,1,1,1,,3917.2,414.70348943999886,6.029972240353741,1.31065,2476.63113,4.999991212,1,1,1,1,1
ARE,United Arab Emirates,2020,76.96,1.6,3875.64,89.89,1015,0,,0,289,1,4.999991212,4,Extremely High (>80%),Middle East & North Africa,9401038,107.96680111281329,4.691043258889498,0.9629729125711103,40.32159937540539,85.1955255681984,100,181.29194022799814,39878.46638963894,15.955684893519203,4.343285806357451,1,1,1,1,,4394.25,467.4217889556451,6.149369148480337,1.48831,2581.47405,4.999991212,1,1,1,1,1
ARE,United Arab Emirates,2021,81.63,1.69,4597.15,86.14,1354,0,,0,999,1,4.999991212,4,Extremely High (>80%),Middle East & North Africa,9575152,141.40767687029927,4.958693908130785,0.8903661373044787,45.38112587933314,85.3571908511355,100,182.90940107677625,40935.89154820839,15.665547659191207,4.402196841463264,1,1,1,1,,5201.38,543.2164418904264,6.299347038848324,1.49469,2606.78477,4.999991212,1,1,1,1,1
ARE,United Arab Emirates,2022,82.75,1.23,5455.43,83.58,1773,0,,0,519,1,4.999991212,4,Extremely High (>80%),Middle East & North Africa,10074977,175.98055062557464,5.176039843064869,0.7409073786020232,49.33328718824727,85.5147347682487,100,185.74166063189378,41828.56869235462,14.88837145732442,4.415824014257172,1,1,1,1,,6147.28,610.153253947875,6.415347752512256,,,4.999991212,1,1,0,0,1
ARE,United Arab Emirates,2023,90.59,1.47,5216.76,90.28,2567,0,,0,533,1,4.999991212,4,Extremely High (>80%),Middle East & North Africa,10483751,244.85510958816172,5.50474237699834,0.7640714179129808,45.40070420211039,85.6680699002526,100,199.0449501271066,41926.57734984073,,4.506343831681196,1,1,1,0,,7075.14,674.8672302499363,6.515996651797269,,,4.999991212,1,1,0,0,1
ARG,Argentina,2016,13.13,0.09,32.42,62.22,224,0,1,1,1,1,1.834917254,1,Low - Medium (10-20%),Latin America & Caribbean,43900313,5.10246931496821,1.8086934950000233,6.2645658204639005,22.054107211210834,91.5856817228217,70.9689808206024,26.093887848879856,13265.886063912345,6651.433214154988,2.574899688314705,1,1,1,1,,8320.39,189.52917260521582,5.249805319877731,0.55815,1254.06674,1.834917254,1,1,1,1,1
ARG,Argentina,2017,13.65,0.07,32.55,65.57,220,0,1,1,5,1,1.834917254,1,Low - Medium (10-20%),Latin America & Caribbean,44288894,4.967385277220966,1.7863088544496504,5.231622376795088,21.78212321933503,91.6776028433824,74.2949068657957,25.28960113767786,13520.112984615893,6593.075004311465,2.613739521630969,1,1,1,1,,8535.98,192.73409717569376,5.26648658577159,0.55632,1206.01905,1.834917254,1,1,1,1,1
ARG,Argentina,2018,13.45,0.06,34.61,62.9,279,0,7,1,1,1,1.834917254,1,Low - Medium (10-20%),Latin America & Caribbean,44654882,6.247917081048384,1.9807141284225316,4.537878896968346,23.719592332130432,91.7679941327998,77.7,30.762535954992597,13058.328544995426,6539.038665469992,2.598979106047848,1,1,1,1,,9044.42,202.54045235188394,5.3158647681838564,0.4883,1220.93622,1.834917254,1,1,1,1,1
ARG,Argentina,2019,12.94,0.06,33.08,60.63,244,0,8,1,2,1,1.834917254,1,Low - Medium (10-20%),Latin America & Caribbean,44973465,5.425421412381723,1.8602622181061423,5.318555996613923,23.157847739143378,91.8567844513802,79.9469520347551,32.630615045849886,12706.397810896759,6492.717427932226,2.5603232890727545,1,1,1,1,,9080.32,201.9039449150738,5.312732689299608,0.47813,1224.69939,1.834917254,1,1,1,1,1
ARG,Argentina,2020,11.47,0.07,29.21,53.77,317,0,11,1,3,1,1.834917254,1,Low - Medium (10-20%),Latin America & Caribbean,45191965,7.014521276071974,2.081255055777633,6.357033675904917,22.40887637118019,91.9439026594897,85.51438646,30.203698807415957,11393.050595787674,6461.325591839169,2.4397349311412793,1,1,1,1,,9992.12,221.10390641345205,5.4031453192799335,0.54126,1250.48347,1.834917254,1,1,1,1,1
ARG,Argentina,2021,12.52,0.09,34.74,56.7,310,0,8,1,19,1,1.834917254,1,Low - Medium (10-20%),Latin America & Caribbean,45312281,6.841412375598571,2.05941896808606,7.2912824961905125,23.499464426376075,92.0292776175651,87.15070683,33.07868956746599,12549.281169934175,6444.169076370267,2.5273273656719524,1,1,1,1,,9943.87,219.4519847720754,5.395679915038879,0.5236,1288.13477,1.834917254,1,1,1,1,1
ARG,Argentina,2022,13.38,0.08,37.62,60.29,237,0,,1,18,1,1.834917254,1,Low - Medium (10-20%),Latin America & Caribbean,45407904,5.21935564345802,1.8276663070854744,6.541569404902696,24.11186362729105,92.112838186126,88.37535691,31.580179260625613,13276.823211018853,6430.598514302707,2.5937610547000824,1,1,1,1,,9086.96,200.1184639572881,5.303894107368898,0.54951,1301.43112,1.834917254,1,1,1,1,1
ARG,Argentina,2023,13.27,0.07,38.59,58.99,284,0,,1,352,1,1.834917254,1,Low - Medium (10-20%),Latin America & Caribbean,45538401,6.236494777232077,1.9791369423695764,5.846778603904198,25.172210525273535,92.1945132257907,89.22897166,26.67695124822146,12993.092887241564,,2.5855058483441162,1,1,1,0,,8589.35,188.61773385499416,5.24501011843746,0.60111,1312.75278,1.834917254,1,1,1,1,1
ARM,Armenia,2016,2.72,0.26,19.97,10.94,9,0,,0,0,1,2.9915904,2,Medium - High (20-40%),Europe & Central Asia,2992300,3.0077198141897536,1.3882224546996977,16.390473533849974,25.57713303956047,64.5928753345316,64.3460297653742,76.07796745935478,3533.8850360700676,2292.2166895030578,1.000631880307906,1,1,1,1,,512.66,171.32640443805766,5.149390378676458,0.23305,,2.9915904,1,1,1,0,1
ARM,Armenia,2017,3.26,0.3,19.72,9.39,25,0,,0,0,1,2.9915904,2,Medium - High (20-40%),Europe & Central Asia,2979400,8.390951198227832,2.2397465871555644,14.994260124277622,25.809532379165596,64.7124948593667,64.7448843250726,87.20237653983696,3815.374742603702,2302.1413707457878,1.1817271953786161,1,1,1,1,,523.38,175.6662415251393,5.1742623114136865,0.22788,,2.9915904,1,1,1,0,1
ARM,Armenia,2018,3.57,0.23,19.04,9.65,18,0,,0,0,1,2.9915904,2,Medium - High (20-40%),Europe & Central Asia,2969000,6.062647356012125,1.9548199608229857,13.942311655414613,24.756557847625686,64.8502833795679,68.2450522610271,92.47310702121204,4027.8339301097853,2310.2054563826205,1.2725655957915476,1,1,1,1,,486.19,163.75547322330752,5.10446239421658,0.18876,,2.9915904,1,1,1,0,1
ARM,Armenia,2019,3.68,0.18,23.65,12.06,16,0,,0,0,1,2.9915904,2,Medium - High (20-40%),Europe & Central Asia,2962500,5.400843881856541,1.8564298382134012,11.525610737958814,24.971608457343486,65.0047033570428,66.5439496866159,97.84700486532697,4343.458395830194,2315.2742616033756,1.3029127521808397,1,1,1,1,,615.21,207.66582278481013,5.34073403826156,0.17854,,2.9915904,1,1,1,0,1
ARM,Armenia,2020,3.51,0.18,14.86,10.42,32,0,,0,0,1,2.9915904,2,Medium - High (20-40%),Europe & Central Asia,2961500,10.805335134222522,2.4685515593104976,11.349805155454892,26.817295697929634,65.174217253699,76.50770055,70.12135713687886,4032.0904345495514,2316.056052676009,1.2556160374777743,1,1,1,1,,594.27,200.66520344420059,5.306608913687818,0.2092,,2.9915904,1,1,1,0,1
ARM,Armenia,2021,3.52,0.17,26.52,11.86,42,0,,0,0,1,2.9915904,2,Medium - High (20-40%),Europe & Central Asia,2962300,14.178172366066907,2.7198583672268253,11.3435484176857,26.364340411390074,65.3572875314441,78.61225758,79.24890576471122,4264.799615051871,2315.430577591736,1.2584609896100056,1,1,1,1,,565.63,190.94284846234345,5.257197663458355,0.20557,,2.9915904,1,1,1,0,1
ARM,Armenia,2022,3.88,0.17,21.03,15.46,50,0,,0,0,1,2.9915904,2,Medium - High (20-40%),Europe & Central Asia,2969200,16.83955274147919,2.8814180562927034,10.146703925568268,25.437096643779356,65.5624462874485,77.02767465,103.87862921350799,4791.004817121827,2310.0498450761147,1.355835153635182,1,1,1,1,,674.73,227.24302842516505,5.430410975416784,0.20955,1187.43401,2.9915904,1,1,1,1,1
ARM,Armenia,2023,4.29,0.15,21.52,17.71,94,0,,0,7,1,2.9915904,2,Medium - High (20-40%),Europe & Central Asia,2964300,31.710690550888913,3.4877019526355815,8.102237991887987,22.880096161667094,65.6956882008852,79.99663036,123.41875007762695,5197.235090135753,,1.4562867329399256,1,1,1,0,,801.49,270.38086563438253,5.603523242462821,0.1821,1039.84774,2.9915904,1,1,1,1,1
ATG,Antigua and Barbuda,2016,116,1.57,80.78,156.84,0,1,,0,,0,-9999,-9999,NoData,Latin America & Caribbean,89969,0,0,1.458503753173228,17.764108276374778,24.9239807471655,70.27159882,132.02591790508538,16635.895232831048,577.976858695773,4.7535901911063645,1,0,1,1,,4.29,47.68309084240127,3.885331759168667,,,,0,1,0,0,0
ATG,Antigua and Barbuda,2017,119.06,1.83,92.42,157.62,0,1,,0,,0,-9999,-9999,NoData,Latin America & Caribbean,90468,0,0,1.6609115105535328,18.80452015028559,24.8500263836871,70.54419708,127.6643235821443,16992.932749523585,574.7888756245302,4.779627567725244,1,0,1,1,,5.45,60.24229561834019,4.114838055690119,,,,0,1,0,0,0
ATG,Antigua and Barbuda,2018,126.61,1.91,114.36,162.04,0,1,,0,,0,-9999,-9999,NoData,Latin America & Caribbean,90926,0,0,1.6267919119597514,20.65209880230845,24.7781432093764,70.81790161,130.65515265941914,18042.159643572733,571.8936277852318,4.841111495532162,1,0,1,1,,4.8,52.7901810263291,3.985090941706688,,,,0,1,0,0,0
ATG,Antigua and Barbuda,2019,131.95,2,118.87,168.98,0,1,,0,,0,-9999,-9999,NoData,Latin America & Caribbean,91364,0,0,1.6467120463550726,21.080745954550235,24.708337524045,71.09259796,137.53778363199118,18525.25889071669,569.1519635742743,4.882423062949333,1,0,1,1,,5.32,58.228623965675766,4.081404937968959,,,,0,1,0,0,0
ATG,Antigua and Barbuda,2020,106.47,2.24,93.55,137.01,0,1,,0,,0,-9999,-9999,NoData,Latin America & Caribbean,91846,0,0,2.2789406572878352,21.120999522487683,24.6406156275043,71.36840057,94.289529886499,14950.89423972081,566.1651024541079,4.667863255326515,1,0,1,1,,6.52,70.98839361539969,4.276504906235858,,,,0,1,0,0,0
ATG,Antigua and Barbuda,2021,115.09,2.21,104.79,146.89,0,1,,0,,0,-9999,-9999,NoData,Latin America & Caribbean,92349,0,0,2.0808000480842583,20.483200562215945,24.574983819566,71.64530182,101.07496058477857,16084.721440604813,563.0813544272271,4.745714430980399,1,0,1,1,,6.09,65.94548939349642,4.2038786971042255,,,,0,1,0,0,0
ATG,Antigua and Barbuda,2022,124.87,2.28,111.81,160.04,0,1,,0,,0,-9999,-9999,NoData,Latin America & Caribbean,92840,0,0,1.9656137257913011,19.75824706185022,24.5114484000414,71.9233017,118.30258405611254,17359.267481110808,560.1034037052995,4.827273196127054,1,0,1,1,,6.28,67.64325721671693,4.228922907677318,,,,0,1,0,0,0
ATG,Antigua and Barbuda,2023,128.5,2.32,115.88,164.44,2,0,,0,,0,-9999,-9999,NoData,Latin America & Caribbean,93316,21.4325517596125,3.110513107536684,2.215086025033988,19.214180877956604,24.4500156687422,72.12409973,,17938.31868280469,,4.855928904335275,0,0,0,0,trade_share,13.43,143.91958506579792,4.976179002827897,,,,0,0,0,0,0
AUS,Australia,2016,67.95,0.44,75.03,225.94,2951,0,262,1,105,1,2.906718433,2,Medium - High (20-40%),East Asia & Pacific,24190907,121.98798498956654,4.812086667589467,2.413002323302538,22.313016802638245,87.0166295249235,86.54000092,40.81340221732101,57632.99959255945,20338.220472675952,4.218772140597153,1,1,1,1,,54562.89,2255.512370825947,7.721575701559117,,,2.906718433,1,1,0,0,1
AUS,Australia,2017,68.5,0.39,104.23,346.72,3086,0,300,1,165,1,2.906718433,2,Medium - High (20-40%),East Asia & Pacific,24592588,125.48496319297506,4.8401234330624865,2.7209831965106677,23.44793116989754,87.12809266445,86.5450488476768,42.0354135251854,57991.771347332964,20006.02783245098,4.22683374526818,1,1,1,1,,54671.54,2223.0901440710513,7.707103186955106,1.88102,,2.906718433,1,1,1,0,1
AUS,Australia,2018,68.63,0.33,103.69,399.09,3879,0,492,1,314,1,2.906718433,2,Medium - High (20-40%),East Asia & Pacific,24963258,155.38837118135783,5.052342472286513,2.4719175263084736,24.108335149700178,87.2267680845925,90.0082016,43.57322536452184,58772.7063152213,19708.965872964178,4.2287297569205435,1,1,1,1,,55784.76,2234.6746566493844,7.712298321295549,,,2.906718433,1,1,0,0,1
AUS,Australia,2019,78.38,0.33,112.39,368.54,4794,0,595,1,499,1,2.906718433,2,Medium - High (20-40%),East Asia & Pacific,25334826,189.22569272826266,5.248211223681729,2.1242491119766163,25.255512905428386,87.3019647888406,93.60990143,46.00168270521715,59181.29979041315,19419.90839013459,4.361568792771485,1,1,1,1,,57313.1,2262.225917793949,7.724546471757217,1.82826,,2.906718433,1,1,1,0,1
AUS,Australia,2020,92.37,0.38,106.38,439.71,5801,0,909,1,539,1,2.906718433,2,Medium - High (20-40%),East Asia & Pacific,25649248,226.16647474421083,5.42568311761505,2.0151271539653477,25.402839408227024,87.2713470458985,94.6934967,44.499564103879024,58377.767051780225,19181.84891814372,4.525802250604519,1,1,1,1,,57901.21,2257.423297556326,7.722422192842644,,,2.906718433,1,1,0,0,1
AUS,Australia,2021,79.17,0.44,114.43,393.32,6602,0,1474,1,3582,1,2.906718433,2,Medium - High (20-40%),East Asia & Pacific,25685412,257.0330582978385,5.553087709650653,2.3053787548008797,25.435779520359176,87.2353407632761,96.97219849,40.20223593905949,59465.53567136402,19154.841666545974,4.3715974391833425,1,1,1,1,,60308.46,2347.9654521406937,7.7617302770755305,1.85783,,2.906718433,1,1,1,0,1
AUS,Australia,2022,77.89,0.43,101.52,401.55,6349,0,,1,1182,1,2.906718433,2,Medium - High (20-40%),East Asia & Pacific,26018721,244.01660635048125,5.50132598927007,2.672426999506184,27.401962084845664,87.3343268253813,96.11940002,45.69464188057522,61200.45889647808,18909.46138359376,4.355297574931857,1,1,1,1,,58183.41,2236.2133019528515,7.712986308733821,,,2.906718433,1,1,0,0,1
AUS,Australia,2023,81.84,0.4,114.75,494.56,7727,0,,1,1070,1,2.906718433,2,Medium - High (20-40%),East Asia & Pacific,26659922,289.835806721415,5.6727588698585505,2.5716983189452285,27.51678008609192,87.4866955653765,96.1160965,49.044339318427966,61869.082498575975,,4.404766121643371,1,1,1,0,,54589.08,2047.608391352383,7.624916008134035,,,2.906718433,1,1,0,0,1
AUT,Austria,2016,105.34,1.94,38.88,320.02,902,0,10,1,9,1,0.26150335,0,Low (<10%),Europe & Central Asia,8736668,103.24302125249581,4.646724916016065,1.1492826407726808,25.912469184537386,67.7218061923556,84.3237425711653,101.57349459717217,44362.67028051158,6295.306173932671,4.657193214055243,1,1,1,1,,12789.07,1463.8383878155837,7.289500199881724,3.13356,5400.34772,0.26150335,1,1,1,1,1
AUT,Austria,2017,108.7,1.97,40.45,323.43,931,0,13,1,16,1,0.26150335,0,Low (<10%),Europe & Central Asia,8797566,105.82472470226425,4.671189404435864,1.1999020307668142,25.802321302563787,67.9051196052802,87.9355865856062,105.55606675543766,45056.63859124121,6251.729171454923,4.688591794127164,1,1,1,1,,12859.58,1461.720207611969,7.28805313707892,3.07376,5416.07999,0.26150335,1,1,1,1,1
AUT,Austria,2018,112.81,1.79,42.15,329.36,1058,0,12,1,42,1,0.26150335,0,Low (<10%),Europe & Central Asia,8840521,119.67620460377844,4.793110963711596,1.1091141402141187,25.71909263543327,68.1046787227623,87.4791372262556,108.37796997182795,45951.58191640344,6221.352791311734,4.725704987616829,1,1,1,1,,12801.87,1448.0899937910901,7.278691047908371,3.10828,5682.44087,0.26150335,1,1,1,1,1
AUT,Austria,2019,116.04,1.64,43.34,332.99,1256,0,7,1,146,1,0.26150335,0,Low (<10%),Europe & Central Asia,8879920,141.44271570014143,4.958939923800293,1.0446341365349903,25.536377100649553,68.3176044750522,87.7522047870069,108.20728490442558,46550.56224594918,6193.749493238678,4.753934959253203,1,1,1,1,,13266.8,1494.0224686708889,7.309896514923146,3.14405,5958.85643,0.26150335,1,1,1,1,1
AUT,Austria,2020,109.17,1.58,40.39,314.3,1411,0,19,1,111,1,0.26150335,0,Low (<10%),Europe & Central Asia,8916864,158.23948868122247,5.070409287132377,1.0713811327287088,25.65448678262112,68.5410177924001,87.52942813,99.94821410959752,43428.69831372342,6168.0877940944265,4.6929063002921785,1,1,1,1,,13440.62,1507.3258939465713,7.318755635263635,3.20758,5829.2859,0.26150335,1,1,1,1,1
AUT,Austria,2021,113.84,1.88,42.72,326.09,1667,0,20,1,623,1,0.26150335,0,Low (<10%),Europe & Central Asia,8955797,186.1364209126223,5.231837874478506,1.215238865748799,25.725345657222725,68.773601700253,92.52915104,111.03293212416465,45368.64343373677,6141.273635389457,4.734793953781597,1,1,1,1,,14370.95,1604.6533881909115,7.381286048169298,3.25565,6323.00331,0.26150335,1,1,1,1,1
AUT,Austria,2022,120.12,2.23,43.54,348.22,1859,0,,1,439,1,0.26150335,0,Low (<10%),Europe & Central Asia,9041851,205.59949505914219,5.330782112631933,1.3464959645730148,25.844468387538623,68.998085127906,93.61409139,123.57957865290192,47332.424035797136,6082.825297607757,4.788491243115129,1,1,1,1,,14103.32,1559.7823941137715,7.352942509205412,3.17775,6632.30683,0.26150335,1,1,1,1,1
AUT,Austria,2023,119.36,2.09,42.26,348.81,1953,0,,1,524,1,0.26150335,0,Low (<10%),Europe & Central Asia,9131761,213.86893502797543,5.370028237722234,1.2417617203893359,26.090494864354735,69.2265358276021,95.33467117,115.15291482273196,46497.91146403411,,4.782144136455451,1,1,1,0,,13845.8,1516.2245266822028,7.324637975438233,3.25517,6633.64894,0.26150335,1,1,1,1,1
AZE,Azerbaijan,2016,3.92,0.2,36.91,49.63,34,0,0,1,0,1,2.468350889,2,Medium - High (20-40%),Europe & Central Asia,9757812,3.484387688551491,1.5006019618987179,5.605111774557635,47.557807007672295,55.7574797205266,78.2,90.0773187345677,5272.718171418611,831.6413556645691,1.366091653802371,1,1,1,1,,585.16,59.96836175978795,4.110355069947248,0.20637,,2.468350889,1,1,1,0,1
AZE,Azerbaijan,2017,3.88,0.19,44.3,50.42,24,0,0,1,0,1,2.468350889,2,Medium - High (20-40%),Europe & Central Asia,9854033,2.4355510073895634,1.234177322530446,5.60736901068842,49.7017251037138,56.4331887124691,79,90.4023156823216,5229.252599934125,823.520684373596,1.355835153635182,1,1,1,1,,716.45,72.70627163517719,4.300087892388564,0.18468,,2.468350889,1,1,1,0,1
AZE,Azerbaijan,2018,3.9,0.18,52.66,44.41,52,0,1,1,0,1,2.468350889,2,Medium - High (20-40%),Europe & Central Asia,9939771,5.2315088546808575,1.8296184952382488,5.212380762123558,52.2509114518304,57.1841534654123,79.7999954887896,91.67257653698248,5261.929382344318,816.4171991487531,1.3609765531356006,1,1,1,1,,794.13,79.89419474553287,4.393142063090837,0.18416,,2.468350889,1,1,1,0,1
AZE,Azerbaijan,2019,3.81,0.19,45.02,49.28,47,0,0,1,0,1,2.468350889,2,Medium - High (20-40%),Europe & Central Asia,10024283,4.688614637076787,1.738466745220838,5.6953802496330725,48.82326652518676,58.1308191977779,81.0999990651547,85.81814540845608,5346.9531860411425,809.5342080825133,1.3376291891386096,1,1,1,1,,1038.67,103.61539074664991,4.6502906798762425,0.20013,1715.46385,2.468350889,1,1,1,1,1
AZE,Azerbaijan,2020,3.71,0.21,36.69,51.54,53,0,0,1,0,1,2.468350889,2,Medium - High (20-40%),Europe & Central Asia,10093121,5.2511012203262,1.8327576434799417,6.738947423534096,41.956320157182404,58.2934691761937,84.59999573,72.0178676487811,5087.5002278362745,804.0129509990022,1.3110318766193438,1,1,1,1,,1057.42,104.7664047622138,4.66123293367039,0.2239,1732.37308,2.468350889,1,1,1,1,1
AZE,Azerbaijan,2021,3.76,0.17,42.93,51.43,83,0,0,1,0,1,2.468350889,2,Medium - High (20-40%),Europe & Central Asia,10137750,8.187221030307514,2.2178135000297963,5.725983657213487,48.81817362493992,58.3659969744818,85.99998954,76.28686568701504,5349.582260714248,800.4734778427166,1.324418957401803,1,1,1,1,,1021.54,100.7659490518113,4.622675559477058,0.20836,1743.43016,2.468350889,1,1,1,1,1
AZE,Azerbaijan,2022,3.98,0.15,52.15,45.74,88,0,,1,0,1,2.468350889,2,Medium - High (20-40%),Europe & Central Asia,10141756,8.676998342298907,2.269751764595588,4.6122083081105325,56.14673735768555,58.4382815854684,88,86.98227325417788,5599.585249710247,800.1572903154049,1.3812818192963463,1,1,1,1,,1155.81,113.96547106832386,4.7446318316989275,0.1513,1702.31299,2.468350889,1,1,1,1,1
AZE,Azerbaijan,2023,3.93,0.18,43.46,56.18,127,0,,1,0,1,2.468350889,2,Medium - High (20-40%),Europe & Central Asia,10153958,12.507437986251274,2.6032404956651174,5.510588946173263,45.840845816237355,58.5075350483702,89,83.53588611563214,5668.610213170288,,1.3686394258811698,1,1,1,0,,1544.24,152.08256721172177,5.030977430809627,0.1816,1663.3395,2.468350889,1,1,1,1,1
BDI,Burundi,2016,5.96,0.06,31.64,27.45,0,1,,0,,0,0,0,Low (<10%),Sub-Saharan Africa,11239451,0,0,35.555315834275774,16.906359299066896,15.6180905635494,2.200000048,,258.06197080406275,895.061511456387,1.7850704810772584,0,0,0,0,trade_share,11.17,0.9938207835952131,0.6900527896644907,,,0,1,0,0,0,0
BDI,Burundi,2017,6.13,0.06,32.85,28.09,0,1,,0,,0,0,0,Low (<10%),Sub-Saharan Africa,11506762,0,0,37.40343500432646,16.979094434734602,16.6241273909209,2.6607485347534,,261.7258392872387,874.2685387948409,1.81319474994812,0,0,0,0,trade_share,12.9,1.121079935432748,0.7519253624880136,,,0,1,0,0,0,0
BDI,Burundi,2018,6.71,0.06,36.54,30.59,2,0,,0,,0,0,0,Low (<10%),Sub-Saharan Africa,11859446,0.16864194162189364,0.15584234098011218,35.35390254872057,17.919125380008587,17.6820221982475,4.019499779,,267.5086921726873,848.2689663581251,1.9035989509835904,0,0,0,0,trade_share,19.15,1.6147465910296315,0.9611671869051938,0.21312,22.4816,0,1,0,0,0,0
BDI,Burundi,2019,7.11,0.06,37.07,32.96,11,0,,0,,0,0,0,Low (<10%),Sub-Saharan Africa,12255336,0.8975682102881553,0.6405731770924921,34.24835459981767,17.545087620454623,18.786178154187,6.072199821,,270.4110057108094,820.8669268635311,1.9615022438151495,0,0,0,0,trade_share,30.13,2.4585209250892834,1.240841019376843,,,0,1,0,0,0,0
BDI,Burundi,2020,6.85,0.06,36.6,31.44,2,0,,0,,0,0,0,Low (<10%),Sub-Saharan Africa,12617036,0.1585158352563946,0.14713973355509447,31.105389397977707,15.096000150338654,19.9309984273971,6.430099964,,263.4638763625973,797.334651339665,1.9242486522741338,0,0,0,0,trade_share,37.16,2.9452242190638116,1.3725057889473093,,,0,1,0,0,0,0
BDI,Burundi,2021,6.96,0.06,37.23,31.94,6,0,,0,,0,0,0,Low (<10%),Sub-Saharan Africa,12965481,0.4627672509797361,0.3803300191423779,33.993784619941735,16.13794365409089,21.1108861865354,6.777999878,,264.6826516584216,775.9064241426909,1.9401794743463283,0,0,0,0,trade_share,29.42,2.269102087303973,1.1845153561635997,,,0,1,0,0,0,0
BDI,Burundi,2022,7.16,0.06,38.04,32.94,2,0,,0,,0,0,0,Low (<10%),Sub-Saharan Africa,13321097,0.15013778519892168,0.13988174841458212,35.33120845264195,16.07481316129915,22.3202446002597,7.144800186,,263.5875500491186,755.1930595505761,1.9685099809725544,0,0,0,0,trade_share,33.96,2.5493395926776903,1.2667615559499181,,,0,1,0,0,0,0
BDI,Burundi,2023,7.51,0.06,35.22,36.27,10,0,,0,,0,0,0,Low (<10%),Sub-Saharan Africa,13689450,0.7304895375635982,0.5484043381712571,34.037239925420565,17.368597150071167,23.5534768372276,7.172299862,,264.8433079451201,,2.0162354657760435,0,0,0,0,trade_share,36.26,2.6487550632056074,1.2943860308400674,,,0,1,0,0,0,0
BEL,Belgium,2016,99.78,1.44,23.51,439.91,998,0,3,1,68,1,4.410841962,4,Extremely High (>80%),Europe & Central Asia,11331422,88.07367689598004,4.4894638575615415,0.6731905436846843,19.098105782217583,86.4507790979645,86.5164766644457,159.05769661194523,41172.88628312092,1059.002127005772,4.6029677624328915,1,1,1,1,,16559.77,1461.402637727198,7.287836004395741,2.53291,4798.32663,4.410841962,1,1,1,1,1
BEL,Belgium,2017,95.49,1.57,23.12,431.89,992,0,2,1,293,1,4.410841962,4,Extremely High (>80%),Europe & Central Asia,11375158,87.20757988592335,4.479692899069835,0.7295325831425381,19.154560413092074,86.6731739531869,87.6796808175598,166.90407823779137,41619.328629168966,1054.9304018458467,4.559021529962111,1,1,1,1,,16085.55,1414.0946437842886,7.254951693907199,2.67654,4757.30821,4.410841962,1,1,1,1,1
BEL,Belgium,2018,100.61,1.23,24.18,427.61,1213,0,8,1,107,1,4.410841962,4,Extremely High (>80%),Europe & Central Asia,11427054,106.15159427793026,4.6742446007443155,0.6646255711200939,18.964125148696887,86.8883449485575,88.6473429951691,168.27769287721785,42208.362565027215,1050.1394322631188,4.611251656303959,1,1,1,1,,16199.65,1417.657604488436,7.257466354519366,2.86365,5040.00069,4.410841962,1,1,1,1,1
BEL,Belgium,2019,104.69,1.35,25.58,425.92,1286,0,2,1,344,1,4.410841962,4,Extremely High (>80%),Europe & Central Asia,11488980,111.93334830420108,4.726797806673545,0.7187895835371281,19.241710569869447,87.0961631189222,90.275428012141,165.46547893198988,43006.40423088634,1044.479144362685,4.651003602331263,1,1,1,1,,16216.59,1411.490837306706,7.253109976137047,3.15154,5290.87935,4.410841962,1,1,1,1,1
BEL,Belgium,2020,103.54,1.36,21.69,400.13,1556,0,7,1,402,1,4.410841962,4,Extremely High (>80%),Europe & Central Asia,11538604,134.8516683647346,4.911563616729848,0.7128180236415714,19.08117051632676,87.2964994991269,91.52641629,156.9501212827835,40769.021807296216,1039.9871596252026,4.639958011473755,1,1,1,1,,16602.95,1438.9045676582714,7.272332117914396,3.36823,5418.91258,4.410841962,1,1,1,1,1
BEL,Belgium,2021,104.23,1.62,18.89,426.5,1729,0,9,1,1275,1,4.410841962,4,Extremely High (>80%),Europe & Central Asia,11586195,149.22931989320048,5.012162925960314,0.6548993848795132,17.996522853994648,87.4305564090635,92.78867618,177.3819122010753,43140.96766529711,1035.7153491720103,4.646599995751231,1,1,1,1,,17845.94,1540.2761648668954,7.340366030728225,3.40589,5770.89032,4.410841962,1,1,1,1,1
BEL,Belgium,2022,94.68,1.8,21.43,509.68,1882,0,,1,1097,1,4.410841962,4,Extremely High (>80%),Europe & Central Asia,11680210,161.12724000681493,5.08838145908281,0.670989189183415,19.98904354842328,87.489200269855,94.00783071,191.05341813159205,44516.00216080103,1027.3787885663014,4.550502784645783,1,1,1,1,,17124.05,1466.0738120290644,7.291025091825465,3.19592,5818.71223,4.410841962,1,1,1,1,1
BEL,Belgium,2023,96.03,2.01,20.6,523.25,1954,0,,1,1092,1,4.410841962,4,Extremely High (>80%),Europe & Central Asia,11779946,165.875123706,5.117245770463603,0.7752217476799257,19.483008275090903,87.551492636772,94.62625074,165.98744073644238,44828.22745212442,,4.564660642649882,1,1,1,0,,16816.32,1427.5379530602263,7.264406789788474,3.27235,5990.12849,4.410841962,1,1,1,1,1
BEN,Benin,2016,31.6,0.55,58.61,38.42,11,0,,0,,0,0.003432064,0,Low (<10%),Sub-Saharan Africa,11697842,0.9403443814679665,0.6628654735416982,27.753635498049317,15.702068311818456,46.6094559006664,14.5,58.98692833782759,1006.0392663302298,880.5042844654596,3.4531571205928664,1,1,1,1,,168.22,14.38043016823103,2.7330959330121782,,,0.003432064,1,1,0,0,1
BEN,Benin,2017,33.9,0.6,59.51,42.16,7,0,,0,,0,0.003432064,0,Low (<10%),Sub-Saharan Africa,12039780,0.5814059725343819,0.4583143073861323,28.489016527326427,15.10758585075008,47.2942774880391,18.7,61.47659695884744,1032.9047119418244,855.4973595863048,3.5234150143864045,1,1,1,1,,201.06,16.699640691108975,2.873544339436391,,,0.003432064,1,1,0,0,1
BEN,Benin,2018,36.13,0.63,61.64,45.3,12,0,,0,,0,0.003432064,0,Low (<10%),Sub-Saharan Africa,12383347,0.9690433450665641,0.67754781316104,28.064773912707718,14.641956750916338,47.9952829275963,19,61.79519449034482,1071.5045215693176,831.7622045154675,3.587123545159549,1,1,1,1,,218.84,17.672120469530572,2.927031527404844,,,0.003432064,1,1,0,0,1
BEN,Benin,2019,39.15,0.64,73.71,47.67,11,0,,0,,0,0.003432064,0,Low (<10%),Sub-Saharan Africa,12726755,0.8643208736241091,0.6228968439507836,26.875801625833695,16.312561201590185,48.7125500590248,20.50099945,63.68133231422999,1114.1730452644254,809.318636211666,3.667400422436812,1,1,1,1,,314.3,24.69600459818705,3.2463355167099706,,,0.003432064,1,1,0,0,1
BEN,Benin,2020,40.56,0.68,76.08,49.45,20,0,,0,,0,0.003432064,0,Low (<10%),Sub-Saharan Africa,13070169,1.5302020960861333,0.9282991794251435,27.109175036111786,16.290549052865828,49.4461567219896,22.12059975,44.83323337687261,1126.654041221538,788.0540794843587,3.702782359282928,1,1,1,1,,351.4,26.88565082823336,3.328112249294212,,,0.003432064,1,1,0,0,1
BEN,Benin,2021,42.24,0.76,82.26,50.83,11,0,,0,,0,0.003432064,0,Low (<10%),Sub-Saharan Africa,13413417,0.820074407587567,0.598877383542877,28.528950609859237,16.467400377576084,50.1961807561354,28.20470047,48.05486083244088,1176.3772763727318,767.8878543774492,3.743367639398006,1,1,1,1,,402.31,29.99310317423219,3.4337647014826143,,,0.003432064,1,1,0,0,1
BEN,Benin,2022,45.98,0.76,90.29,55.22,30,0,,0,,0,0.003432064,0,Low (<10%),Sub-Saharan Africa,13759501,2.180311626126558,1.156979187628109,26.896678796812385,17.017826707817036,50.9627000010887,30.53730011,44.38159288774241,1218.496689290907,748.5736583034517,3.8282065193350356,1,1,1,1,,441.45,32.083285578452305,3.4990281874256737,,,0.003432064,1,1,0,0,1
BEN,Benin,2023,49.74,0.77,97.68,59.75,32,0,,0,,0,0.003432064,0,Low (<10%),Sub-Saharan Africa,14111034,2.267728927589573,1.184095226063412,25.40197236675632,17.302197756160503,51.7457922964593,32.39400101,44.663130818021095,1263.621583363682,,3.9068094383752587,1,1,1,0,,437.17,30.980720477322922,3.4651332361489984,,,0.003432064,1,1,0,0,1
BFA,Burkina Faso,2016,10.55,0.05,138.28,14.94,2,0,,0,0,1,1.646041049,1,Low - Medium (10-20%),Sub-Saharan Africa,19334856,0.10344012906018023,0.09843268974678615,21.714717829021303,24.88151736664877,25.821510372001,7.140999794,57.893172799440585,648.4204801760125,646.5008066261264,2.3561258599220753,1,1,1,1,,200.72,10.381251352479687,2.4319673833277937,,,1.646041049,1,1,0,0,1
BFA,Burkina Faso,2017,11.27,0.05,149.36,15.87,2,0,,0,0,1,1.646041049,1,Low - Medium (10-20%),Sub-Saharan Africa,19894407,0.10053076726539273,0.09579257912687124,20.585587218828174,25.140237220006252,25.9769918665632,7.790400028,59.2687802020168,669.2763103283327,628.3172954087046,2.422144328051685,1,1,1,1,,201.85,10.14606768625976,2.4110867618240217,0.61361,,1.646041049,1,1,1,0,1
BFA,Burkina Faso,2018,12.02,0.05,161.8,16.78,5,0,,0,0,1,1.646041049,1,Low - Medium (10-20%),Sub-Saharan Africa,20438288,0.24463888560529143,0.21884543612087679,20.997473284009065,25.589443378097254,26.0832202154822,8.498900414,60.59562562364882,694.4928131263506,611.5972140132285,2.4865719291070616,1,1,1,1,,247.05,12.087607337757449,2.57166577771087,,,1.646041049,1,1,0,0,1
BFA,Burkina Faso,2019,13.39,0.05,184.5,18.45,4,0,,0,0,1,1.646041049,1,Low - Medium (10-20%),Sub-Saharan Africa,20961952,0.19082192345445692,0.17464376068404464,18.220524552442075,27.42591338124586,26.1187254401157,9.27180600953186,60.408692875322615,717.021595096634,596.3185107951779,2.5945081597030812,1,1,1,1,,292.13,13.936202124687625,2.7037879388666304,0.17435,,1.646041049,1,1,1,0,1
BFA,Burkina Faso,2020,13.97,0.05,201.88,18.72,10,0,,0,0,1,1.646041049,1,Low - Medium (10-20%),Sub-Saharan Africa,21478690,0.4655777424042155,0.38224952814406365,17.915163567756192,29.469476784037678,26.3578373628627,12.97319984,60.73977864032392,713.8421779223995,581.9721780052694,2.6369121732688705,1,1,1,1,,314.28,14.632177288279683,2.7493314366050807,0.25116,,1.646041049,1,1,1,0,1
BFA,Burkina Faso,2021,14.84,0.05,209.31,20.16,13,0,,0,0,1,1.646041049,1,Low - Medium (10-20%),Sub-Saharan Africa,21995243,0.5910368892037247,0.46438593526141453,17.29021575384487,28.53062430085676,26.8114307743017,18.1522007,62.42035866077954,745.4725634351441,568.3047011574275,2.6973262377392344,1,1,1,1,,357.04,16.232600840099835,2.8468029874999847,0.25057,,1.646041049,1,1,1,0,1
BFA,Burkina Faso,2022,14.56,0.06,214.78,19.23,17,0,,0,0,1,1.646041049,1,Low - Medium (10-20%),Sub-Saharan Africa,22509038,0.7552521791468831,0.562612538416734,20.629758544170794,26.043961448581072,27.2791369742712,25.3987999,67.52029013316555,740.3063199302587,555.3324846668258,2.67827804276854,1,1,1,1,,451.82,20.07282585777322,3.047984336420347,,,1.646041049,1,1,0,0,1
BFA,Burkina Faso,2023,15.29,0.05,226.09,20.19,20,0,,0,0,1,1.646041049,1,Low - Medium (10-20%),Sub-Saharan Africa,23025776,0.868591790348347,0.6251850938897828,19.01084501548036,25.757413780510735,27.7872478365158,25.36120033,63.153043587396354,745.4053346184086,,2.727199019940971,1,1,1,0,,519.72,22.571226263992145,3.160026742068708,0.09845,,1.646041049,1,1,1,0,1
BGD,Bangladesh,2016,6.45,0.83,96.52,36.38,305,0,,0,0,1,2.660561137,2,Medium - High (20-40%),South Asia,160811932,1.8966254319984166,1.0635464152944345,13.464792317603862,31.069151383035848,29.8753915517965,16.89909935,31.3341501346142,1299.8309136079226,652.9366241306025,1.864080130807681,1,1,1,1,,2552.39,15.871894381568652,2.825649183173988,,,2.660561137,1,1,0,0,1
BGD,Bangladesh,2017,6.88,0.85,103.26,38.96,464,0,,0,0,1,2.660561137,2,Medium - High (20-40%),South Asia,162186147,2.86091018612089,1.3509029551935876,12.95727604337327,31.24829196416033,30.2015798381799,21.5,29.99973067243435,1373.753637401862,647.4042447040806,1.9286186519452522,1,1,1,1,,3423.67,21.109509433009713,3.0960078070614574,,,2.660561137,1,1,0,0,1
BGD,Bangladesh,2018,7.37,0.88,113.63,41.4,651,0,,0,0,1,2.660561137,2,Medium - High (20-40%),South Asia,163523103,3.981088837336948,1.605648509173407,12.480077185619647,31.982813589976626,30.5175656009959,25.56509972,32.51463172408839,1462.2505025571324,642.1111027962819,1.9974177062012453,1,1,1,1,,3212.8,19.647376676799,3.0275882738939544,,,2.660561137,1,1,0,0,1
BGD,Bangladesh,2019,7.99,0.91,125.85,44.68,1098,0,,0,0,1,2.660561137,2,Medium - High (20-40%),South Asia,164913055,6.658053845403567,2.035757884292275,11.97532313589843,32.852549197786765,30.8228396343012,30.38310051,31.578054491240426,1564.2080244563588,636.6991382216527,2.0781907597781832,1,1,1,1,,4640.6,28.13967638887049,3.372100695313166,,,2.660561137,1,1,0,0,1
BGD,Bangladesh,2020,8.33,0.95,129.99,46.9,1313,0,,0,2,1,2.660561137,2,Medium - High (20-40%),South Asia,166298024,7.895463628599701,2.185541442142802,11.999686860248516,32.91156508244489,31.1168927321524,36.10910034,26.27144737621502,1604.6659234742021,631.3965582657795,2.1198634561787513,1,1,1,1,,5084.6,30.5752280015065,3.4523728891608085,,,2.660561137,1,1,0,0,1
BGD,Bangladesh,2021,8.9,0.98,141.39,49.83,1967,0,,0,3,1,2.660561137,2,Medium - High (20-40%),South Asia,167658854,11.732157014505182,2.5441308416172244,11.632858427128234,33.31609438690008,31.3992156886061,38.91744466,27.72400470366311,1702.080284141892,626.2717267529456,2.186051276738094,1,1,1,1,,7463.57,44.51640830134745,3.818072882956053,,,2.660561137,1,1,0,0,1
BGD,Bangladesh,2022,9.53,1.01,154.25,53.11,1877,0,,0,10,1,2.660561137,2,Medium - High (20-40%),South Asia,169384897,11.081271313108866,2.4916564281206037,11.21760103515951,33.92008049718756,31.673734726234,41.61650085,33.77996727057349,1804.3493461776036,619.8899775580346,2.254444717666111,1,1,1,1,,7255.24,42.832862483601474,3.780383821073038,,,2.660561137,1,1,0,0,1
BGD,Bangladesh,2023,10.14,1.05,166.72,56.22,2558,0,,0,7,1,2.660561137,2,Medium - High (20-40%),South Asia,171466990,14.91832334608545,2.76747085741302,11.003690020959768,34.59427216060632,32.1578465036834,44.50274195,30.982971410459648,1885.3773361354513,,2.316487998163037,1,1,1,0,,8259.38,48.168921609926194,3.895261749312814,,,2.660561137,1,1,0,0,1
BGR,Bulgaria,2016,7.56,0.1,2.65,36.47,137,0,0,1,0,1,1.45732336,1,Low - Medium (10-20%),Europe & Central Asia,6894139,19.871952103083505,3.038406253038938,4.054899601635991,24.459773374265907,73.1750030517578,59.825547661014,122.80551907112725,7586.8917466811645,3046.0656508376173,2.0228711901914416,1,1,1,1,,2415.05,350.3048023835899,5.861654229498838,0.77009,2236.855,1.45732336,1,1,1,1,1
BGR,Bulgaria,2017,7.8,0.12,2.67,37.08,155,0,3,1,3,1,1.45732336,1,Low - Medium (10-20%),Europe & Central Asia,6803468,22.782498572786704,3.168949956087402,4.0431770341140005,23.989293835088674,73.3904571533203,63.4101013837926,129.6344337740376,7899.110565898705,3086.6610969581984,2.0541237336955462,1,1,1,1,,2885.62,424.13957117164364,6.052417517768843,0.74037,2125.46017,1.45732336,1,1,1,1,1
BGR,Bulgaria,2018,8.47,0.11,2.66,41.22,216,0,4,1,13,1,1.45732336,1,Low - Medium (10-20%),Europe & Central Asia,6710798,32.18693216514638,3.502156188954354,3.4046150323607125,22.238960805750114,73.600212097168,64.78201069118,129.16650223124432,8194.79296320014,3129.2850716114535,2.136530508663963,1,1,1,1,,3244.55,483.48199424271155,6.183080267054503,0.75505,2343.48736,1.45732336,1,1,1,1,1
BGR,Bulgaria,2019,8.78,0.13,2.77,42.8,269,0,3,1,3,1,1.45732336,1,Low - Medium (10-20%),Europe & Central Asia,6616726,40.65454727912264,3.7294105410236185,3.20205655345515,21.562453845875037,73.7162322998047,67.9469809417603,125.26041507508643,8626.575026574197,3173.775066399908,2.172476407647025,1,1,1,1,,4258.38,643.5781079645734,6.468596006602582,0.83576,2420.08954,1.45732336,1,1,1,1,1
BGR,Bulgaria,2020,9.31,0.13,2.95,42.85,279,0,12,1,1,1,1.45732336,1,Low - Medium (10-20%),Europe & Central Asia,6550696,42.59089415842225,3.774848278965407,3.4360002660391658,21.843325499921963,73.3239898681641,70.16248359,110.42390308233274,8440.514169645556,3205.766226978019,2.231089091288976,1,1,1,1,,4475.96,683.2800667287873,6.528367288100874,0.84549,2401.16918,1.45732336,1,1,1,1,1
BGR,Bulgaria,2021,9.54,0.16,2.61,48.13,338,0,4,1,18,1,1.45732336,1,Low - Medium (10-20%),Europe & Central Asia,6507301,51.941657532055146,3.969190505943408,4.328947728610963,20.7501959907094,73.346765618041,75.27144583,121.21409101260355,9161.945417593472,3227.1444028791657,2.255493485460195,1,1,1,1,,4748.48,729.7157454373172,6.594024526994346,0.76933,2346.69591,1.45732336,1,1,1,1,1
BGR,Bulgaria,2022,9.74,0.14,2.78,50.25,351,0,,1,4,1,1.45732336,1,Low - Medium (10-20%),Europe & Central Asia,6465097,54.29152880459488,4.012619710620398,3.7113640947999036,25.303720086397263,73.4799164005224,79.12686326,138.84487277026705,9598.358285715794,3248.2111250612325,2.2762411176544437,1,1,1,1,,4858.97,751.5695433494657,6.623493408764148,0.75174,2557.19806,1.45732336,1,1,1,1,1
BGR,Bulgaria,2023,10.27,0.09,3.21,50.59,451,0,,1,21,1,1.45732336,1,Low - Medium (10-20%),Europe & Central Asia,6446596,69.95940183005108,4.262107908287822,2.5224473168006813,22.70298855840479,73.7322671584613,80.38956462,119.8995058519162,9787.76510584614,,2.329227023940467,1,1,1,0,,4998.4,775.3549315018345,6.654609801570119,0.79224,2400.56923,1.45732336,1,1,1,1,1
BHR,Bahrain,2016,73.37,0.69,867.62,70.9,18,0,,0,0,1,5,4,Extremely High (>80%),Middle East & North Africa,1423726,12.642882127600396,2.613217929772132,0.31599668462494823,38.20333986361752,100,97.9999807024146,132.82299790277412,23715.279132871165,2.8095293616889765,4.295515132725903,1,1,1,1,,229.6,161.26698536094727,5.089243036459032,,,5,1,1,0,0,1
BHR,Bahrain,2017,76.45,0.63,950.52,71.55,15,0,,0,0,1,5,4,Extremely High (>80%),Middle East & North Africa,1501116,9.992565531244754,2.397219183505571,0.2770746464546097,39.99346629961663,100,95.8781357543453,136.42923981039402,23606.886750131347,2.664684141665268,4.336636932375072,1,1,1,1,,254.44,169.50055825132767,5.138738570919546,,,5,1,1,0,0,1
BHR,Bahrain,2018,77.95,0.63,1010.35,70.85,34,0,,0,0,1,5,4,Extremely High (>80%),Middle East & North Africa,1503091,22.620054274824344,3.162096108599952,0.2751123168046373,41.47588717504752,100,98.6446725799886,144.07537257453507,24059.783864156212,2.661182855861688,4.356067595503785,1,1,1,1,,319.24,212.3890037263213,5.363116808609914,,,5,1,1,0,0,1
BHR,Bahrain,2019,78.22,0.63,1011.86,71.18,35,0,,0,0,1,5,4,Extremely High (>80%),Middle East & North Africa,1483756,23.588784139710302,3.2022904096908915,0.2686743819042609,40.61776696475539,100,99.7015043807778,135.41754339821145,24873.664006013405,2.6958610445383204,4.359525369327368,1,1,1,1,,448.78,302.4621298919768,5.715256824763483,,,5,1,1,0,0,1
BHR,Bahrain,2020,74.43,0.67,906.16,70.61,62,0,,0,0,1,5,4,Extremely High (>80%),Middle East & North Africa,1472204,42.11372880388859,3.763841480121517,0.30315511374810294,39.10010797813721,100,99.67103159,135.4609850129314,23586.930958151588,2.7170147615411997,4.309859086371819,1,1,1,1,,563.68,382.8817201963858,5.950334484817812,,,5,1,1,0,0,1
BHR,Bahrain,2021,76.46,0.61,1057.14,66.12,110,0,,0,195,1,5,4,Extremely High (>80%),Middle East & North Africa,1504365,73.12055252548417,4.305692855861638,0.26862604129221823,44.21643248988013,100,100,153.79931648510802,24086.784780342812,2.658929182744879,4.336767728268267,1,1,1,1,,665.36,442.2862802577832,6.094215792158118,,,5,1,1,0,0,1
BHR,Bahrain,2022,79.42,0.6,1178.26,64.59,165,0,,0,0,1,5,4,Extremely High (>80%),Middle East & North Africa,1524693,108.2185069387739,4.693350526412422,0.24616046914750622,46.38962737029633,100,100,167.14124115253477,25234.402561820025,2.6234789560914886,4.374750225703106,1,1,1,1,,613.67,402.4875827461659,6.000145713373197,,,5,1,1,0,0,1
BHR,Bahrain,2023,82.54,0.67,1101.22,73.4,193,0,,0,0,1,5,4,Extremely High (>80%),Middle East & North Africa,1577059,122.37969536967229,4.815266554737046,0.2514928067184507,43.43812776041855,100,100,157.44785468229745,25342.622664157167,,4.413283024324436,1,1,1,0,,718.3,455.468057948371,6.123518725951343,,,5,1,1,0,0,1
BHS,Bahamas,2016,,,,301.87,0,1,,0,,0,-9999,-9999,NoData,Latin America & Caribbean,388055,0,0,0.8770379348365864,13.184186383186457,82.1784378570728,80,67.21292158001498,30152.161924602093,1803.8680084008708,#NUM!,0,0,0,0,wue_total,13.86,35.71658656633724,3.603228602998305,,,,0,0,0,0,0
BHS,Bahamas,2017,,,,301.3,0,1,,0,,0,-9999,-9999,NoData,Latin America & Caribbean,390485,0,0,0.7704729691730471,12.925306702873806,82.0814018736052,80.59999847,68.33428403859597,30974.747726131685,1792.6424830659307,#NUM!,0,0,0,0,wue_total,20.78,53.215872568728635,3.9929737173944373,,,,0,0,0,0,0
BHS,Bahamas,2018,,,,309.69,1,0,,0,,0,-9999,-9999,NoData,Latin America & Caribbean,392717,2.5463629025481453,1.2659225437996298,0.677109335996006,12.262075636545182,81.9643158212241,83,72.15426859710435,31537.242384195608,1782.4540317837016,#NUM!,0,0,0,0,wue_total,20.64,52.55693030859372,3.9807452060474593,,,,0,0,0,0,0
BHS,Bahamas,2019,,,,301.48,2,0,,0,,0,-9999,-9999,NoData,Latin America & Caribbean,394675,5.067460568822449,1.8029401598455368,0.53475935828877,12.989380131053702,81.8257463283204,90.69329834,68.78662348422083,31117.629913239103,1773.611199087857,#NUM!,0,0,0,0,wue_total,17.91,45.37910939380503,3.836849129267102,,,,0,0,0,0,0
BHS,Bahamas,2020,,,,248.33,0,1,,0,,0,-9999,-9999,NoData,Latin America & Caribbean,395863,0,0,0.7758221398795738,12.116913694611704,81.6642600232849,92.4437027,53.42075806700633,24791.67049451056,1768.2885240600915,#NUM!,0,0,0,0,wue_total,21.42,54.109628836238805,4.009324452910366,,,,0,0,0,0,0
BHS,Bahamas,2021,,,,293.75,3,0,,0,,0,-9999,-9999,NoData,Latin America & Caribbean,396373,7.568628539279921,2.148107689381041,0.4544321674835923,11.850128769626982,81.4784235345083,92.34980011,65.9325413308964,29114.059772638564,1766.0133258319815,#NUM!,0,0,0,0,wue_total,22.93,57.84955080189619,4.074984200744209,,,,0,0,0,0,0
BHS,Bahamas,2022,,,,329.73,3,0,,0,,0,-9999,-9999,NoData,Latin America & Caribbean,397538,7.546448389839462,2.145515803647864,0.41448390996488405,9.50434632433366,81.3200717047725,92.2559967,75.98296010592367,32186.457503923662,1760.8379576292077,#NUM!,0,0,0,0,wue_total,17.7,44.52404550005282,3.8182406588931097,,,,0,0,0,0,0
BHS,Bahamas,2023,,,,335.1,2,0,,0,,0,-9999,-9999,NoData,Latin America & Caribbean,399440,5.007009813739235,1.7929270895838922,0.45444723108052354,9.777163699226655,81.3213799173676,92.38729858,76.54947515928572,33009.64561512101,,#NUM!,0,0,0,0,wue_total,14.98,37.50250350490687,3.6507232652811106,,,,0,0,0,0,0
BIH,Bosnia and Herzegovina,2016,,,44.38,28.18,63,0,,0,0,1,0.395887518,0,Low (<10%),Europe & Central Asia,3473003,18.13992098480767,2.9517762577408253,6.165590621072147,22.344351062461524,48.0248845752382,60.2565354318987,88.24403400227379,4876.5347149563295,10221.701507312258,#NUM!,0,0,0,0,wue_total,573.87,165.23740405637426,5.113416911591205,0.21337,406.85468,0.395887518,1,0,0,0,0
BIH,Bosnia and Herzegovina,2017,,,44.86,28.67,82,0,,0,0,1,0.395887518,0,Low (<10%),Europe & Central Asia,3428682,23.915895379040695,3.21550596843625,5.431048795671501,23.121074782311275,48.4918401819106,64.8920205128383,96.64588035668615,5099.81602856447,10353.832755560301,#NUM!,0,0,0,0,wue_total,715.6,208.70993577123804,5.345725317668784,0.1978,471.50932,0.395887518,1,0,0,0,0
BIH,Bosnia and Herzegovina,2018,,,42.47,33.6,103,0,,0,0,1,0.395887518,0,Low (<10%),Europe & Central Asia,3387000,30.410392677886037,3.4471388151561424,5.718782507229314,23.71135643166637,48.971927825824,70.1201350394885,98.43206941826314,5360.252010176329,10481.251845290817,#NUM!,0,0,0,0,wue_total,730.43,215.6569235311485,5.378315104892692,0.19199,459.76526,0.395887518,1,0,0,0,0
BIH,Bosnia and Herzegovina,2019,,,70.94,35.68,117,0,,0,0,1,0.395887518,0,Low (<10%),Europe & Central Asia,3345533,34.972005955403816,3.5827410236089055,5.450041561408756,23.20379232576092,49.4650440037758,69.9463476317266,94.51612515424601,5583.297212764579,10611.164200143892,#NUM!,0,0,0,0,wue_total,858.75,256.6855565316498,5.551740068480491,0.19001,451.01282,0.395887518,1,0,0,0,0
BIH,Bosnia and Herzegovina,2020,,,53.08,34.92,106,0,,0,0,1,0.395887518,0,Low (<10%),Europe & Central Asia,3299349,32.12755001062331,3.5003652627962456,5.914439089888908,23.77756601669217,49.9710852122997,73.21175294,82.52164679940071,5490.753666351392,10759.698352614409,#NUM!,0,0,0,0,wue_total,1007.25,305.2874976245314,5.724524195586581,0.20325,446.11618,0.395887518,1,0,0,0,0
BIH,Bosnia and Herzegovina,2021,,,64.25,36.48,118,0,,0,0,1,0.395887518,0,Low (<10%),Europe & Central Asia,3244907,36.36467855627295,3.6207258345424376,5.019318417548094,24.799381222880104,50.4899479477034,75.67620138,96.73911444087437,5995.541975904936,10940.221091082116,#NUM!,0,0,0,0,wue_total,1091.63,336.41333942698515,5.8213087052728,0.19035,445.69281,0.395887518,1,0,0,0,0
BIH,Bosnia and Herzegovina,2022,,,78.56,37.52,117,0,,0,0,1,0.395887518,0,Low (<10%),Europe & Central Asia,3204802,36.50771560926385,3.6245466613931923,4.826249270626831,24.663248259927926,51.0215287060993,78.8455371,110.20528371975078,6327.162068491737,11077.127385716809,#NUM!,0,0,0,0,wue_total,1029.2,321.1430846585842,5.774995809138462,0.18743,540.14789,0.395887518,1,0,0,0,0
BIH,Bosnia and Herzegovina,2023,,,82.86,37.98,140,0,,0,0,1,0.395887518,0,Low (<10%),Europe & Central Asia,3185073,43.95503650936729,3.805662801567811,4.653222306283523,23.721885700131004,51.5657239834305,83.3771539,99.63303179544421,6493.324005144626,,#NUM!,0,0,0,0,wue_total,1082.64,339.9105766178672,5.831620204235667,0.18853,669.76765,0.395887518,1,0,0,0,0
BLR,Belarus,2016,30.16,0.06,31.81,51.58,76,0,,0,0,1,1.180970816,1,Low - Medium (10-20%),Europe & Central Asia,9469379,8.025869489435369,2.20009484189803,6.895280624335169,30.958409251282266,76.8458709716797,71.1130457603832,125.20932289966194,5811.201591825471,3590.5205610631915,3.4065165431397553,1,1,1,1,,982.57,103.76287610834882,4.65169947352333,0.50063,,1.180970816,1,1,1,0,1
BLR,Belarus,2017,32.03,0.07,35.14,55.73,55,0,,0,8,1,1.180970816,1,Low - Medium (10-20%),Europe & Central Asia,9458989,5.814574898015,1.919063685802358,7.565802538482924,31.55448508816226,77.0208206176758,74.4364454136036,133.36775472301184,5964.896688345611,3594.464482409272,3.466672963621067,1,1,1,1,,1055.64,111.6017790061919,4.723857514925292,0.58411,,1.180970816,1,1,1,0,1
BLR,Belarus,2018,33.14,0.09,36.03,56.53,56,0,,0,0,1,1.180970816,1,Low - Medium (10-20%),Europe & Central Asia,9438785,5.932967007935873,1.9362878612494596,6.590107725901878,31.265609709637943,77.2132720947266,79.1298866919307,139.39373625017066,6165.913200192767,3602.1585405324945,3.500741011998417,1,1,1,1,,1191.32,126.21539742668149,4.845881692532087,0.60443,,1.180970816,1,1,1,0,1
BLR,Belarus,2019,34.9,0.07,37.87,55.66,99,0,,0,0,1,1.180970816,1,Low - Medium (10-20%),Europe & Central Asia,9419758,10.509824137732625,2.44320094353215,6.794668827992735,31.737128716913045,77.4550771852757,82.7891520910901,130.8504061021835,6267.735087435055,3609.4345523526185,3.5524868292083815,1,1,1,1,,1613.3,171.26766950913176,5.149049485237276,0.57733,,1.180970816,1,1,1,0,1
BLR,Belarus,2020,35.51,0.07,39.69,56.13,94,0,,0,2,1,1.180970816,1,Low - Medium (10-20%),Europe & Central Asia,9379952,10.021373243701033,2.399836409727092,7.077239768956618,31.351555695668203,77.7890385790408,85.08791245,118.93417614653407,6251.9889896864515,3624.7520243173954,3.5698143469549963,1,1,1,1,,1550.1,165.2567092027763,5.1135330348286026,0.53901,1473.37761,1.180970816,1,1,1,1,1
BLR,Belarus,2021,34.13,0.07,39.94,52.47,97,0,,0,0,1,1.180970816,1,Low - Medium (10-20%),Europe & Central Asia,9302585,10.427209211203122,2.43599728449467,6.70661864890688,32.14429072982095,78.131086803694,86.88841196,136.01416787747556,6457.730537063426,3654.8980740299603,3.530176762918616,1,1,1,1,,1600.37,172.03497737456846,5.15349375541777,0.45981,1439.1965,1.180970816,1,1,1,1,1
BLR,Belarus,2022,32.95,0.08,39.36,49.39,103,0,,0,0,1,1.180970816,1,Low - Medium (10-20%),Europe & Central Asia,9228071,11.161595960845988,2.4982831147060134,8.04181871674039,33.029095545083386,78.4732787892908,89.50733148,120.02420757609387,6206.61909685419,3684.4103171724623,3.4949912609485163,1,1,1,1,,1563.85,169.46661983853397,5.138539499483429,0.47477,1434.19007,1.180970816,1,1,1,1,1
BLR,Belarus,2023,33.38,0.07,38.25,48.87,107,0,,0,0,1,1.180970816,1,Low - Medium (10-20%),Europe & Central Asia,9178298,11.657934837156082,2.53828427838253,7.2485995714986995,31.69505755405585,78.8146420666327,91.51249979,131.58467488496072,6497.78450683592,,3.507956918233689,1,1,1,0,,1429.41,155.73802463158202,5.054575778709919,0.57348,1504.35265,1.180970816,1,1,1,1,1
BLZ,Belize,2016,17.03,0.15,13.39,125.1,0,1,,0,0,1,0.068201146,0,Low (<10%),Latin America & Caribbean,364705,0,0,7.703485831284665,15.443719214855282,43.6765514309211,44.57569885,96.49983583042179,6012.212969836682,41842.036714604954,2.834976494674597,1,1,1,1,,5.88,16.122619651499157,2.8404003760345047,,,0.068201146,1,1,0,0,1
BLZ,Belize,2017,16.59,0.16,11.95,123.81,0,1,,0,0,1,0.068201146,0,Low (<10%),Latin America & Caribbean,373202,0,0,8.561662900716264,14.090859193833968,43.4211086747287,48.8771019,97.7072571800462,5767.619219637624,40889.38430126312,2.808800104202353,1,1,1,1,,11.55,30.948387200497322,3.4641217006917695,,,0.068201146,1,1,0,0,1
BLZ,Belize,2018,16.94,0.14,12.12,126.7,0,1,,0,0,1,0.068201146,0,Low (<10%),Latin America & Caribbean,380226,0,0,7.164568517102156,13.667235796885802,43.164848281502,53.59360123,100.98921436297468,5707.61059954436,40134.025553223604,2.8296776892239084,1,1,1,1,,9.74,25.616343963853076,3.2815254618312393,,,0.068201146,1,1,0,0,1
BLZ,Belize,2019,17.79,0.13,13.04,132.57,1,0,,0,10,1,0.068201146,0,Low (<10%),Latin America & Caribbean,385829,2.591821765600823,1.278659529387252,6.5560913222365045,14.049746222247858,42.9077622153323,58.76520157,102.44185690767739,5864.146118271087,39551.20014306856,2.8786365016777435,1,1,1,1,,9.51,24.648224990863827,3.2444743680863564,,,0.068201146,1,1,0,0,1
BLZ,Belize,2020,15.23,0.14,11.59,112.48,3,0,,0,0,1,0.068201146,0,Low (<10%),Latin America & Caribbean,390812,7.676325189605231,2.1605980737750343,8.357169784796897,16.227528893637945,42.649842440311,64.43589783,81.6431433128545,5006.484532769355,39046.907464458614,2.7232671669070703,1,1,1,1,,16.66,42.629192552941056,3.7757264802702735,,,0.068201146,1,1,0,0,1
BLZ,Belize,2021,18.01,0.16,15.78,129.27,0,1,,0,0,1,0.068201146,0,Low (<10%),Latin America & Caribbean,395346,0,0,7.8955038512315445,16.935830993599723,42.3910809205294,70.65370178,98.98243694299971,5839.401579560165,38599.10053472149,2.8909271591878647,1,1,1,1,,11.93,30.176098910827477,3.439651740690712,,,0.068201146,1,1,0,0,1
BLZ,Belize,2022,19.32,0.17,15.71,140.88,0,1,,0,20,1,0.068201146,0,Low (<10%),Latin America & Caribbean,402733,0,0,7.7485812174775885,15.48683434000935,42.1373251262137,69.98329926,107.84025008603673,6262.560882736742,37891.10899777272,2.961140828784372,1,1,1,1,,17.84,44.29733843514189,3.813248276571765,,,0.068201146,1,1,0,0,1
BLZ,Belize,2023,20.67,0.22,13.76,156.24,3,0,,0,0,1,0.068201146,0,Low (<10%),Latin America & Caribbean,411106,7.297388021580809,2.1159407690802303,8.137116341664056,14.409549271610961,41.9459437504976,70.18720245,106.40050585077103,6165.6941482593575,,3.028683373693677,1,1,1,0,,18.02,43.832977382962056,3.802943970928781,,,0.068201146,1,1,0,0,1
BOL,"Bolivia, Plurinational State of",2016,12.18,0.3,248.75,82.3,2,0,,0,0,1,0.155531505,0,Low (<10%),Latin America & Caribbean,11180020,0.17889055654641045,0.16457378988977406,11.17187541505321,25.326358979771147,68.7446327876947,39.69749832,56.40103450265729,3077.5705758277386,27146.64195591779,2.4997952622817508,1,1,1,1,,90.16,8.064386289112184,2.204353140769063,,,0.155531505,1,1,0,0,1
BOL,"Bolivia, Plurinational State of",2017,12.66,0.36,271.46,79.65,3,0,,0,0,1,0.155531505,0,Low (<10%),Latin America & Caribbean,11344587,0.26444329793583493,0.23463194463242557,7.677137224747516,30.18462298042929,69.0838016274736,43.83229828,45.57611236507076,3160.1642124758787,26752.846974508637,2.5384474167160302,1,1,1,1,,87.29,7.694418492273011,2.162681267165302,0.07627,49.89826,0.155531505,1,1,1,1,1
BOL,"Bolivia, Plurinational State of",2018,13.17,0.37,281.75,79.52,5,0,,0,0,1,0.155531505,0,Low (<10%),Latin America & Caribbean,11508368,0.4344664682255555,0.36079298093119094,7.45035399971013,30.38548911721401,69.4133879813999,44.2861422024283,46.926195341736765,3204.536708380047,26372.11462129122,2.5779415157551897,1,1,1,1,,109.45,9.51047098945741,2.3523719973440826,,,0.155531505,1,1,0,0,1
BOL,"Bolivia, Plurinational State of",2019,13.51,0.41,275.01,80.07,3,0,,0,0,1,0.155531505,0,Low (<10%),Latin America & Caribbean,11671386,0.2570388812434102,0.22875886090651096,7.632882645016053,30.462727160452946,69.7334986708387,47.4748191121692,45.82097327490238,3207.3869523112794,26003.766819124994,2.6034301519721073,1,1,1,1,,122.41,10.488043151001945,2.4413067684793455,0.06643,58.8279,0.155531505,1,1,1,1,1
BOL,"Bolivia, Plurinational State of",2020,12.42,0.44,230.48,74.74,5,0,,0,0,1,0.155531505,0,Low (<10%),Latin America & Caribbean,11816299,0.4231443364796371,0.35286874508103017,9.124055868346664,27.275744783011934,70.0442635528254,59.94010155,37.51643424464857,2765.0927178860243,25684.861224313976,2.519308076505333,1,1,1,1,,169.82,14.371674244194395,2.7325264809736565,,,0.155531505,1,1,0,0,1
BOL,"Bolivia, Plurinational State of",2021,13.29,0.44,278.19,77.32,8,0,,0,0,1,0.155531505,0,Low (<10%),Latin America & Caribbean,11937360,0.6701649275886795,0.5129223805874487,8.810019122557634,30.84379361811535,70.3450412826165,65.9773785,47.66708431589839,3011.5511082530124,25424.38194039553,2.587011872725154,1,1,1,1,,161.62,13.539006949610298,2.676835171946994,0.06308,63.0569,0.155531505,1,1,1,1,1
BOL,"Bolivia, Plurinational State of",2022,13.55,0.43,286.44,78.61,11,0,,0,1,1,0.155531505,0,Low (<10%),Latin America & Caribbean,12077154,0.9108106098506321,0.6475275550881895,8.660284813061772,32.01927226103229,70.6352598708131,72.62270355,57.52493357896306,3088.241261734365,25130.092735424256,2.60638654732571,1,1,1,1,,181.31,15.012642879274372,2.7733785901666104,,,0.155531505,1,1,0,0,1
BOL,"Bolivia, Plurinational State of",2023,13.9,0.48,268.91,83.56,16,0,,0,0,1,0.155531505,0,Low (<10%),Latin America & Caribbean,12244159,1.3067455265812866,0.8358376682013353,9.310980097565514,29.772206041609717,70.9151414044538,77.30039978,49.608325559459686,3122.7704946622252,,2.631888840136646,1,1,1,0,,196.72,16.06643624931692,2.837113742269626,,,0.155531505,1,1,0,0,1
BRA,Brazil,2016,21.7,0.42,24.41,68.82,1996,0,86,1,43,1,1.037909741,1,Low - Medium (10-20%),Latin America & Caribbean,203218114,9.821959079887927,2.381577318016567,4.8913535879086325,18.354758276668832,85.9487048448108,60.8725400681261,24.53368207770058,8577.843766509106,27856.768713048874,3.077312260546414,1,1,1,1,,51744.75,254.62666187326195,5.543718027991628,1.19584,,1.037909741,1,1,1,0,1
BRA,Brazil,2017,22.16,0.39,29.37,69.33,2139,0,88,1,149,1,1.037909741,1,Low - Medium (10-20%),Latin America & Caribbean,204703445,10.44926234631762,2.437925304022549,4.6005916956898565,18.18850230912302,86.1982897571091,67.4712845236305,24.319734374305654,8628.253089080426,27654.639617813955,3.098288861879083,1,1,1,1,,55049.31,268.9222450555241,5.598133936247968,1.1175,,1.037909741,1,1,1,0,1
BRA,Brazil,2018,22.24,0.4,33.19,73.84,2913,0,156,1,289,1,1.037909741,1,Low - Medium (10-20%),Latin America & Caribbean,206107261,14.133417648008043,2.716905387817948,4.420399303846401,18.74905145282982,86.4420719945072,70.4342825404361,28.876203376386574,8722.336303179345,27466.28125828134,3.1018924693823817,1,1,1,1,,58874.05,285.6476269411974,5.658253680726708,1.15016,,1.037909741,1,1,1,0,1
BRA,Brazil,2019,22.31,0.37,33.44,74.76,3327,0,213,1,433,1,1.037909741,1,Low - Medium (10-20%),Latin America & Caribbean,207455459,16.037177406837966,2.8353978625418814,4.205014094634742,18.754627572494968,86.6797991084296,73.9124399133589,28.890257869896356,8771.44051292177,27287.785181878487,3.105035008444441,1,1,1,1,,62581.11,301.66046389745765,5.712611595992318,1.15115,,1.037909741,1,1,1,0,1
BRA,Brazil,2020,21.57,0.52,31.01,70.05,3757,0,162,1,667,1,1.037909741,1,Low - Medium (10-20%),Latin America & Caribbean,208660842,18.00529492735393,2.9447176207293233,5.711485114990072,19.506118389488474,86.9112186503004,81.34269353,32.30207854379395,8435.01143254978,27130.150275153206,3.071303460401065,1,1,1,1,,66901.34,320.62240024891685,5.773378187394476,1.21907,,1.037909741,1,1,1,0,1
BRA,Brazil,2021,22.04,0.63,37.09,67.32,3859,0,116,1,1392,1,1.037909741,1,Low - Medium (10-20%),Latin America & Caribbean,209550294,18.415626751637962,2.9660782444878717,6.558762612106104,22.12347519551805,87.1360781715439,80.68989314,37.656330759808206,8799.229458109006,27014.994309671547,3.092858984284714,1,1,1,1,,69590.64,332.0951675686983,5.8084282376452805,1.13371,,1.037909741,1,1,1,0,1
BRA,Brazil,2022,22.98,0.59,38.59,69.72,3253,0,,1,2036,1,1.037909741,1,Low - Medium (10-20%),Latin America & Caribbean,210306415,15.4679066732225,2.8014134367324126,5.767474908194573,22.81945685169096,87.349556243881,80.52775094,38.816065976339715,9032.084815662993,26917.866485432696,3.1346242724206097,1,1,1,1,,62659.84,297.9454525911632,5.700261123942323,1.18873,,1.037909741,1,1,1,0,1
BRA,Brazil,2023,25.03,0.72,34.58,77.03,3620,0,,1,1095,1,1.037909741,1,Low - Medium (10-20%),Latin America & Caribbean,211140729,17.144963063947742,2.8983930050579874,6.023060235262463,22.14417392342836,87.6159710235763,84.15060238,33.6662298301438,9288.027014700689,,3.2200751054436827,1,1,1,0,,58292.04,276.0814565530841,5.624311529936762,1.1938,,1.037909741,1,1,1,0,1
BRB,Barbados,2016,59.75,0.97,100.01,208.32,0,1,,0,18,1,-9999,-9999,NoData,Latin America & Caribbean,279598,0,0,1.6958962943923455,13.307652419375989,59.2510255301153,71.57299805,,20673.76823373751,286.1250795785378,4.09016919081162,0,0,0,0,trade_share,54.24,193.99280395424861,5.272962655084097,,,,0,0,0,0,0
BRB,Barbados,2017,58.68,0.99,99.8,204.01,1,0,,0,0,1,-9999,-9999,NoData,Latin America & Caribbean,280171,3.569248780209229,1.5193488106959263,1.7531607651534151,13.236649374824452,59.25926986892,71.14849854,,20766.551849112933,285.53990241673836,4.072098953274781,0,0,0,0,trade_share,50.16,179.03351881529494,5.193143049194758,,,,0,0,0,0,0
BRB,Barbados,2018,57.62,1.22,96.41,200.12,2,0,,0,0,1,-9999,-9999,NoData,Latin America & Caribbean,280711,7.124765328042007,2.0949168450961655,2.1684935493217905,12.785176081547894,59.270175311893,70.72650146,,20674.354784798372,284.9906131216803,4.053869729656382,0,0,0,0,trade_share,48.16,171.56434909925153,5.150770205166474,,,,0,0,0,0,0
BRB,Barbados,2019,58.55,1.28,94.95,204.17,4,0,,0,0,1,-9999,-9999,NoData,Latin America & Caribbean,281207,14.224396974470762,2.7228992052234324,2.259947880156793,12.543319689971517,59.2841140645486,70.30709839,,20687.64674279088,284.4879394894153,4.069881090043726,0,0,0,0,trade_share,53.78,191.24701732175942,5.258781093684176,,,,0,0,0,0,0
BRB,Barbados,2020,50.27,1.46,82.12,174.13,2,0,,0,0,1,-9999,-9999,NoData,Latin America & Caribbean,281698,7.099801915526557,2.0918396065061033,3.093760132506992,13.156491949715532,59.3014583324011,69.89009857,,17056.98686697809,283.99207662106227,3.917408477704484,0,0,0,0,trade_share,58.94,209.2311624505676,5.348207698884606,,,,0,0,0,0,0
BRB,Barbados,2021,49.34,1.01,84.6,170.85,3,0,,0,0,1,-9999,-9999,NoData,Latin America & Caribbean,282147,10.632755265872046,2.453824848692934,1.9802154704013715,12.592981466188895,59.3220365433819,69.4756012,,18395.615362207292,283.54014042325457,3.8987351111012107,0,0,0,0,trade_share,57.51,203.82991844676712,5.322179968661663,,,,0,0,0,0,0
BRB,Barbados,2022,58.77,0.85,103.16,203.73,5,0,,0,0,1,-9999,-9999,NoData,Latin America & Caribbean,282318,17.710525010803423,2.929086200330763,1.448181973198589,12.809501038742393,59.3538514107686,69.06359863,,21315.93632555171,283.36840017285476,4.073631520624559,0,0,0,0,trade_share,70.21,248.6911922017016,5.520224923142183,,,,0,0,0,0,0
BRB,Barbados,2023,61.68,1,100.23,216.01,7,0,,0,0,1,-9999,-9999,NoData,Latin America & Caribbean,282336,24.793154255922023,3.250109117801222,1.6524151949563022,12.28742155286469,59.4235740235775,69.67510223,,21701.266027070073,,4.1219597292550745,0,0,0,0,trade_share,56.79,201.14331859911596,5.308976943841901,,,,0,0,0,0,0
BRN,Brunei Darussalam,2016,,5.8,,36.59,22,0,,0,,0,0,0,Low (<10%),East Asia & Pacific,427564,51.45428520642523,3.9599420322947827,1.2036546260626768,57.289363853630825,74.8816070556641,90,87.319801332806,29492.414592778874,19880.064738846115,#NUM!,0,0,0,0,wue_total,212.13,496.13625094722664,6.208864135300372,,,0,1,0,0,0,0
BRN,Brunei Darussalam,2017,,5.31,,35.26,16,0,,0,,0,0,0,Low (<10%),East Asia & Pacific,432772,36.970968546948505,3.636821882134039,1.0864509033046197,59.72058896928524,74.8476440654983,94.86669922,85.17686042699853,29524.659127890023,19640.827040566393,#NUM!,0,0,0,0,wue_total,187.9,434.1778118732266,6.075754710494836,,,0,1,0,0,0,0
BRN,Brunei Darussalam,2018,,4.97,,32.34,14,0,,0,,0,0,0,Low (<10%),East Asia & Pacific,437810,31.97734176926064,3.495820712587076,1.017641958879025,63.244818404231914,74.8172471714305,95,93.89806176667777,29200.195202422157,19414.81464562253,#NUM!,0,0,0,0,wue_total,269.52,615.6095109750804,6.4242359402034745,0.27764,,0,1,0,0,0,0
BRN,Brunei Darussalam,2019,,5,,34.36,29,0,,0,,0,0,0,Low (<10%),East Asia & Pacific,442680,65.51007499774104,4.197353439911708,0.9860551301185152,62.51532109944156,74.7923311783673,95,108.50965835795864,29996.240722317503,19201.228878648235,#NUM!,0,0,0,0,wue_total,215.19,486.10734616427214,6.1884845221281966,,,0,1,0,0,0,0
BRN,Brunei Darussalam,2020,,6.25,,37.73,34,0,,0,,0,0,0,Low (<10%),East Asia & Pacific,447404,75.99395624536214,4.343726928453186,1.2175028361059137,59.133630240079746,74.7748108912151,96.30549622,110.29100365845197,30015.9588506697,18998.489061340533,#NUM!,0,0,0,0,wue_total,257.49,575.5201115770087,6.3570102247502485,,,0,1,0,0,0,0
BRN,Brunei Darussalam,2021,,6.35,,33.7,53,0,,0,,0,0,0,Low (<10%),East Asia & Pacific,451721,117.32905930873261,4.773469381637264,1.2562902227508086,62.701564223562265,74.7667316936175,97.62879944,147.12311237531776,29256.183367834255,18816.924606117493,#NUM!,0,0,0,0,wue_total,302.38,669.3954896938598,6.50786782136162,,,0,1,0,0,0,0
BRN,Brunei Darussalam,2022,,5.45,,28.61,96,0,,0,,0,0,0,Low (<10%),East Asia & Pacific,455370,210.8175769154753,5.3557254179934475,1.096160288762411,67.92558541923437,74.7772642014221,98.97042579,146.97396587959724,28549.17560604654,18666.139622724375,#NUM!,0,0,0,0,wue_total,375.4,824.3845663965566,6.71584941881141,,506.18125,0,1,0,0,0,0
BRN,Brunei Darussalam,2023,,6.02,,34.52,130,0,,0,,0,0,0,Low (<10%),East Asia & Pacific,458949,283.2558737463204,5.649874796432347,1.173122221641125,61.741186009131354,74.8199193881365,98.97039795,136.86343465047977,28645.96453962838,,#NUM!,0,0,0,0,wue_total,501.5,1092.7140052598436,6.997334527653581,,,0,1,0,0,0,0
BTN,Bhutan,2016,6,0.27,205.45,78.01,1,0,,0,,0,0.367776177,0,Low (<10%),South Asia,747866,1.337137936475251,0.8489270766969463,12.002371748271393,38.448996403301955,37.2745234641407,46.50320053,76.38475284983748,3173.3677321743057,104296.75904506957,1.791759469228055,1,1,1,1,,44,58.83406920491104,4.091575217873917,,,0.367776177,1,1,0,0,1
BTN,Bhutan,2017,6.18,0.3,211.85,79.87,3,0,,0,,0,0.367776177,0,Low (<10%),South Asia,754335,3.9770128656366204,1.6048298848914848,12.929792411513585,39.03887937849706,37.8645544995016,54.33549881,76.78840168502211,3211.809032755935,103402.33450655213,1.8213182714695995,1,1,1,1,,48.3,64.02990713674959,4.17484727387373,,,0.367776177,1,1,0,0,1
BTN,Bhutan,2018,6.31,0.33,206.56,82.85,0,1,,0,,0,0.367776177,0,Low (<10%),South Asia,759759,0,0,13.550920036101441,35.26521343917016,38.4661892776975,63.48680115,79.73972032960828,3300.5500646173587,102664.13428468765,1.8421356765531218,1,1,1,1,,53.54,70.46971473848944,4.269273789877755,,,0.367776177,1,1,0,0,1
BTN,Bhutan,2019,6.8,0.33,184.14,96.55,3,0,,0,,0,0.367776177,0,Low (<10%),South Asia,764824,3.9224710521636346,1.5938106507954437,12.933952784885053,33.0939030506784,39.0746823405146,74.17939758,76.12351670415055,3467.3859897935567,101984.24735625452,1.916922612182061,1,1,1,1,,53.11,69.44081252680355,4.254772818581403,,,0.367776177,1,1,0,0,1
BTN,Bhutan,2020,6.1,0.36,111.66,94.82,5,0,,0,,0,0.367776177,0,Low (<10%),South Asia,770006,6.493455895148869,2.014030092337794,15.703075564462047,31.790976531175552,39.6888839873439,76.85079956,71.83035103946371,3092.124283993629,101297.91196432235,1.8082887711792655,1,1,1,1,,79.45,103.18101417391553,4.646129907093194,,,0.367776177,1,1,0,0,1
BTN,Bhutan,2021,6.37,0.38,136.65,95.52,13,0,,0,,0,0.367776177,0,Low (<10%),South Asia,775442,16.764632300030176,2.8772095312587935,15.794784004980109,31.62327240386117,40.3075199874379,85.63688389,77.58244827098257,3206.2036699725377,100587.79380018105,1.851599469584072,1,1,1,1,,106.33,137.12179634324684,4.928135878107989,,,0.367776177,1,1,0,0,1
BTN,Bhutan,2022,6.77,0.37,160.4,99.44,11,0,,0,,0,0.367776177,0,Low (<10%),South Asia,780914,14.08605813188136,2.7137710147901397,14.671011956090444,31.82484473808018,40.9365143617581,88.35620117,85.5712165226139,3349.733096327985,99882.95766243145,1.9125010869241836,1,1,1,1,,116.64,149.3634382275129,5.013055285071364,,,0.367776177,1,1,0,0,1
BTN,Bhutan,2023,7.05,0.39,163.88,103.79,9,0,,0,,0,0.367776177,0,Low (<10%),South Asia,786385,11.444775777767887,2.5213009186036413,14.99310869090358,29.404471458922853,41.7352457989939,90.02140045,81.73662785398109,3480.5138852318423,,1.9530276168241774,1,1,1,0,,102.52,130.3687125263071,4.87800796907035,0.10787,237.23815,0.367776177,1,1,1,1,1
BWA,Botswana,2016,68.1,0.06,236.61,83.33,13,0,,0,0,1,4.664307436,4,Extremely High (>80%),Sub-Saharan Africa,2234776,5.8171378249990155,1.9194397100138847,1.9758875736702912,40.345162191309825,65.6949296854899,41.16859818,100.46468976602598,6490.834635934826,1073.933136922895,4.220977213155467,1,0,1,1,,230.56,103.16917668705946,4.646016276413809,,,4.664307436,1,1,0,0,1
BWA,Botswana,2017,73.63,0.08,228.77,88,11,0,,0,0,1,4.664307436,4,Extremely High (>80%),Sub-Saharan Africa,2266747,4.852769188621403,1.7669149148179328,1.8419939490754045,37.10100502491907,65.9456435684731,43.57640076,81.92395137634941,6662.576448054672,1058.7860047901245,4.299052551380625,1,0,1,1,,234.38,103.39927658446221,4.648222746156928,,,4.664307436,1,1,0,0,1
BWA,Botswana,2018,71.95,0.08,191.61,97.31,6,0,,0,0,1,4.664307436,4,Extremely High (>80%),Sub-Saharan Africa,2299141,2.6096703073017267,1.2836164405569186,2.117310832047285,34.80032766907854,66.1579176461888,46.12509918,87.45510399464932,6843.846120277393,1043.8681229206907,4.2759714333333765,1,0,1,1,,282.6,122.91547147391134,4.819599651492443,,,4.664307436,1,1,0,0,1
BWA,Botswana,2019,74.8,0.09,177.7,101.73,13,0,,0,0,1,4.664307436,4,Extremely High (>80%),Sub-Saharan Africa,2332083,5.574415661878244,1.8831857013962765,2.0834294935165505,31.947105419300964,66.3271694845464,48.82279968,83.09298136011748,6951.731890511457,1029.1228914236756,4.314817884980432,1,0,1,1,,302.06,129.5236919097648,4.8715547574863125,,,4.664307436,1,1,0,0,1
BWA,Botswana,2020,62.32,0.08,126.93,91.15,15,0,,0,0,1,4.664307436,4,Extremely High (>80%),Sub-Saharan Africa,2365894,6.340098077090521,1.9933522045385867,2.208069058040537,26.690568101143036,66.4488166494554,51.67819977,80.32503448655062,6254.248062410908,1014.4156923344833,4.132282401562493,1,0,1,1,,319.29,134.95532766894883,4.912326358754537,,,4.664307436,1,1,0,0,1
BWA,Botswana,2021,66.15,0.07,192,79.33,45,0,,0,1,1,4.664307436,4,Extremely High (>80%),Sub-Saharan Africa,2401441,18.738748942822248,2.982583655240219,1.7885929290385385,33.0400332471158,66.5182767068255,54.70069885,91.04784974039978,6895.911849431069,999.3999436171865,4.191924890560965,1,0,1,1,,377.36,157.13898446807565,5.063474294895057,,,4.664307436,1,1,0,0,1
BWA,Botswana,2022,76.92,0.09,260.6,77.86,31,0,,0,0,1,4.664307436,4,Extremely High (>80%),Sub-Saharan Africa,2439892,12.705480406509796,2.6177957825157896,1.579789821793665,37.45712971191776,66.5889787170477,57.9,86.0696039867252,7159.586061826801,983.6500959878553,4.342765920720579,1,0,1,1,,391.01,160.2570933467547,5.082999944455677,,,4.664307436,1,1,0,0,1
BWA,Botswana,2023,76.49,0.09,193.32,85.28,51,0,,0,0,1,4.664307436,4,Extremely High (>80%),Sub-Saharan Africa,2480244,20.562493045039115,3.070955372242616,1.6765181657299917,34.06694016589966,67.0212655349864,,70.11283273245091,7269.051706644575,,4.337160013333775,0,0,0,0,internet_share,383.84,154.75896726289832,5.0483097307318605,,,4.664307436,1,0,0,0,0
CAN,Canada,2016,40.22,0.33,11.89,223.65,3398,0,361,1,2721,1,1.233315456,1,Low - Medium (10-20%),North America,36110803,94.0992644223392,4.5549212347405605,1.8622240543856317,23.614156259951073,81.3023011093703,91.16000366,65.36361998188133,43551.38635582362,78923.75032479892,3.6943643843445058,1,0,1,1,,60472.16,1674.6279499794011,7.423943269513494,1.72903,4400.49278,1.233315456,1,1,1,1,1
CAN,Canada,2017,40.77,0.29,12.75,230.38,3665,0,441,1,763,1,1.233315456,1,Low - Medium (10-20%),North America,36545075,100.28711119076921,4.617959169110037,1.8899902179061834,24.34545459641622,81.4018945832226,92.70140076,65.10090879108455,44339.43322178779,77985.88455489556,3.707946516831162,1,0,1,1,,61097.54,1671.8405968519696,7.422278416621932,1.68702,4429.05796,1.233315456,1,1,1,1,1
CAN,Canada,2018,42.16,0.26,13.46,236.63,4367,0,708,1,3776,1,1.233315456,1,Low - Medium (10-20%),North America,37072620,117.79582883540466,4.777406295499054,1.699890055526879,24.94089030869438,81.5500341646653,94.64,66.59982627162995,44907.38879944694,76876.1420153202,3.741471904233107,1,0,1,1,,62472.64,1685.142296390166,7.430198533808349,1.7372,4715.91861,1.233315456,1,1,1,1,1
CAN,Canada,2019,43.2,0.25,13.39,244.7,5520,0,793,1,1858,1,1.233315456,1,Low - Medium (10-20%),North America,37618495,146.7363327533438,4.995429149492146,1.6970756856941314,24.38666164123985,81.7363672047941,91.91290283,66.17134227306049,45100.336805858984,75760.60658460685,3.765840495250065,1,0,1,1,,63284.54,1682.2719781851986,7.428494784334177,1.75578,4850.93689,1.233315456,1,1,1,1,1
CAN,Canada,2020,41.24,0.25,11.73,238.9,6898,0,908,1,2066,1,1.233315456,1,Low - Medium (10-20%),North America,38028638,181.3896148476314,5.206145139876936,1.8397868255717444,22.738140326021412,81.9509888710566,92.3,61.15668833867966,42366.17109352646,74943.5201965424,3.719408659148759,1,0,1,1,,64548.83,1697.37422623445,7.437426734952686,1.93413,5155.65021,1.233315456,1,1,1,1,1
CAN,Canada,2021,43.11,0.28,13.14,245.82,8251,0,949,1,4307,1,1.233315456,1,Low - Medium (10-20%),North America,38239864,215.76959583329062,5.378835019109503,1.59798849520844,25.606265130748994,82.1779279079275,93.93710327,62.246861263034766,44639.23811719925,74529.5537661954,3.763754988759043,1,0,1,1,,68647.82,1795.1899619726685,7.493423012741482,1.87064,5507.58596,1.233315456,1,1,1,1,1
CAN,Canada,2022,44.85,0.32,13.43,256.7,7806,0,,1,23815,1,1.233315456,1,Low - Medium (10-20%),North America,38950132,200.4101038733322,5.3053431472154156,1.9327528941365912,27.350633852311663,82.3500897353968,94,66.95316206920509,45883.005894189206,73170.4837354595,3.803323588504805,1,0,1,1,,66751.03,1713.7561947158483,7.447026188978736,1.81291,5624.26883,1.233315456,1,1,1,1,1
CAN,Canada,2023,45.43,0.33,13.45,260.87,9039,0,,1,4052,1,1.233315456,1,Low - Medium (10-20%),North America,40049088,225.69802338570108,5.423618838400488,,,82.5250564408346,94.14530182,66.57454250150327,45495.51008926053,,3.816172679771312,0,0,0,0,"agri_share, industry_share",63719.9,1591.0449696132907,7.372774613249912,1.81048,,1.233315456,1,0,0,0,0
CHE,Switzerland,2016,394.01,5.8,247.36,561.83,1365,0,5,1,330,1,0.405618449,0,Low (<10%),Europe & Central Asia,8373338,163.0174250699064,5.09997267260628,0.6544228045073677,24.822421875181238,76.6726675773771,89.1346877351392,122.94173517877883,85951.22341483452,4824.838075329098,5.976376289686509,1,1,1,1,,22041.04,2632.288341877517,7.875988664278078,,,0.405618449,1,1,0,0,1
CHE,Switzerland,2017,399.42,5.64,252.05,568.88,1525,0,2,1,310,1,0.405618449,0,Low (<10%),Europe & Central Asia,8451840,180.43408299257914,5.200892408635156,0.6354149174385905,24.965399289623882,77.9126273688843,89.6861476710225,122.94839558914647,86362.36097286202,4780.024231409965,5.990013494840667,1,1,1,1,,22610.58,2675.225749659246,7.892162778549152,3.04671,5257.57173,0.405618449,1,1,1,1,1
CHE,Switzerland,2018,403.71,5.92,260.2,565.28,1829,0,4,1,908,1,0.405618449,0,Low (<10%),Europe & Central Asia,8514329,214.8143441485524,5.37441852025614,0.6314371614158469,25.102133056652903,79.2922201625844,91.80000305,123.49982970685636,88581.08269355842,4744.942320175788,6.00069679842156,1,1,1,1,,22272.17,2615.845593939346,7.869724899619981,,,0.405618449,1,1,0,0,1
CHE,Switzerland,2019,417.46,6.02,266,593.34,2161,0,3,1,805,1,0.405618449,0,Low (<10%),Europe & Central Asia,8575280,252.0034331240496,5.533403058295728,0.6429402918542164,25.76487918394084,80.7792907322229,93.1460869535177,123.02250983286409,88932.4119306425,4711.216426752246,6.0341887313177605,1,1,1,1,,22460.04,2619.161123601795,7.870991092422182,3.14983,5561.84719,0.405618449,1,1,1,1,1
CHE,Switzerland,2020,405.97,6.42,260.71,573.52,2561,0,5,1,1677,1,0.405618449,0,Low (<10%),Europe & Central Asia,8638167,296.47493501804263,5.695329969396089,0.6965546203308526,25.82220633865641,82.3416838515457,94.34999847,121.45110060976178,86293.91834411552,4676.918147102273,6.006279265245996,1,1,1,1,,23197.82,2685.502607208219,7.895995480653505,,,0.405618449,1,1,0,0,1
CHE,Switzerland,2021,434.67,6.03,291.07,610.72,3124,0,11,1,1292,1,0.405618449,0,Low (<10%),Europe & Central Asia,8704546,358.89292790227086,5.885806564717622,0.6139891678359202,26.773180284558784,84.2006477608879,95.56937154,128.00411965256095,90924.9256769825,4641.252972871876,6.07458712250074,1,1,1,1,,24649.1,2831.75021419842,7.949003325875683,3.24862,6003.41115,0.405618449,1,1,1,1,1
CHE,Switzerland,2022,444.42,6.1,283.71,630.95,3534,0,,1,2087,1,0.405618449,0,Low (<10%),Europe & Central Asia,8777088,402.6392352452203,6.00052149694886,0.5979779129625898,25.97464368853083,84.9206266284521,96.45279694,136.23587104836338,93360.44011246398,4602.893351416779,6.0967700612532525,1,1,1,1,,23935.67,2727.062779819457,7.911347031828854,,,0.405618449,1,1,0,0,1
CHE,Switzerland,2023,448.02,6.22,283.89,637.5,3641,0,,1,673,1,0.405618449,0,Low (<10%),Europe & Central Asia,8888822,409.61558235725727,6.017657454077254,0.6093926026147543,25.871053584470115,85.1854212679815,97.34436623,129.73719454839997,92947.94244415683,,6.104837874275665,1,1,1,0,,22803.86,2565.453555038002,7.850280285221768,3.22178,6107.95842,0.405618449,1,1,1,1,1
CHL,Chile,2016,6.74,0.22,35.13,118.83,253,0,0,1,1,1,4.471868674,4,Extremely High (>80%),Latin America & Caribbean,18267221,13.849944663175641,2.6979961388562868,4.199089920695993,26.779564823616514,87.6306290578181,83.5585860244169,56.05786030709946,13505.097711132956,48447.43488897408,1.9080599249242156,1,1,1,1,,6371.23,348.77937919511675,5.8573026105756165,0.37103,495.36438,4.471868674,1,1,1,1,1
CHL,Chile,2017,6.83,0.23,36.58,118.99,232,0,1,1,8,1,4.471868674,4,Extremely High (>80%),Latin America & Caribbean,18558868,12.50076243874357,2.6027461607935893,4.280971390197218,27.381155850870737,87.8000295757281,82.3274869338464,56.026158639321324,13473.345853293376,47686.098096069225,1.9213246735826988,1,1,1,1,,6637.65,357.653818110027,5.882357628298649,0.35679,494.62971,4.471868674,1,1,1,1,1
CHL,Chile,2018,7.1,0.22,39.1,122.8,286,0,1,1,82,1,4.471868674,4,Extremely High (>80%),Latin America & Caribbean,18893191,15.13772871930422,2.7811599292282776,3.9274359053961874,27.86152239110647,87.9620493753008,84.90000153,58.177051303588215,13763.006884479453,46842.27243560921,1.9600947840472698,1,1,1,1,,7148.06,378.34053548709693,5.938434312183526,0.36916,523.65457,4.471868674,1,1,1,1,1
CHL,Chile,2019,7.16,0.22,37.72,125.94,336,0,1,1,33,1,4.471868674,4,Extremely High (>80%),Latin America & Caribbean,19197744,17.502056491637767,2.9178818876164234,3.9874772562625824,27.124564994760913,88.1273685623538,85.01760101,57.60691578565367,13631.928488517196,46099.16665208162,1.9685099809725544,1,1,1,1,,7479.71,389.6140088127022,5.967719882655318,0.34243,507.31033,4.471868674,1,1,1,1,1
CHL,Chile,2020,6.73,0.21,39.3,113.53,414,0,0,1,97,1,4.471868674,4,Extremely High (>80%),Latin America & Caribbean,19370624,21.372569102575117,3.1078356147984607,4.044447002511732,29.846564727829094,88.2953490438375,87.45929718,58.16876939333737,12680.77615243779,45687.73829898304,1.9065751436566365,1,1,1,1,,8380.99,432.66494667389134,6.072272223673328,0.33525,515.32026,4.471868674,1,1,1,1,1
CHL,Chile,2021,7.44,0.21,46.77,121.86,518,0,1,1,275,1,4.471868674,4,Extremely High (>80%),Latin America & Caribbean,19456334,26.623720583744092,3.3186748450547827,3.5038419033465473,30.899925407319014,88.4660511664452,90.23280334,64.83999247917362,14056.251601954968,45486.472425894826,2.0068708488450007,1,1,1,1,,9319.43,478.99208555938645,6.173769615348056,0.36063,638.83802,4.471868674,1,1,1,1,1
CHL,Chile,2022,7.62,0.21,49.14,123.27,458,0,,1,81,1,4.471868674,4,Extremely High (>80%),Latin America & Caribbean,19553036,23.423472446938675,3.1955446554178812,3.236047047551121,31.003881600414946,88.6395352768685,92.31819916,75.23341975337591,14275.409464621072,45261.513352709015,2.030776369698555,1,1,1,1,,8443.63,431.8321717404908,6.070350058735653,0.39205,707.0557,4.471868674,1,1,1,1,1
CHL,Chile,2023,7.67,0.21,45.26,129.5,547,0,,1,8,1,4.471868674,4,Extremely High (>80%),Latin America & Caribbean,19658835,27.824639659471174,3.3612305651046057,3.3908315230615065,28.99945892425474,88.8158617217972,94.45742345,60.676644473615724,14294.710663559546,,2.0373166153791646,1,1,1,0,,8573.42,436.1102781522913,6.0801855160112295,,,4.471868674,1,1,0,0,1
CHN,China,2016,18.95,1.63,33.84,66.42,21920,0,9031,1,5231,1,2.800257843,2,Medium - High (20-40%),East Asia & Pacific,1387790000,15.794896922445039,2.821075085650069,7.9006501750541585,38.81115609392099,58.8399238586426,53.2,36.177170692977995,8679.225288050411,2026.8916766946008,2.9418039315284354,1,1,1,1,,430349.69,310.097125645811,5.740105164535325,2.0595,1208.86205,2.800257843,1,1,1,1,1
CHN,China,2017,20.31,1.64,37.26,69,26566,0,16473,1,7061,1,2.800257843,2,Medium - High (20-40%),East Asia & Pacific,1396215000,19.027155559852886,2.99708913059963,7.328392392860418,39.129944350894974,60.2402687072754,54.3,36.950852615859965,9221.350456398422,2014.661065810065,3.011113375592293,1,1,1,1,,464153.83,332.43721776373985,5.809454595051448,2.07771,1235.84935,2.800257843,1,1,1,1,1
CHN,China,2018,21.83,1.71,40.03,70.25,36754,0,30020,1,11141,1,2.800257843,2,Medium - High (20-40%),East Asia & Pacific,1402760000,26.201203341982946,3.3032612128374477,6.917142892368362,38.97770017470965,61.5001983642578,65.35839844,36.894384391471846,9798.578905664015,2005.261056773789,3.0832851705618523,1,1,1,1,,513575.22,366.11766802589176,5.905682417990493,2.10232,1317.48914,2.800257843,1,1,1,1,1
CHN,China,2019,23.11,1.86,42.67,71.66,48935,0,48119,1,7338,1,2.800257843,2,Medium - High (20-40%),East Asia & Pacific,1407745000,34.76126713289694,3.576865384042658,7.006215757883405,37.76423331627352,62.7099151611328,64.080881297515,35.45443502814074,10356.292489058234,1998.1601781572656,3.1402654242862895,1,1,1,1,,608625.08,432.340430972939,6.071523633815702,2.20144,1483.85803,2.800257843,1,1,1,1,1
CHN,China,2020,24.43,2.1,50.66,70.27,56769,0,71883,1,15084,1,2.800257843,2,Medium - High (20-40%),East Asia & Pacific,1411100000,40.23031677414782,3.719173829787713,7.540181985212407,36.911562406630566,63.5234230266258,70.05275998,34.337778473884,10573.37940642114,1993.4093969243854,3.195811885269649,1,1,1,1,,671731.01,476.0335979023457,6.167586924261827,2.35712,1600.30633,2.800257843,1,1,1,1,1
CHN,China,2021,26.06,2.14,56.89,71.68,72439,0,92950,1,17750,1,2.800257843,2,Medium - High (20-40%),East Asia & Pacific,1412360000,51.289331331955026,3.9567923604333464,7.089352516180038,38.092472204071655,64.721076965332,73.05323517,36.64287896437538,11469.317451451188,1991.6310289161402,3.260401571696699,1,1,1,1,,756203.38,535.4182927865418,6.28491425370922,2.38165,1685.97511,2.800257843,1,1,1,1,1
CHN,China,2022,26.48,2.17,58.62,72.29,82800,0,,1,15600,1,2.800257843,2,Medium - High (20-40%),East Asia & Pacific,1412175000,58.63295979605927,4.088208437926318,7.147886928301708,37.8945266620066,65.2176361083984,75.61131603,37.51255567817104,11830.298767860957,1991.8919397383468,3.2763897310688073,1,1,1,1,,885962.5,627.3744401366687,6.443136231042251,2.4945,1849.23669,2.800257843,1,1,1,1,1
CHN,China,2023,27.6,2.23,60.13,77.64,104292,0,,1,11787,1,2.800257843,2,Medium - High (20-40%),East Asia & Pacific,1410710000,73.92873092272686,4.316537407394765,6.889519410800685,36.772503022356126,65.5301448035523,90.6,36.7391496938394,12483.979110124916,,3.3178157727231046,1,1,1,0,,932711.93,661.1648956908224,6.495514612066213,2.57729,2107.27003,2.800257843,1,1,1,1,1
CIV,Côte d'Ivoire,2016,31.92,0.18,39.99,85.32,7,0,,0,0,1,0,0,Low (<10%),Sub-Saharan Africa,25989405,0.2693405254949084,0.23849749433863476,17.434968407497117,20.820713814142024,49.929991034032,41.2078149304414,47.56557836135345,1889.277779499377,2956.5894255755375,3.463232772581608,1,1,1,1,,166.03,6.388372492559949,1.999907479658324,0.06975,,0,1,1,1,0,1
CIV,Côte d'Ivoire,2017,34.39,0.19,41.26,93.33,8,0,,0,0,1,0,0,Low (<10%),Sub-Saharan Africa,26733372,0.2992514374916864,0.26178828130694615,16.940987149693818,19.808562653240738,50.3977309654344,43.8399208514876,48.66250747294825,1972.8143178894707,2874.3100571076484,3.537765824444175,1,1,1,1,,197.4,7.3840292201073625,2.126328612795342,,,0,1,1,0,0,1
CIV,Côte d'Ivoire,2018,35.67,0.21,40.6,98.43,9,0,,0,0,1,0,0,Low (<10%),Sub-Saharan Africa,27464173,0.32769965438245674,0.28344786160670554,17.852601402265908,19.111681889397815,50.8718477756395,37.5465361301281,46.03750871028742,2013.323075984985,2797.8268269719974,3.5743099993708003,1,1,1,1,,244.56,8.904691941752626,2.2930085783798955,,,0,1,1,0,0,1
CIV,Côte d'Ivoire,2019,39.02,0.2,49.04,104.24,6,0,,0,0,1,0,0,Low (<10%),Sub-Saharan Africa,28193009,0.2128187168670077,0.19294716855981467,15.688048077556058,21.642040054096494,51.3514799771241,36.2889545655205,44.66041058307946,2093.0999433577913,2725.4983673434785,3.6640743351949654,1,1,1,1,,300.69,10.66540999579009,2.4566280523731012,,,0,1,1,0,0,1
CIV,Côte d'Ivoire,2020,39.12,0.21,47.56,105.67,16,0,,0,0,1,0,0,Low (<10%),Sub-Saharan Africa,28915449,0.5533374218052086,0.4404057915294199,16.933415476894368,20.70220340454739,51.8357660823651,36.01660156,41.94263181905262,2055.0848399643223,2657.402968219515,3.6666338451666167,1,1,1,1,,294.57,10.18728777132252,2.4147781132599224,,,0,1,1,0,0,1
CIV,Côte d'Ivoire,2021,41.83,0.22,54.37,110.38,15,0,,0,0,1,0,0,Low (<10%),Sub-Saharan Africa,29639736,0.5060773820657511,0.40950851057144466,16.180552963013543,22.103035066463804,52.3183461956059,35.95069885,45.1140327762435,2146.460475290115,2592.4657358621553,3.733613785454107,1,1,1,1,,394.35,13.3047743745086,2.660593353886152,,,0,1,1,0,0,1
CIV,Côte d'Ivoire,2022,45.1,0.23,61.9,116.55,20,0,,0,0,1,0,0,Low (<10%),Sub-Saharan Africa,30395002,0.6580029177165377,0.5056138164923375,16.584333209761567,23.044542347441613,52.8492549676673,38.41328122,52.866391041348315,2227.0819782058425,2528.047209866938,3.8088822465086327,1,1,1,1,,349.61,11.502220003143938,2.525906228790713,,,0,1,1,0,0,1
CIV,Côte d'Ivoire,2023,48.88,0.22,68.26,125.45,28,0,,0,0,1,0,0,Low (<10%),Sub-Saharan Africa,31165654,0.8984249135282064,0.641024549487885,15.94425784386072,23.90063743071425,53.4075201638704,40.65284979,48.81700391033316,2315.3643471032387,,3.88936831486334,1,1,1,0,,391.71,12.56864367421906,2.6077615185359413,,,0,1,1,0,0,1
CMR,Cameroon,2016,23.13,0.06,72.46,71.13,10,0,,0,,0,0.008131338,0,Low (<10%),Sub-Saharan Africa,23454161,0.4263635778743055,0.3551282529406655,17.192662389115068,24.182144570624466,52.9815033836792,20.60000038,40.63863152682682,1435.618307278388,11639.72567596854,3.141130476243348,1,1,1,1,,664.94,28.350619747174076,3.3793136617981583,,,0.008131338,1,1,0,0,1
CMR,Cameroon,2017,23.94,0.06,74.3,73.92,21,0,,0,,0,0.008131338,0,Low (<10%),Sub-Saharan Africa,24128601,0.8703364111329952,0.626118313688212,16.692941822773058,24.26219528631094,53.3115142121504,23.2029719748646,39.19902160526295,1444.9068291657331,11314.373344728938,3.1755507001298273,1,1,1,1,,777.26,32.21322280558247,3.5029480739076813,,,0.008131338,1,1,0,0,1
CMR,Cameroon,2018,25.06,0.06,80.33,76.28,27,0,,0,,0,0.008131338,0,Low (<10%),Sub-Saharan Africa,24806383,1.0884295384780605,0.7364123665253219,16.498800697859316,24.682231209563216,53.6339873660653,29.70000076,40.58760287702803,1461.0196999931686,11005.232000167054,3.221272949467922,1,1,1,1,,843.36,33.997701317439144,3.5552823826880124,,,0.008131338,1,1,0,0,1
CMR,Cameroon,2019,25.83,0.06,80.21,79.75,36,0,,0,,0,0.008131338,0,Low (<10%),Sub-Saharan Africa,25506095,1.411427347071357,0.8802188323812966,16.80228356444006,23.826878053897016,53.9487914119331,36.53919983,43.37851324804155,1470.3178527618725,10703.324048624458,3.251536607107749,1,1,1,1,,943.95,37.00880122966687,3.6378177442156505,,,0.008131338,1,1,0,0,1
CMR,Cameroon,2020,25.88,0.06,77.43,81.14,58,0,,0,,0,0.008131338,0,Low (<10%),Sub-Saharan Africa,26210558,2.2128487306527393,1.1671579986185383,17.496865054091426,23.038065438078355,54.2557949164174,37.69749832,33.73883136238705,1434.5191372340912,10415.650059796513,3.2534704696327,1,1,1,1,,1137.44,43.396252761959516,3.7931550686233666,,,0.008131338,1,1,0,0,1
CMR,Cameroon,2021,26.97,0.06,85.76,82.41,59,0,,0,,0,0.008131338,0,Low (<10%),Sub-Saharan Africa,26915758,2.192024463884688,1.1606553436824687,16.95920354159572,24.492554235692392,54.5548664463635,38.89260101,36.730834718855796,1443.576002376632,10142.757265093556,3.2947251371516386,1,1,1,1,,1323.23,49.161907310951456,3.91525592014225,,,0.008131338,1,1,0,0,1
CMR,Cameroon,2022,28.39,0.07,99.64,82.77,63,0,,0,,0,0.008131338,0,Low (<10%),Sub-Saharan Africa,27632771,2.2799016428717915,1.1878134350171035,16.54616441327453,27.130359337719618,54.8458745688318,40.12559891,41.28660255946786,1458.661804316926,9879.573785777762,3.34603697048488,1,1,1,1,,1462.84,52.938592369183674,3.987846221137917,,,0.008131338,1,1,0,0,1
CMR,Cameroon,2023,29,0.07,96.31,86.86,90,0,,0,,0,0.008131338,0,Low (<10%),Sub-Saharan Africa,28372687,3.172064739585644,1.4284110546561066,17.099637277351114,25.13087060190345,55.1286878511388,42.24380112,37.89033212425784,1468.1783700733736,,3.367295829986474,1,1,1,0,,1546.9,54.520743840722595,4.01675671381634,,,0.008131338,1,1,0,0,1
COD,"Congo, The Democratic Republic of the",2016,42.14,0.33,99.43,30.52,1,0,,0,,0,0.012159601,0,Low (<10%),Sub-Saharan Africa,83956415,0.01191094212395801,0.011840565139087081,12.289550901342135,38.65505245697698,41.7290483782911,10.1,68.00833428601322,480.4613778804748,10719.847911562209,3.740997408376043,1,0,1,1,,94.82,1.1293955321936981,0.7558381517434947,,,0.012159601,1,1,0,0,1
COD,"Congo, The Democratic Republic of the",2017,44.63,0.36,104.25,32.65,1,0,,0,,0,0.012159601,0,Low (<10%),Sub-Saharan Africa,87083398,0.011483245061245772,0.011417813040864476,12.25910598272406,39.29342473733114,42.1127579403217,,65.9184525277578,482.8546821285406,10334.920555121194,3.7984062786411785,0,0,0,0,internet_share,121.62,1.396592264348711,0.8740478385003718,,,0.012159601,1,0,0,0,0
COD,"Congo, The Democratic Republic of the",2018,47.87,0.36,112.03,34.95,4,0,,0,,0,0.012159601,0,Low (<10%),Sub-Saharan Africa,90047644,0.04442092899176796,0.043462596891161144,12.302193665549312,38.21654670895925,42.4946599159958,11.69999981,72.55917390813357,495.3121057110268,9994.70902314779,3.8684890034044175,1,0,1,1,,139.4,1.5480693753631134,0.9353359647188164,,,0.012159601,1,1,0,0,1
COD,"Congo, The Democratic Republic of the",2019,49.57,0.39,107.66,38.83,4,0,,0,,0,0.012159601,0,Low (<10%),Sub-Saharan Africa,92947442,0.043035073520366486,0.04213480298954774,13.151215704108681,34.471251090816665,42.8747090907476,13.02970028,60.914352374279225,482.5242951294715,9682.89154208246,3.9033858120324827,1,0,1,1,,138.89,1.4942853403109253,0.9140022514235129,,,0.012159601,1,1,0,0,1
COD,"Congo, The Democratic Republic of the",2020,50.83,0.42,106.2,41.14,4,0,,0,,0,0.012159601,0,Low (<10%),Sub-Saharan Africa,95989998,0.04167100826484026,0.04082616244581587,13.746106636895394,35.16168501610849,43.2528602500115,14.51049995,61.02847077279156,470.8529500009291,9375.976859589058,3.928486731458811,1,0,1,1,,177.56,1.8497760568762591,1.0472404146586156,,,0.012159601,1,1,0,0,1
COD,"Congo, The Democratic Republic of the",2021,54.59,0.42,127.99,39.78,15,0,,0,,0,0.012159601,0,Low (<10%),Sub-Saharan Africa,99148932,0.15128756001123644,0.14088093347210853,11.315706251900012,42.35293835975173,43.6290681792218,16.1595993,75.38705238607322,485.1608059297844,9077.253600674185,3.9998507157936665,1,0,1,1,,205.52,2.0728412889006207,1.122602634857429,,,0.012159601,1,1,0,0,1
COD,"Congo, The Democratic Republic of the",2022,61.17,0.41,149.04,42.81,16,0,,0,,0,0.012159601,0,Low (<10%),Sub-Saharan Africa,102396968,0.15625462660183456,0.14518601122186278,10.337007473816183,41.957389153237806,44.003287663813,17.99620056,85.82216918799581,513.5127043721666,8789.322746353193,4.113656873254474,1,0,1,1,,238.79,2.332002642890754,1.2035735174887816,,,0.012159601,1,1,0,0,1
COD,"Congo, The Democratic Republic of the",2023,66.59,0.44,148.89,50.84,35,0,,0,,0,0.012159601,0,Low (<10%),Sub-Saharan Africa,105789731,0.33084496641739264,0.2858140536035164,10.377395159527785,39.50096881505081,44.3754734892194,18.96789932,86.74005817982886,539.4591263791301,,4.198554416122531,1,0,1,0,,243.06,2.2975765010688987,1.1931878050578575,,,0.012159601,1,1,0,0,1
COG,Congo,2016,108.5,0.23,176.61,89.64,1,0,,0,,0,0.014405137,0,Low (<10%),Sub-Saharan Africa,5222536,0.19147785673473577,0.17519443302369622,6.7636503515412105,38.447451410150265,63.2515316469123,8.121899605,122.25981828402067,2174.1931025122426,42508.08419511134,4.686750172980514,1,1,1,1,,74.62,14.288077669545984,2.727073287350628,,,0.014405137,1,1,0,0,1
COG,Congo,2017,104.9,0.23,200.01,75.63,2,0,,0,,0,0.014405137,0,Low (<10%),Sub-Saharan Africa,5351011,0.3737611453237528,0.3175523397682995,7.309939719514512,45.967189508988696,63.3544545340423,8.649999619,94.61709525834216,2003.2712107518719,41487.48713093656,4.653007515402251,1,1,1,1,,65.03,12.152843640201825,2.5766379816490708,,,0.014405137,1,1,0,0,1
COG,Congo,2018,103.98,0.21,233.23,61.79,2,0,,0,,0,0.014405137,0,Low (<10%),Sub-Saharan Africa,5483118,0.3647559654926267,0.31097563279501755,6.7883925540022165,54.39199183545597,63.4434577481975,11.8071003,100.58321677971374,1909.9560382117047,40487.91216968156,4.6441985729555695,1,1,1,1,,62.28,11.358500765440395,2.5143441473779666,,,0.014405137,1,1,0,0,1
COG,Congo,2019,104.87,0.23,215.32,69.83,0,1,,0,,0,0.014405137,0,Low (<10%),Sub-Saharan Africa,5616661,0,0,7.346991708211902,50.12867157255785,63.5176376123385,16.11639977,91.57575479303745,1885.5108087773124,39525.26242904815,4.652721487846314,1,1,1,1,,83.2,14.813071324760386,2.7608368970451655,,,0.014405137,1,1,0,0,1
COG,Congo,2020,93.27,0.31,135.55,83.18,3,0,,0,,0,0.014405137,0,Low (<10%),Sub-Saharan Africa,5752791,0.521486005662295,0.4196874925881694,10.690424309702939,33.95175979698286,63.5760904494257,21.99850082,69.30662471883969,1725.5104004996258,38589.96441900983,4.535498512738772,1,1,1,1,,80.59,14.008852398774787,2.7086401869446495,,,0.014405137,1,1,0,0,1
COG,Congo,2021,103.64,0.3,195.02,75.71,1,0,,0,,0,0.014405137,0,Low (<10%),Sub-Saharan Africa,5892183,0.16971638525144248,0.1567613136566399,9.096748689380025,42.893702942357045,63.6179125824196,30.02739906,85.54620315521876,1701.790604568719,37677.037525820226,4.640923355693909,1,1,1,1,,89.9,15.257503034104678,2.7885545273891506,,,0.014405137,1,1,0,0,1
COG,Congo,2022,109.41,0.28,233.36,69.56,2,0,,0,,0,0.014405137,0,Low (<10%),Sub-Saharan Africa,6035104,0.331394454842866,0.28622685526882735,8.041910694336302,49.245552363231155,63.6422003342807,40.98669815,98.16133669220008,1686.0023439138517,36784.78448755812,4.695102293488699,1,1,1,1,,100.48,16.649257411305587,2.870693709480364,0.38339,126.96941,0.014405137,1,1,1,1,1
COG,Congo,2023,105.21,0.3,207.98,73.07,4,0,,0,,0,0.014405137,0,Low (<10%),Sub-Saharan Africa,6182885,0.6469471775716352,0.4989233787756848,8.952115876306008,45.2236339577947,63.6626757615625,43.15039825,96.21039440396183,1677.085492059241,,4.655958352820196,1,1,1,0,,95.66,15.471741751625656,2.8016462915808322,,,0.014405137,1,1,0,0,1
COL,Colombia,2016,12.72,0.15,176.27,53.3,409,0,0,1,2,1,0.496141456,0,Low (<10%),Latin America & Caribbean,47437512,8.621868701714373,2.2640384975506502,6.606412266057871,27.689162311787,77.2036266362166,58.1364935728703,36.20265298420203,6316.070677825417,45217.37986595924,2.543175557911976,1,1,1,1,,5994.92,126.37509319628735,4.8471362232112165,0.27051,91.2603,0.496141456,1,1,1,1,1
COL,Colombia,2017,12.24,0.13,165.7,55.43,492,0,2,1,3,1,0.496141456,0,Low (<10%),Latin America & Caribbean,48131078,10.22208561378991,2.4178837664023263,6.389663552681182,26.81485891462088,77.2245191706503,62.2598803162841,35.2829149424588,6309.677452925182,44565.80008451088,2.50470927708418,1,1,1,1,,6280.16,130.48035200873747,4.878857426072154,0.26109,90.24729,0.496141456,1,1,1,1,1
COL,Colombia,2018,12.36,0.11,168.64,57.86,579,0,0,1,0,1,0.496141456,0,Low (<10%),Latin America & Caribbean,49024465,11.810429751757619,2.550259663492491,6.225709689600331,26.895466753594636,77.2804816598084,64.1263768204459,36.534752796897315,6353.546428539201,43753.66462438703,2.514465452029545,1,1,1,1,,6922.39,141.20276478284873,4.95725396009749,0.31233,,0.496141456,1,1,1,0,1
COL,Colombia,2019,12.43,0.11,172.86,57.07,669,0,2,1,10,1,0.496141456,0,Low (<10%),Latin America & Caribbean,49907985,13.404668611646013,2.667552363179612,6.410720821683137,25.99342683676896,77.4595528518377,65.0069007159493,37.558533980838966,6439.9635981264655,42979.09442747488,2.5201129055226197,1,1,1,1,,7968.21,159.65801865172477,5.079277998114689,0.32201,,0.496141456,1,1,1,0,1
COL,Colombia,2020,11.05,0.12,135.03,56.52,759,0,0,1,9,1,0.496141456,0,Low (<10%),Latin America & Caribbean,50629997,14.991112877213878,2.7720331227488324,7.508480466633483,23.439238595813,77.6382533537045,69.79533474,34.05557096801009,5891.955232154031,42366.18856603922,2.402430427963762,1,1,1,1,,8888.34,175.5548198037618,5.173631421938104,0.2894,,0.496141456,1,1,1,0,1
COL,Colombia,2021,11.69,0.12,172.41,61.55,775,0,3,1,23,1,0.496141456,0,Low (<10%),Latin America & Caribbean,51188173,15.14021608077319,2.7813140506563485,7.771873013850016,24.555312023638436,77.8339570326128,73.02837449,40.05914639361279,6457.169218070858,41904.210959043216,2.458733775483977,1,1,1,1,,9491.15,185.41685400649092,5.2279853166537436,,,0.496141456,1,1,0,0,1
COL,Colombia,2022,11.87,0.14,204.01,57.61,603,0,,1,56,1,0.496141456,0,Low (<10%),Latin America & Caribbean,51737944,11.654889108078976,2.5380436312624464,8.831544736890406,26.123002231695235,78.0464633137335,72.79637855,48.28265511233591,6856.725905053739,41458.93389192272,2.4740142086215764,1,1,1,1,,9305.41,179.85658649288422,5.197704377380403,,,0.496141456,1,1,0,0,1
COL,Colombia,2023,11.83,0.14,185.44,61.26,722,0,,1,39,1,0.496141456,0,Low (<10%),Latin America & Caribbean,52321152,13.799390349814926,2.694585987341559,8.79586693548387,24.756804435483872,78.275571579544,77.33686322,40.133316532258064,6837.373920845344,,2.4706386779902956,1,1,1,0,,9183.73,175.52614284945406,5.173468983532163,,,0.496141456,1,1,0,0,1
COM,Comoros,2016,64.08,0.09,190.14,113.61,0,1,,0,,0,-9999,-9999,NoData,Sub-Saharan Africa,741741,0,0,31.368472028772054,9.854518070281834,30.7305018169792,7.938300133,37.13287971583374,1345.626165283101,1617.8153829975693,4.160132302760104,1,0,1,1,,4.84,6.525188711423529,2.0182558882505304,,,,0,1,0,0,0
COM,Comoros,2017,67.05,0.09,184.69,120.36,0,1,,0,,0,-9999,-9999,NoData,Sub-Saharan Africa,756669,0,0,31.898886868975335,9.137350096011014,31.0996559689293,8.478199959,40.164358921351955,1369.4118027596262,1585.8981932654833,4.205438609727688,1,0,1,1,,3.89,5.140953309835608,1.814979992295335,,,,0,1,0,0,0
COM,Comoros,2018,67.76,0.1,186.85,121.6,0,1,,0,,0,-9999,-9999,NoData,Sub-Saharan Africa,771590,0,0,33.72015305864892,8.876795864589539,31.4073645195839,,42.996153341342996,1391.8457044326674,1555.2301092549153,4.215972050343799,0,0,0,0,internet_share,2.82,3.6547907567490503,1.5378969595037124,,,,0,0,0,0,0
COM,Comoros,2019,68.36,0.11,185.58,122.98,0,1,,0,,0,-9999,-9999,NoData,Sub-Saharan Africa,786578,0,0,35.62009798787814,8.531000615042453,31.7287584068243,16.38380051,42.26807853501838,1389.3648801485895,1525.5956815471575,4.224787858247391,1,0,1,1,,3.78,4.805626396873546,1.7588275157665385,,,,0,1,0,0,0
COM,Comoros,2020,71.66,0.12,185.66,129.85,0,1,,0,,0,-9999,-9999,NoData,Sub-Saharan Africa,802163,0,0,35.79740358191984,8.089453236046621,32.0638072194881,22.42040062,33.72993461574907,1359.7070891824987,1495.9553108283478,4.271932711876808,1,0,1,1,,3.51,4.375669284172917,1.6818830842476644,,,,0,1,0,0,0
COM,Comoros,2021,73.51,0.12,216.79,130.45,0,1,,0,,0,-9999,-9999,NoData,Sub-Saharan Africa,818174,0,0,35.24094880474069,9.379227638740579,32.4124444313246,30.68120003,42.06772364960775,1360.3266336146235,1466.6806816154021,4.297421451385996,1,0,1,1,,4.51,5.5122748950712195,1.8736888414258572,,,,0,1,0,0,0
COM,Comoros,2022,75.43,0.12,228.35,133.25,0,1,,0,,0,-9999,-9999,NoData,Sub-Saharan Africa,834188,0,0,35.164324118156784,9.638798090273712,32.7746035528748,31.37409973,50.38877048823819,1366.9513495528952,1438.5246491198625,4.323205073865539,1,0,1,1,,3.91,4.687192815048886,1.7382167722775919,,,,0,1,0,0,0
COM,Comoros,2023,83.82,0.14,254.18,148.01,6,0,,0,,0,-9999,-9999,NoData,Sub-Saharan Africa,850387,7.055611151158238,2.086368886023686,34.155113814397744,10.32957675106858,33.1502180946901,31.92749977,44.43986344970892,1383.6420175957458,,4.4286716424969255,1,0,1,0,,8.01,9.419240886796247,2.343654182116355,,,,0,1,0,0,0
CPV,Cabo Verde,2016,7.07,0.14,68.06,9.83,0,1,,0,,0,-9999,-9999,NoData,Sub-Saharan Africa,512554,0,0,6.3135227735371195,12.666849329108686,68.0354078358316,50.3228178676892,95.3781398609533,3560.140072953397,585.3041825836888,1.9558604799084813,1,1,1,1,,7.52,14.67162484343113,2.751851742340862,,,,0,1,0,0,0
CPV,Cabo Verde,2017,6.97,0.12,69.69,9.62,3,0,,0,,0,-9999,-9999,NoData,Sub-Saharan Africa,512893,5.849173219365443,1.9241279470867008,5.375335026196448,12.518803843879892,69.1999988159713,57.1621463484891,100.05213390421892,3719.7130604791478,584.9173219365442,1.9416152247724325,1,1,1,1,,14.24,27.7640755479213,3.3591272317116037,,,,0,1,0,0,0
CPV,Cabo Verde,2018,6.82,0.1,83.67,9.09,2,0,,0,,0,-9999,-9999,NoData,Sub-Saharan Africa,513415,3.8954841599875345,1.5883131801796548,4.5227686741032125,14.628689974078219,70.3970748844677,59.5,105.86752405210451,3853.6794003524146,584.3226239981301,1.9198594718553708,1,1,1,1,,9.06,17.646543244743533,2.925660780103294,,,,0,1,0,0,0
CPV,Cabo Verde,2019,7,0.1,75.65,9.51,1,0,,0,,0,-9999,-9999,NoData,Sub-Saharan Africa,514104,1.9451317243203707,1.0801535442256445,4.4373608669529965,13.28519742782117,71.6254285086577,61.9433977593088,103.60265646372568,4115.90283469406,583.5395172961113,1.9459101490553132,1,1,1,1,,13.3,25.870251933460935,3.2910197985961336,,,,0,1,0,0,0
CPV,Cabo Verde,2020,4.65,0.09,39.66,6.55,0,1,,0,,0,-9999,-9999,NoData,Sub-Saharan Africa,514679,0,0,6.191327454851822,14.686632721111856,72.8838521558784,69.37339783,78.39345459319013,3255.9362898405752,582.8875862430757,1.536867219599265,1,1,1,1,,19.4,37.6933972437189,3.6556689716221435,,,,0,1,0,0,0
CPV,Cabo Verde,2021,5.7,0.1,34.6,8.86,0,1,,0,,0,-9999,-9999,NoData,Sub-Saharan Africa,516649,0,0,5.971474059231829,12.519147001319933,74.1607930892827,70.28250122,77.45505862653414,3471.655342178596,580.6650162876537,1.7404661748405046,1,1,1,1,,21.08,40.80139514447913,3.7329297156359025,,,,0,1,0,0,0
CPV,Cabo Verde,2022,6.47,0.1,36.28,9.62,0,1,,0,,0,-9999,-9999,NoData,Sub-Saharan Africa,519741,0,0,4.9540486885113575,11.07892384111441,75.033738060849,73.32740021,96.9941368513357,3997.7676325065327,577.2105721888402,1.8671761085128091,1,1,1,1,,23.38,44.98394392591695,3.8282922904699173,,,,0,1,0,0,0
CPV,Cabo Verde,2023,6.84,0.09,35.18,10.28,0,1,,0,,0,-9999,-9999,NoData,Sub-Saharan Africa,522331,0,0,4.854838333040086,10.977669402276605,75.9064245753376,74.59919739,95.03249433466918,4168.677484075933,,1.922787731634459,1,1,1,0,,18.34,35.111835215600834,3.5866206569168075,,,,0,1,0,0,0
CRI,Costa Rica,2016,17.74,0.44,43.11,73.79,21,0,0,1,0,1,0.648226696,0,Low (<10%),Latin America & Caribbean,4866998,4.314774733829766,1.6704906277969012,4.914355929704924,19.472009239048457,75.5423088085047,65.8804491942718,62.17847829306701,12084.435141998822,23217.59737727445,2.8758219768814333,1,1,1,1,,421.06,86.51328806792195,4.471790645466848,0.44335,531.44617,0.648226696,1,1,1,1,1
CRI,Costa Rica,2017,22.39,0.47,46.49,207.01,22,0,0,1,0,1,0.648226696,0,Low (<10%),Latin America & Caribbean,4913177,4.4777544143025985,1.7006952385658727,4.69977628322676,19.26277137569619,76.0539254265608,71.5816646195022,65.07195369973444,12468.565484933635,22999.374946190623,3.1086144306106633,1,1,1,1,,476.71,97.02683212919054,4.585241238431587,0.42587,385.02378,0.648226696,1,1,1,1,1
CRI,Costa Rica,2018,18.46,0.44,46.37,61.52,48,0,0,1,0,1,0.648226696,0,Low (<10%),Latin America & Caribbean,4957818,9.68167851260373,2.368529985284538,4.473250831047074,19.504651599898377,76.5544308439668,73.4797284369906,66.78741378877255,12708.804282835934,22792.284831754616,2.9156062290747062,1,1,1,1,,524.03,105.69770814499442,4.669999678648666,0.37144,349.49117,0.648226696,1,1,1,1,1
CRI,Costa Rica,2019,18.42,0.42,46.26,55.26,59,0,1,1,0,1,0.648226696,0,Low (<10%),Latin America & Caribbean,4999553,11.80105501431828,2.5495275905225987,4.180257889745328,19.17154907118478,77.0435864735963,81.2025964435269,65.41947324867749,12944.013449340962,22602.020620643485,2.913437030827161,1,1,1,1,,613.85,122.78097661930977,4.818513686240583,,,0.648226696,1,1,0,0,1
CRI,Costa Rica,2020,17.69,0.42,45.79,53.06,55,0,2,1,0,1,0.648226696,0,Low (<10%),Latin America & Caribbean,5034320,10.925010726374168,2.478637936260304,4.315798691467081,20.306806723503204,77.5211537281257,80.53018608,59.7463550719484,12322.235945853414,22445.931128732384,2.872999508171694,1,1,1,1,,711.16,141.2623750576046,4.957673064355129,0.33002,371.97029,0.648226696,1,1,1,1,1
CRI,Costa Rica,2021,17.2,0.45,48.92,41.79,53,0,1,1,0,1,0.648226696,0,Low (<10%),Latin America & Caribbean,5059988,10.474333140711007,2.4401126401586604,4.345587111854668,20.532543094021257,77.9868940200009,82.74901607,70.10369330590898,13267.254950803512,22332.0687717046,2.8449093838194073,1,1,1,1,,750.58,148.33632016518615,5.006200944653013,0.27385,406.58119,0.648226696,1,1,1,1,1
CRI,Costa Rica,2022,18.01,0.45,51.38,43.79,58,0,,1,0,1,0.648226696,0,Low (<10%),Latin America & Caribbean,5081765,11.413357366977811,2.5187730998541733,4.029521411800541,20.662716534086872,78.4405687613972,82.59801121,79.05239031538837,13931.846161476393,22236.368663249876,2.8909271591878647,1,1,1,1,,725.44,142.75355117759284,4.968100383216449,0.33789,462.47421,0.648226696,1,1,1,1,1
CRI,Costa Rica,2023,19.02,0.43,53.45,46.5,46,0,,1,0,1,0.648226696,0,Low (<10%),Latin America & Caribbean,5105525,9.009847175363943,2.303569326014175,3.733264423107832,20.490390078068433,78.8819393641702,85.39514799,71.43803103405364,14531.500513746569,,2.9454910571172443,1,1,1,0,,660.82,129.43233066139135,4.870854553281741,0.33738,507.75814,0.648226696,1,1,1,1,1
CUB,Cuba,2016,12.1,0.2,25.32,37.96,80,0,0,1,,0,1.650924902,1,Low - Medium (10-20%),Latin America & Caribbean,11265612,7.101256460811894,2.0920191682674965,3.9383388809409046,22.94280126552877,76.9115829467773,42.9786751910106,27.269113242078458,7774.0698462623,3383.7487035768672,2.4932054526026954,1,1,1,1,,1126.22,99.96971314119463,4.614820601982132,0.34223,,1.650924902,1,1,1,0,1
CUB,Cuba,2017,12.33,0.2,27.52,37.98,75,0,0,1,,0,1.650924902,1,Low - Medium (10-20%),Latin America & Caribbean,11247829,6.66795343350259,2.037049752330137,3.8001810121052806,24.356625147141372,76.9603271484375,57.1484043170788,26.22243637876184,7927.277694317665,3389.098465134916,2.512035317176253,1,1,1,1,,1086.46,96.59286249817632,4.580804360603271,0.43066,,1.650924902,1,1,1,0,1
CUB,Cuba,2018,12.6,0.2,28.78,38.51,102,0,0,1,,0,1.650924902,1,Low - Medium (10-20%),Latin America & Caribbean,11227118,9.085145448725132,2.3110635935852817,3.782372948089321,24.877906465842845,77.0156326293945,62.6789236230601,27.083548448614703,8120.4312355825605,3395.3504363274706,2.533696813957432,1,1,1,1,,1116.86,99.47877986140342,4.609946559547071,0.53691,2053.96588,1.650924902,1,1,1,1,1
CUB,Cuba,2019,12.55,0.19,28.28,38.57,103,0,0,1,,0,1.650924902,1,Low - Medium (10-20%),Latin America & Caribbean,11202846,9.19409228690638,2.321808364938121,3.5673263229544143,24.549539968054948,77.0728225708008,67.9708086565152,22.820891135441602,8124.752820591077,3402.706776474478,2.529720665577793,1,1,1,1,,1334.06,119.08224035213908,4.788176844314214,0.55308,2136.67708,1.650924902,1,1,1,1,1
CUB,Cuba,2020,11.34,0.13,23.8,35.7,84,0,1,1,,0,1.650924902,1,Low - Medium (10-20%),Latin America & Caribbean,11176354,7.515867876053318,2.1419312321214594,2.7619420225054028,23.018667560921084,77.1080322265625,71.11907507,15.682986809747373,7252.288111798439,3410.772421847053,2.428336298299606,1,1,1,1,,1404.05,125.62683680205548,4.841244468304156,0.51838,2121.90949,1.650924902,1,1,1,1,1
CUB,Cuba,2021,12.54,0.1,20.25,42.26,103,0,0,1,,0,1.650924902,1,Low - Medium (10-20%),Latin America & Caribbean,11122168,9.260784408219694,2.3283292898630936,0.8820325080976783,23.34754171725805,77.0987701416016,67.64354869,80.02377030839041,7379.042752836741,3427.3893363236375,2.5289235352047745,1,1,1,1,,1600.57,143.90809417732225,4.976099708203507,0.32282,2099.70203,1.650924902,1,1,1,1,1
CUB,Cuba,2022,12.5,0.09,21.02,41.78,42,0,,1,,0,1.650924902,1,Low - Medium (10-20%),Latin America & Caribbean,11059820,3.7975301587186774,1.5681012352204857,0.8006722551031208,23.783235638365927,77.1056060791016,67.88410187,93.86077558905248,7552.331522188416,3446.710705960856,2.5257286443082556,1,1,1,1,,1420.58,128.44512840172806,4.863257072439796,0.36032,2079.08182,1.650924902,1,1,1,1,1
CUB,Cuba,2023,11.91,0.15,24.75,37.57,28,0,,1,,0,1.650924902,1,Low - Medium (10-20%),Latin America & Caribbean,11019931,2.5408507548731474,1.2643670245073118,1.4057874013374094,24.497265486031967,77.1259872296321,69.55580139,120.53387842718718,7433.4288539967365,,2.477378383367209,1,1,1,0,,1216.63,110.40268763933278,4.713151453228482,0.39213,1968.33703,1.650924902,1,1,1,1,1
CYP,Cyprus,2016,58.4,0.79,459.4,144.1,136,0,,0,1,1,5,4,Extremely High (>80%),Europe & Central Asia,1237112,109.93345792458565,4.708930543396574,2.14376219902412,10.836514879496047,66.9625604106231,75.9002054030125,139.02209845724812,24477.974609375,630.5007145674765,4.067315889834181,1,1,1,1,,1058.31,855.4682195306488,6.75281721203274,0.5197,1039.63583,5,1,1,1,1,1
CYP,Cyprus,2017,65.03,0.71,125.67,154.96,158,0,,0,3,1,5,4,Extremely High (>80%),Europe & Central Asia,1254275,125.96918538597996,4.843944422261953,1.852632982287408,11.347232400712825,66.8907450570326,80.743188971932,148.01335555813526,25665.990234375,621.8731936776226,4.174848701881061,1,1,1,1,,1225.36,976.9468418010404,6.88545531457092,0.54259,1188.67243,5,1,1,1,1,1
CYP,Cyprus,2018,71.75,0.73,146.26,161.32,180,0,,0,12,1,5,4,Extremely High (>80%),Europe & Central Asia,1270737,141.65008180292224,4.960394651111305,1.718138098614564,12.022427028723172,66.8255530496405,84.4335825186889,147.62356741005382,26962.392578125,613.8170211459964,4.273187854639731,1,1,1,1,,1239.23,975.2057270701963,6.883673350133437,0.61032,1385.15663,5,1,1,1,1,1
CYP,Cyprus,2019,79.82,0.84,164.8,175.27,205,0,,0,8,1,5,4,Extremely High (>80%),Europe & Central Asia,1286671,159.32588828068714,5.077208545519732,1.748205354035141,12.78901134167961,66.7677357070518,86.0636299618935,150.50616312950956,28167.146484375,606.2155749216388,4.379774099620588,1,1,1,1,,1310.55,1018.5587457866076,6.92712521050901,0.70269,1631.10513,5,1,1,1,1,1
CYP,Cyprus,2020,78.15,0.82,161.53,180.62,270,0,,0,30,1,5,4,Extremely High (>80%),Europe & Central Asia,1302247,207.33393895320935,5.339142268039471,1.8253356919424548,12.823484495458452,66.7180443478713,90.80194644,160.66871645996954,26895.671875,598.9647125314937,4.358630056867486,1,1,1,1,,1415.76,1087.1670274533171,6.992249933513111,0.82581,1712.04604,5,1,1,1,1,1
CYP,Cyprus,2021,82.66,0.76,160.36,192.9,340,0,,0,64,1,5,4,Extremely High (>80%),Europe & Central Asia,1317309,258.10193356304404,5.55722155015328,1.502502717399029,11.480447713808086,66.6718365394971,90.75951564,176.82773681986995,29517.05859375,592.1162005269834,4.414735809083586,1,1,1,1,,1628.11,1235.9362913333166,7.120392868506215,0.77686,1707.8633,5,1,1,1,1,1
CYP,Cyprus,2022,88.82,0.65,151.48,205.17,328,0,,0,9,1,5,4,Extremely High (>80%),Europe & Central Asia,1331370,246.36276917761404,5.5108559602653,1.1860761260119994,10.375046731534967,66.6694829407584,89.60099194,205.75353025270465,31505.2109375,585.8626828004236,4.486611849863956,1,1,1,1,,1725.47,1296.0108760149321,7.16781756979781,0.70468,1681.07176,5,1,1,1,1,1
CYP,Cyprus,2023,88.31,0.55,158.05,202.08,430,0,,0,3,1,5,4,Extremely High (>80%),Europe & Central Asia,1344976,319.70830706272824,5.770532009272048,1.154959184356066,11.333679930935316,66.6739477522639,91.22110357,190.7409579565189,32022.01953125,,4.480853351480711,1,1,1,0,,1764.12,1311.6367875709304,7.179793208137006,0.68145,1686.46822,5,1,1,1,1,1
CZE,Czechia,2016,104.01,1.52,57.79,187.87,749,0,0,1,4,1,1.835970493,1,Low - Medium (10-20%),Europe & Central Asia,10566332,70.88552583810541,4.275074934838487,2.1480973687959812,33.02612207646865,72.9745753395623,76.4811986951838,148.5470046644353,18359.097810390373,1244.518911576884,4.644487048365042,1,1,1,1,,15999.74,1514.2189361454855,7.323315219809823,1.65411,3546.92776,1.835970493,1,1,1,1,1
CZE,Czechia,2017,110.06,1.55,60.37,196.12,751,0,1,1,49,1,1.835970493,1,Low - Medium (10-20%),Europe & Central Asia,10594438,70.88625182383436,4.275085033979511,2.105459687558888,32.23450691825065,72.9121853567256,78.7191728513432,147.75083485476154,19257.69306809109,1241.2173255438372,4.701025671631613,1,1,1,1,,15989.25,1509.21172033854,7.320005132124894,1.74513,3718.34571,1.835970493,1,1,1,1,1
CZE,Czechia,2018,116.51,1.35,65.6,195.07,815,0,3,1,7,1,1.835970493,1,Low - Medium (10-20%),Europe & Central Asia,10629928,76.67032175570709,4.352473225022526,1.9685622468279822,31.244940212094257,72.8498744351241,80.6881675434288,145.14171789078912,19736.6295261285,1237.0732896779734,4.757977106231849,1,1,1,1,,15425.94,1451.1801020665428,7.280821224928671,1.87652,3906.6782,1.835970493,1,1,1,1,1
CZE,Czechia,2019,127.9,1.52,73.2,205.71,882,0,1,1,35,1,1.835970493,1,Low - Medium (10-20%),Europe & Central Asia,10671870,82.64718367071562,4.426607758853089,1.8915177090881117,30.817292760290645,72.7876426709563,80.8669444139622,138.15460999387147,20360.059922181354,1232.211411870647,4.851248708584797,1,1,1,1,,15715.77,1472.6350677060348,7.295487462521118,1.89547,4027.58714,1.835970493,1,1,1,1,1
CZE,Czechia,2020,134.48,1.57,77.43,206.03,918,0,4,1,57,1,1.835970493,1,Low - Medium (10-20%),Europe & Central Asia,10697858,85.81157087708586,4.463739917817529,1.9439913882530087,29.672849010640807,72.7254901604208,81.33889705,128.78043030596479,19233.1469549829,1229.2180359844,4.90141548910036,1,1,1,1,,14605.57,1365.2798532192146,7.2198468897326995,1.94537,4187.18471,1.835970493,1,1,1,1,1
CZE,Czechia,2021,141.97,1.59,75.22,230.24,1070,0,2,1,163,1,1.835970493,1,Low - Medium (10-20%),Europe & Central Asia,10505772,101.84877417861344,4.633259697492339,1.7588666649227818,28.51640559913947,72.6810594374316,82.67062427,137.37811630286845,20373.878304342365,1251.692878924081,4.955615767675482,1,1,1,1,,14812.42,1409.9316071203525,7.252005479466391,1.93302,4560.45106,1.835970493,1,1,1,1,1
CZE,Czechia,2022,135.49,1.66,67.96,236.68,1026,0,,1,216,1,1.835970493,1,Low - Medium (10-20%),Europe & Central Asia,10672118,96.13836728566906,4.57613642892859,2.076349755002644,29.218573046432617,72.6967638379524,84.54009378,144.0114941093966,20627.348651010972,1232.1827775892284,4.90889783685834,1,1,1,1,,14098.3,1321.0404907441991,7.186931648342137,1.89089,4696.6857,1.835970493,1,1,1,1,1
CZE,Czechia,2023,149.71,1.41,81.91,238.21,1118,0,,1,127,1,1.835970493,1,Low - Medium (10-20%),Europe & Central Asia,10864042,102.90829140756267,4.64350869672641,2.1412191541263934,30.02372822274633,72.7352388396817,85.99404818,131.89259829587624,20272.587401733424,,5.008700089461746,1,1,1,0,,13409.42,1234.2938291291584,7.1190641390872065,1.83369,4504.58395,1.835970493,1,1,1,1,1
DEU,Germany,2016,102.15,1.91,45.51,209.09,5930,0,275,1,1375,1,2.041904513,2,Medium - High (20-40%),Europe & Central Asia,82348669,72.01087852433899,4.290608450927238,0.7305310136109989,26.173240569477436,80.8347870684725,84.1652066441212,76.00599021660548,42516.933706310316,1299.3531200850375,4.626442321263631,1,1,1,1,,108936.51,1322.8691042960268,7.18831386778485,2.88393,4839.84645,2.041904513,1,1,1,1,1
DEU,Germany,2017,114.41,2.41,52.77,220.71,6300,0,489,1,1147,1,2.041904513,2,Medium - High (20-40%),Europe & Central Asia,82657002,76.2185882328517,4.346640208266113,0.8600076205105741,25.975470356513885,80.9842544038853,84.3941537010844,77.45483947424478,43543.480705055095,1294.5061810976401,4.739788487712852,1,1,1,1,,109775.28,1328.0820419787303,7.1922437889213136,2.9886,5058.39528,2.041904513,1,1,1,1,1
DEU,Germany,2018,118.8,1.73,56.12,224.06,7256,0,736,1,3923,1,2.041904513,2,Medium - High (20-40%),Europe & Central Asia,82905782,87.52103683190637,4.483240228082016,0.7424512890102882,25.85064778117838,81.1423036204018,87.037112092841,79.12522604636536,43905.85500619728,1290.6216842632277,4.777441406928545,1,1,1,1,,109110.06,1316.0729851145966,7.183167117910584,3.05057,5209.2143,2.041904513,1,1,1,1,1
DEU,Germany,2019,124.9,2.18,59.61,227.33,8550,0,987,1,1507,1,2.041904513,2,Medium - High (20-40%),Europe & Central Asia,83092962,102.8968012958787,4.643398111258593,0.8331260177311381,25.541574316989323,81.3053991689039,88.1345169091916,79.0732427175683,44235.2658954682,1287.714355398716,4.827513417131532,1,1,1,1,,110381.76,1328.4128684689324,7.192492671468058,3.11256,5398.63462,2.041904513,1,1,1,1,1
DEU,Germany,2020,120.14,1.83,54.7,229.2,10050,0,1186,1,4359,1,2.041904513,2,Medium - High (20-40%),Europe & Central Asia,83160871,120.85010509329562,4.8027916425517265,0.7286595261278805,25.235342189456112,81.4700055002738,89.81294133,72.93353271201373,42372.87267842554,1286.662810446033,4.788657729422015,1,1,1,1,,109197.76,1313.0906240748727,7.180900164759876,3.0897,5390.05249,2.041904513,1,1,1,1,1
DEU,Germany,2021,135.21,2.6,63.24,245.37,11870,0,1174,1,5853,1,2.041904513,2,Medium - High (20-40%),Europe & Central Asia,83196078,142.67499484771386,4.967553768533104,0.7538956207194338,25.157046877800525,81.6325870653934,91.43060973,79.91953486098512,44011.019463167424,1286.1183191832674,4.906829125370667,1,1,1,1,,117127.47,1407.8484565101735,7.250527952182598,3.0786,5520.57631,2.041904513,1,1,1,1,1
DEU,Germany,2022,143.87,2.81,68.47,257.03,12257,0,,1,5927,1,2.041904513,2,Medium - High (20-40%),Europe & Central Asia,83177813,147.35900786427263,4.999635065245785,0.9946382780324812,25.560348825259,81.7867852780995,91.62984383,88.78575421305011,44817.13163313894,1286.4007376582504,4.968910114048942,1,1,1,1,,112300.79,1350.129150426208,7.208695929561574,3.07096,5801.62324,2.041904513,1,1,1,1,1
DEU,Germany,2023,145.76,2.35,70.5,259.01,13936,0,,1,5160,1,2.041904513,2,Medium - High (20-40%),Europe & Central Asia,83287273,167.32448425823716,5.125893570462517,0.9291566630562816,26.795850506362413,81.9034366692129,92.4763763,81.96254837876336,44368.99200748806,,4.981961433511648,1,1,1,0,,108782.34,1306.1099983427239,7.1755738710184085,3.1539,5926.07432,2.041904513,1,1,1,1,1
DJI,Djibouti,2016,,8.58,,137.01,0,1,,0,,0,3.175518835,3,High (40-80%),Middle East & North Africa,1037653,0,0,0.9955877199622596,11.338707122145548,71.1492236341041,30.79999924,213.07199860792073,2502.8518144943146,289.113990900619,#NUM!,0,0,0,0,wue_total,4.06,3.9126760101883766,1.5918188055995146,,,3.175518835,1,0,0,0,0
DJI,Djibouti,2017,,11.76,,142.28,1,0,,0,,0,3.175518835,3,High (40-80%),Middle East & North Africa,1054841,0.9480101740451878,0.6668084280225094,1.2942409518358942,12.406124454316632,71.318261933957,55.6814092453962,305.96796640346764,2596.45134698268,284.40305221355635,#NUM!,0,0,0,0,wue_total,5.74,5.441578399019378,1.8627736031013074,,,3.175518835,1,0,0,0,0
DJI,Djibouti,2018,,13.53,,146.04,0,1,,0,,0,3.175518835,3,High (40-80%),Middle East & North Africa,1071882,0,0,1.4167110203576694,13.991615352663011,71.5153442785902,57.06169891,300.39890052384357,2677.1650334451,279.88155412629374,#NUM!,0,0,0,0,wue_total,5.7,5.317749528399582,1.8433630574660895,,,3.175518835,1,0,0,0,0
DJI,Djibouti,2019,,15.32,,153.59,0,1,,0,,0,3.175518835,3,High (40-80%),Middle East & North Africa,1088709,0,0,1.51935229833123,14.61034673366846,71.7418146554518,58.4762001,320.9392303641797,2781.9435011348387,275.55572701245234,#NUM!,0,0,0,0,wue_total,5.21,4.7854844591162555,1.7553521011524873,,,3.175518835,1,0,0,0,0
DJI,Djibouti,2020,,17.15,,155.8,0,1,,0,,0,3.175518835,3,High (40-80%),Middle East & North Africa,1105188,0,0,1.9974447358868224,14.545693356720443,71.9990170519895,59.92570114,225.7448713237232,2773.4066178009693,271.44702982659965,#NUM!,0,0,0,0,wue_total,9.98,9.030137858898215,2.305594346535241,,,3.175518835,1,0,0,0,0
DJI,Djibouti,2021,,14.75,,165.15,0,1,,0,,0,3.175518835,3,High (40-80%),Middle East & North Africa,1121248,0,0,3.007162261842655,15.405978814871466,72.2882954556515,61.41120148,263.4777287338912,2854.15987035097,267.55900567938585,#NUM!,0,0,0,0,wue_total,8.17,7.28652358800194,2.1146305311352984,,,3.175518835,1,0,0,0,0
DJI,Djibouti,2022,,16.15,,170.37,1,0,,0,,0,3.175518835,3,High (40-80%),Middle East & North Africa,1137096,0.8794332228765205,0.630970254195133,2.6310179224764427,15.03087278027378,72.6109938538856,63.77600098,302.28540923154515,2959.786730112679,263.82996686295616,#NUM!,0,0,0,0,wue_total,11.08,9.744120109471847,2.374358638372136,,,3.175518835,1,0,0,0,0
DJI,Djibouti,2023,,17.76,,182.57,2,0,,0,,0,3.175518835,3,High (40-80%),Middle East & North Africa,1152944,1.7346896293315202,1.0060179483856788,2.50202235262172,14.432376023443034,72.8408245988921,64.75869751,285.9020438006442,3117.8155381530996,,#NUM!,0,0,0,0,wue_total,17.48,15.161187360357484,2.78261252566342,,,3.175518835,1,0,0,0,0
DMA,Dominica,2016,,0.01,,17.88,0,1,,0,,0,-9999,-9999,NoData,Latin America & Caribbean,69606,0,0,13.500411045021519,12.510880603510808,70.2511605730541,67.02999878,,8499.522919031491,2873.315518777117,#NUM!,0,0,0,0,"wue_total, trade_share",10.8,155.15903801396433,5.05087496238687,,,,0,0,0,0,0
DMA,Dominica,2017,,0,,17.55,1,0,,0,,0,-9999,-9999,NoData,Latin America & Caribbean,68496,14.599392665265125,2.7472319817838584,11.743783940147003,11.647798245960054,70.6405848604787,69.61969757,,7985.6341102129,2919.8785330530254,#NUM!,0,0,0,0,"wue_total, trade_share",11.75,171.5428638168652,5.150645691498778,,,,0,0,0,0,0
DMA,Dominica,2018,,0,,15.79,0,1,,0,,0,-9999,-9999,NoData,Latin America & Caribbean,68174,0,0,9.64769551837572,16.427316567035714,71.0362526779762,,,8261.16492553236,2933.669727462083,#NUM!,0,0,0,0,"wue_total, internet_share, trade_share",11.52,168.97937630181593,5.135677113819225,,,,0,0,0,0,0
DMA,Dominica,2019,,0,,17.52,2,0,,0,,0,-9999,-9999,NoData,Latin America & Caribbean,67880,29.463759575721863,3.4165377664993546,10.116700201207243,16.447829836159816,71.4382284948964,73.38200378,,8624.516959935374,2946.375957572186,#NUM!,0,0,0,0,"wue_total, trade_share",4.93,72.62816735415439,4.299027661136796,,,,0,0,0,0,0
DMA,Dominica,2020,,0,,15.49,0,1,,0,,0,-9999,-9999,NoData,Latin America & Caribbean,67573,0,0,12.252914609809894,12.14368238630396,71.846576780589,75.65670013,,7302.944549512538,2959.762035132376,#NUM!,0,0,0,0,"wue_total, trade_share",5.02,74.29002708182261,4.321347683562094,,,,0,0,0,0,0
DMA,Dominica,2021,,0.01,,15.97,0,1,,0,,0,-9999,-9999,NoData,Latin America & Caribbean,67202,0,0,14.015106654560288,13.040674798994644,72.2613620044042,78.07949829,,7738.317300703863,2976.1019017291155,#NUM!,0,0,0,0,"wue_total, trade_share",6.51,96.8721169012827,4.583661696929799,,,,0,0,0,0,0
DMA,Dominica,2022,,0.01,,17.05,0,1,,0,,0,-9999,-9999,NoData,Latin America & Caribbean,66826,0,0,12.943819957557348,12.606775368995466,72.682648635692,80.57980347,,8590.922090698159,2992.847095441894,#NUM!,0,0,0,0,"wue_total, trade_share",5.06,75.71903151467991,4.340149806859945,,,,0,0,0,0,0
DMA,Dominica,2023,,0.01,,17.69,2,0,,0,,0,-9999,-9999,NoData,Latin America & Caribbean,66510,30.070666065253345,3.436264160743676,12.10972170728145,12.750120777017537,73.1105011438027,81.33650208,,8946.988225880425,,#NUM!,0,0,0,0,"wue_total, trade_share",3.7,55.63073222071869,4.0365518099506295,,,,0,0,0,0,0
DNK,Denmark,2016,301.4,0.94,1493.09,541.56,659,0,26,1,30,1,0.951421243,0,Low (<10%),Europe & Central Asia,5728010,115.0486818284186,4.754009774003792,0.9287978049966499,20.23196293199658,87.6999969482422,96.9677852516645,101.45278380864333,54300.20396219914,1047.484204811095,5.708438286192395,1,1,1,1,,14258.86,2489.321771435455,7.820167206585947,3.10209,7852.0565,0.951421243,1,1,1,1,1
DNK,Denmark,2017,307.29,1.27,1717.46,560.16,696,0,37,1,83,1,0.951421243,0,Low (<10%),Europe & Central Asia,5764980,120.72895309263865,4.801796877143322,1.2598580673451407,20.423625228471142,88.0161943799509,97.0993621555621,104.2156769204417,55601.01457177868,1040.7668370055057,5.727791927116553,1,1,1,1,,14543.37,2522.7095323834606,7.833485134781684,2.93576,7647.61749,0.951421243,1,1,1,1,1
DNK,Denmark,2018,253.59,0.77,1291.94,547.27,905,0,37,1,1681,1,0.951421243,0,Low (<10%),Europe & Central Asia,5793636,156.20587831199614,5.0575562731381885,0.9970448873478298,20.57556362812731,88.1059762310689,97.3192043651002,108.81398550190869,56355.07330847141,1035.619082731466,5.535718789608946,1,1,1,1,,14575.72,2515.815629425114,7.830749742323317,2.97895,7597.52556,0.951421243,1,1,1,1,1
DNK,Denmark,2019,302.21,1.66,1212.65,573.71,1007,0,36,1,108,1,0.951421243,0,Low (<10%),Europe & Central Asia,5814422,173.19004365352222,5.160146908097998,1.2412274116914404,20.640220052755414,88.2096490810669,98.0464347521549,111.89147506565256,57114.62273363469,1031.916844013042,5.711122139959587,1,1,1,1,,14795.84,2544.6794195536545,7.842152855853001,2.90605,7693.54905,0.951421243,1,1,1,1,1
DNK,Denmark,2020,295.29,1.45,1015.55,549.11,1210,0,24,1,343,1,0.951421243,0,Low (<10%),Europe & Central Asia,5831404,207.49719964523123,5.339925610190536,1.3375200866845138,19.555054406580567,88.2394485473632,96.54914573,104.4334326711514,55934.555594552316,1028.911733778006,5.68795792430923,1,1,1,1,,15124.46,2593.6223935093503,7.861196271913415,2.96533,7651.2843,0.951421243,1,1,1,1,1
DNK,Denmark,2021,313.52,1.05,1191.23,605.97,1622,0,15,1,646,1,0.951421243,0,Low (<10%),Europe & Central Asia,5856733,276.94620874811943,5.627427601256513,1.0810312092896883,19.393098098642785,88.2616449318149,98.8658506,112.32147269729072,59312.81580437706,1024.4619312507502,5.747863153891376,1,1,1,1,,15879.3,2711.2897241516725,7.905548473793728,2.74323,7708.2373,0.951421243,1,1,1,1,1
DNK,Denmark,2022,325.14,0.9,1429.25,629.78,1796,0,,1,512,1,0.951421243,0,Low (<10%),Europe & Central Asia,5903037,304.2501681761439,5.72113166393626,1.002285337296636,20.668856729155408,88.3880239837703,97.86011812,131.9958249090708,59108.74493740683,1016.425951590681,5.784255858806078,1,1,1,1,,15700.65,2659.7580194737047,7.886366330906541,2.86709,9037.46818,0.951421243,1,1,1,1,1
DNK,Denmark,2023,325.78,0.63,1883.47,618.26,2097,0,,1,418,1,0.951421243,0,Low (<10%),Europe & Central Asia,5946952,352.6176098276899,5.868216131072329,1.0378705697631696,23.615583540427792,88.552638542867,98.77559197,129.6253374312776,59026.98436509993,,5.786222306929459,1,1,1,0,,15603.08,2623.7104318312977,7.8727258572576275,3.04841,8837.51688,0.951421243,1,1,1,1,1
DOM,Dominican Republic,2016,7.44,0.15,29.73,54.66,2,0,,0,0,1,1.604479359,1,Low - Medium (10-20%),Latin America & Caribbean,10551430,0.18954776745900792,0.17357320754937516,5.027045105643731,25.879551487055707,74.0506780735522,63.8708647408206,51.730657124547704,7177.753764754883,2227.186267643343,2.0068708488450007,1,1,1,1,,35.65,3.3786889549568158,1.476749354229255,,,1.604479359,1,1,0,0,1
DOM,Dominican Republic,2017,7.78,0.15,31.82,56.74,1,0,,0,0,1,1.604479359,1,Low - Medium (10-20%),Latin America & Caribbean,10666843,0.09374845022093228,0.08961074174782134,4.837609340526528,25.784004982901692,73.926806252977,67.5712453277737,50.759535550847176,7379.399780671366,2203.0885801919085,2.0515563381903004,1,1,1,1,,48.58,4.55429971173289,1.7145723506502677,,,1.604479359,1,1,0,0,1
DOM,Dominican Republic,2018,8.31,0.15,35.1,59.83,5,0,,0,0,1,1.604479359,1,Low - Medium (10-20%),Latin America & Caribbean,10782053,0.4637335765275871,0.380990415731976,4.571473238752744,26.9196437003489,73.7589255716938,74.8220483597284,52.335170957701294,7818.70593240469,2179.547809679659,2.1174596088673567,1,1,1,1,,52.15,4.836741203182733,1.7641726279392123,,,1.604479359,1,1,0,0,1
DOM,Dominican Republic,2019,8.73,0.17,37.23,62.51,5,0,,0,0,1,1.604479359,1,Low - Medium (10-20%),Latin America & Caribbean,10894043,0.4589664277991192,0.37772825885720657,4.325119569610355,27.35643694815048,73.5403464672933,79.71549988,50.91298220069697,8117.0463918578635,2157.1422106558603,2.166765369851511,1,1,1,1,,71.66,6.577906843216977,2.0252370194642344,,,1.604479359,1,1,0,0,1
DOM,Dominican Republic,2020,8.19,0.19,36.21,57.28,5,0,,0,0,1,1.604479359,1,Low - Medium (10-20%),Latin America & Caribbean,11008300,0.45420273793410426,0.37445780400890316,4.522528402378887,28.82431757667584,73.2643793773663,81.61730194,44.73316134667563,7395.873426239604,2134.75286829029,2.102913897864978,1,1,1,1,,83.79,7.61152948229972,2.153101942884125,,24.56941,1.604479359,1,1,0,1,1
DOM,Dominican Republic,2021,9.16,0.21,44.29,61.29,3,0,,0,0,1,1.604479359,1,Low - Medium (10-20%),Latin America & Caribbean,11123476,0.2696998671997854,0.23878054750179842,4.215675902840547,30.86895931996856,72.9243347395035,85.24298638,51.95002273031149,8344.905103123949,2112.648959731652,2.214846178686039,1,1,1,1,,100.61,9.04483454632347,2.307058526884204,,23.40074,1.604479359,1,1,0,1,1
DOM,Dominican Republic,2022,9.64,0.22,46.96,64.12,6,0,,0,0,1,1.604479359,1,Low - Medium (10-20%),Latin America & Caribbean,11230734,0.5342482512719116,0.42804052249297775,4.153719841887107,30.825542745173827,72.4203155643711,81.51269675,54.37819767128437,8698.135920943952,2092.4723174816536,2.265921108622454,1,1,1,1,,110.33,9.823934927138332,2.3817598789452354,,20.03771,1.604479359,1,1,0,1,1
DOM,Dominican Republic,2023,9.84,0.25,45.16,67.43,6,0,,0,2,1,1.604479359,1,Low - Medium (10-20%),Latin America & Caribbean,11331265,0.5295083999888803,0.42494637657731676,4.294253039985247,29.30868323468311,72.3577991823338,86.12689972,49.84361317644173,8809.96335385949,,2.286455711064162,1,1,1,0,,104.52,9.224036327806294,2.324741450818058,,,1.604479359,1,1,0,0,1
DZA,Algeria,2016,15.01,0.91,306.88,25.42,515,0,,0,0,1,3.873999102,3,High (40-80%),Middle East & North Africa,40850721,12.606876632605823,2.610575299702259,11.068313054579384,32.205164049827964,70.7353778263851,42.94549942,49.76093279252163,4768.7314008102685,275.3194980328499,2.7087166456453704,1,1,1,1,,4300.31,105.26888864458476,4.665972567482783,,,3.873999102,1,1,0,0,1
DZA,Algeria,2017,14.56,0.88,324.62,23.47,514,0,,0,0,1,3.873999102,3,High (40-80%),Middle East & North Africa,41689299,12.329303018503621,2.5899648461397216,11.031880930478364,33.47669494984163,71.3227912436551,47.69110107,49.82081617125868,4742.900755325293,269.78146118503935,2.67827804276854,1,1,1,1,,5074.39,121.71924502736303,4.809899185606566,0.47865,821.66519,3.873999102,1,1,1,1,1
DZA,Algeria,2018,14.42,0.89,338.43,22.51,712,0,,0,0,1,3.873999102,3,High (40-80%),Middle East & North Africa,42505035,16.75095668077911,2.876439411977689,11.243830135499515,35.34325860540839,71.905249845153,49.0384680793271,52.43616767792233,4717.003588536104,264.6039463324757,2.668616131856803,1,1,1,1,,5481.87,128.96989733098678,4.86730286464925,,,3.873999102,1,1,0,0,1
DZA,Algeria,2019,14.69,0.95,316.17,24.67,640,0,,0,0,1,3.873999102,3,High (40-80%),Middle East & North Africa,43294546,14.782462437647458,2.7588993512566504,11.479179885716384,33.57432118415776,72.4824561380175,55.79069901,46.50684260816725,4672.664086786354,259.77867974409526,2.6871669901857858,1,1,1,1,,5646.87,130.42913072699733,4.878467776510219,,,3.873999102,1,1,0,0,1
DZA,Algeria,2020,14.25,1,269.4,26.23,698,0,,0,0,1,3.873999102,3,High (40-80%),Middle East & North Africa,44042091,15.848475495861447,2.8242601776821994,12.834169388718584,30.02358037872132,73.0541126293395,63.47269821,40.389756562538814,4363.685337677834,255.36934656440357,2.6567569067146595,1,1,1,1,,5630.26,127.8381628156574,4.858557064936133,,,3.873999102,1,1,0,0,1
DZA,Algeria,2021,16.48,0.96,335.24,30.18,812,0,,0,0,1,3.873999102,3,High (40-80%),Middle East & North Africa,44761099,18.140752084751092,2.951819679126967,11.235434560508907,36.32148124577042,73.6199218261573,72.21240234,46.83705925996074,4456.74687637774,251.2672890359551,2.8021475244813256,1,1,1,1,,6650.05,148.5676211837426,5.00774860617719,,,3.873999102,1,1,0,0,1
DZA,Algeria,2022,16.72,0.94,474.52,26.69,973,0,,0,0,1,3.873999102,3,High (40-80%),Middle East & North Africa,45477389,21.39524764713295,3.1088487777420366,10.647063855347213,43.052130624080206,74.1795862354514,74.78150177,51.1900893683897,4544.466880603715,247.30971252549259,2.8166056076565553,1,1,1,1,,7550.23,166.0216245044323,5.118123292084394,,,3.873999102,1,1,0,0,1
DZA,Algeria,2023,17.07,1.21,430.92,29.58,929,0,,0,0,1,3.873999102,3,High (40-80%),Middle East & North Africa,46164219,20.123810607518347,3.0504008690555047,13.369245043485634,37.54765473782427,74.732808364138,76.19760132,43.73979845070066,4660.4054568789525,,2.837322536806349,1,1,1,0,,7676.5,166.28679454102755,5.11970967206826,0.37787,1782.46286,3.873999102,1,1,1,1,1
ECU,Ecuador,2016,8.81,0.53,45.31,45.05,150,0,,0,0,1,0.6573219,0,Low (<10%),Latin America & Caribbean,16505139,9.088078567529786,2.3113543868489623,8.072125858949976,27.5339637947157,62.9913367571804,54.0629247288864,40.53449179966469,5849.135879336722,26803.773055167847,2.175887439948088,1,1,1,1,,1095.45,66.37023777867003,4.210203344410752,,,0.6573219,1,1,0,0,1
ECU,Ecuador,2017,9.4,0.58,49.71,47.35,303,0,,0,10,1,0.6573219,0,Low (<10%),Latin America & Caribbean,16759519,18.079277812209288,2.9486028147906516,7.902220409515742,28.468008696983482,63.0194591842425,55.79999924,43.6177233172817,6104.272535217513,26396.93895749633,2.2407096892759584,1,1,1,1,,1555.75,92.8278430902462,4.541461646616303,,,0.6573219,1,1,0,0,1
ECU,Ecuador,2018,9.49,0.54,49.67,48.28,331,0,,0,0,1,0.6573219,0,Low (<10%),Latin America & Caribbean,17049547,19.414005545132667,3.016221211615083,7.645059948058114,28.01474885861615,63.0433276812321,57.5,48.009347615483556,6063.095617877599,25947.903483887283,2.2502386126218363,1,1,1,1,,1985.85,116.47523538308671,4.766227548673501,,,0.6573219,1,1,0,0,1
ECU,Ecuador,2019,9.44,0.55,46.76,49.08,369,0,,0,0,1,0.6573219,0,Low (<10%),Latin America & Caribbean,17340021,21.280251044678668,3.1037006827100853,7.786764598590857,26.65046312668437,63.0627139714638,59.2,48.082849493330734,5971.389383867231,25513.23323080174,2.244955980157409,1,1,1,1,,2137.31,123.25878959431479,4.822366403676426,,,0.6573219,1,1,0,0,1
ECU,Ecuador,2020,8.52,0.54,37.77,45.96,368,0,,0,0,1,0.6573219,0,Low (<10%),Latin America & Caribbean,17546065,20.973363543335786,3.089830971780574,8.385749058996455,23.98113447998113,63.0773897782521,70.7,43.9893109378389,5355.689341964435,25213.630520575407,2.1424163408412245,1,1,1,1,,2379.17,135.59564494945164,4.917025064852845,,,0.6573219,1,1,0,0,1
ECU,Ecuador,2021,9.4,0.57,48.08,48.15,377,0,,0,0,1,0.6573219,0,Low (<10%),Latin America & Caribbean,17682454,21.32057009734056,3.105508679182464,8.079999832803184,27.349489882698556,63.0871268249117,69.1147995,53.26127561057301,5815.094773909489,25019.151753483988,2.2407096892759584,1,1,1,1,,2473.5,139.88443006836044,4.947939909380374,,,0.6573219,1,1,0,0,1
ECU,Ecuador,2022,10.17,0.54,54.76,51.34,292,0,,0,0,1,0.6573219,0,Low (<10%),Latin America & Caribbean,17823897,16.382500415032695,2.8554639768675028,7.393039923554625,29.583590541754234,63.0901835932266,69.71811356,61.880792818785956,6107.494950065426,24820.610217844056,2.3194422100604686,1,1,1,1,,3317.49,186.12596336255757,5.231781990956641,,,0.6573219,1,1,0,0,1
ECU,Ecuador,2023,10.27,0.59,51.02,53.44,408,0,,0,0,1,0.6573219,0,Low (<10%),Latin America & Caribbean,17980083,22.691775115832336,3.1651279463821775,8.051374684158537,27.714399138736756,63.1307729554263,72.6943146,57.16269382643093,6165.409775556953,,2.329227023940467,1,1,1,0,,3529.8,196.317225009473,5.284812712864422,,,0.6573219,1,1,0,0,1
EGY,Egypt,2016,4.44,0.63,83.27,18.11,685,0,,0,0,1,4.851625216,4,Extremely High (>80%),Middle East & North Africa,101644589,6.739168378161281,2.0462942371470376,11.769316084742009,32.45595334760464,42.5210717266225,41.2480670885772,30.246549051450504,3381.2224630771243,9.83820201191428,1.4906543764441336,1,1,1,1,,10948.53,107.71384987350385,4.688719199750408,0.70848,646.99675,4.851625216,1,1,1,1,1
EGY,Egypt,2017,4.39,0.62,20.36,17.91,734,0,,0,0,1,4.851625216,4,Extremely High (>80%),Middle East & North Africa,103696057,7.078379074722195,2.0891912428441293,10.98638064498482,34.395867775376786,42.4486008687179,44.9502042452857,42.832134358160786,3452.9096124597622,9.643568221692362,1.47932922708708,1,1,1,1,,11384.08,109.7831521212036,4.707574706083559,0.64486,636.00218,4.851625216,1,1,1,1,1
EGY,Egypt,2018,4.59,0.64,22.14,18.32,900,0,,0,0,1,4.851625216,4,Extremely High (>80%),Middle East & North Africa,105682094,8.516106806135012,2.252985816225456,10.83024902490249,35.32987505893446,42.4577177449969,46.92433676792,45.911019673395906,3568.639662863646,9.462340895705568,1.5238800240724537,1,1,1,1,,12832.25,121.42312395891777,4.807483273467845,0.68839,645.44342,4.851625216,1,1,1,1,1
EGY,Egypt,2019,4.82,0.67,23.78,18.98,1087,0,,0,3,1,4.851625216,4,Extremely High (>80%),Middle East & North Africa,107553158,10.106630248830072,2.4075422497082966,10.69713545389564,35.82542441029307,42.4812027332648,57.2828663990195,41.12401715511079,3701.2446344953996,9.297727919806874,1.572773928062509,1,1,1,1,,14815.5,137.7504879958987,4.932677269707917,0.79617,776.5619,4.851625216,1,1,1,1,1
EGY,Egypt,2020,4.9,0.72,22.15,20.1,1495,0,,0,4,1,4.851625216,4,Extremely High (>80%),Middle East & North Africa,109315124,13.676058218623071,2.686217473412332,11.16682394434873,32.369444299970745,42.5181534630674,71.91420096,32.12625556675226,3770.869478685437,9.14786502917931,1.589235205116581,1,1,1,1,,17901.1,163.75684667384175,5.1044707304786945,0.91564,790.65531,4.851625216,1,1,1,1,1
EGY,Egypt,2021,5.04,0.77,21.96,20.93,1948,0,,0,37,1,4.851625216,4,Extremely High (>80%),Middle East & North Africa,110957008,17.556349392550313,2.920812015799876,11.43693265897255,31.18763578514505,42.5686062621468,72.05599976,29.856973480812233,3837.3199232525626,9.01249968816751,1.6174060820832772,1,1,1,1,,20781.71,187.29515489458763,5.238010704554516,0.91175,808.43512,4.851625216,1,1,1,1,1
EGY,Egypt,2022,5.37,0.78,24.69,21.88,2382,0,,0,16,1,4.851625216,4,Extremely High (>80%),Middle East & North Africa,112618250,21.151101175875137,3.0978872097418826,10.945753522473701,32.711431431303794,42.6325129008032,72.19806556,36.98310487727128,4029.782954582041,8.879555489452198,1.6808279085207734,1,1,1,1,,22502.97,199.81637079247815,5.302390912345347,1.01968,829.2751,4.851625216,1,1,1,1,1
EGY,Egypt,2023,5.57,0.79,25.68,22.77,2647,0,,0,9,1,4.851625216,4,Extremely High (>80%),Middle East & North Africa,114535772,23.1106837084924,3.1826550496712347,10.600311164503614,32.73447525454438,42.7098115041919,74.01190186,40.45040077200307,4111.311847901801,,1.7173950539391927,1,1,1,0,,22854.4,199.53940678026774,5.301010769979644,1.03356,845.3181,4.851625216,1,1,1,1,1
ERI,Eritrea,2016,3.19,0.02,660.89,38.3,0,1,,0,,0,3.942539986,3,High (40-80%),Sub-Saharan Africa,3124698,0,0,,,35.5254287719727,1.177099943,,,896.0865978088121,1.1600209167967532,0,0,0,0,"agri_share, industry_share, trade_share",8.85,2.832273710931424,1.3434582852538697,,,3.942539986,1,0,0,0,0
ERI,Eritrea,2017,2.82,0.02,582.64,33.82,0,1,,0,,0,3.942539986,3,High (40-80%),Sub-Saharan Africa,3150347,0,0,,,35.4427146911621,2.496099949,,,888.790980803067,1.0367368849500223,0,0,0,0,"agri_share, industry_share, trade_share",13.65,4.332856031414952,1.6738869354571382,,,3.942539986,1,0,0,0,0
ERI,Eritrea,2018,3.21,0.02,663.05,38.53,0,1,,0,,0,3.942539986,3,High (40-80%),Sub-Saharan Africa,3192760,0,0,,,35.3451042175293,5.293000221,,,876.9841766997831,1.1662709371419244,0,0,0,0,"agri_share, industry_share, trade_share",20.38,6.383191971836279,1.9992060616130585,,,3.942539986,1,0,0,0,0
ERI,Eritrea,2019,3.34,0.02,690.1,40.05,0,1,,0,,0,3.942539986,3,High (40-80%),Sub-Saharan Africa,3240194,0,0,,,35.2352333068848,11.22379971,,,864.1457888015346,1.205970806988609,0,0,0,0,"agri_share, industry_share, trade_share",29.31,9.045754667776064,2.307150124143342,,,3.942539986,1,0,0,0,0
ERI,Eritrea,2020,3.31,0.02,683.82,39.7,0,1,,0,,0,3.942539986,3,High (40-80%),Sub-Saharan Africa,3291271,0,0,,,35.116138458252,14.34939957,,,850.7351719138289,1.1969481893889715,0,0,0,0,"agri_share, industry_share, trade_share",36.08,10.962330358089625,2.481762575536586,,,3.942539986,1,0,0,0,0
ERI,Eritrea,2021,3.41,0.02,704.86,40.93,1,0,,0,,0,3.942539986,3,High (40-80%),Sub-Saharan Africa,3350183,0.29849115705022683,0.2612029419705821,,,34.9871139526367,,,,835.775239740635,1.2267122912954254,0,0,0,0,"agri_share, industry_share, internet_share, trade_share",32.01,9.554701937177759,2.356571441884763,,,3.942539986,1,0,0,0,0
ERI,Eritrea,2022,3.5,0.02,723.38,42,2,0,,0,,0,3.942539986,3,High (40-80%),Sub-Saharan Africa,3409447,0.5866053937779353,0.4615967614627017,,,34.8469276428223,,,,821.2475512891093,1.252762968495368,0,0,0,0,"agri_share, industry_share, internet_share, trade_share",29.98,8.79321485273125,2.281689783917092,,,3.942539986,1,0,0,0,0
ERI,Eritrea,2023,3.6,0.02,743.15,43.15,4,0,,0,,0,3.942539986,3,High (40-80%),Sub-Saharan Africa,3470390,1.1526082082993554,0.7666802270431298,,,34.696403503418,,,,,1.2809338454620642,0,0,0,0,"agri_share, industry_share, internet_share, trade_share",29.08,8.379461674336314,2.2385223705755166,,,3.942539986,1,0,0,0,0
ESP,Spain,2016,35.29,0.49,34.5,181.19,3027,0,72,1,167,1,3.940242667,3,High (40-80%),Europe & Central Asia,46458139,65.15542949320462,4.192006965699203,2.815220750030945,19.79372501596218,79.3615955277997,80.5613329432179,63.188677850729356,26719.24422686151,2393.552613030841,3.5635996376871786,1,1,1,1,,53890.2,1159.9732826146997,7.0570139690426625,1.1808,2712.74943,3.940242667,1,1,1,1,1
ESP,Spain,2017,37.64,0.52,38.37,193.46,3381,0,119,1,237,1,3.940242667,3,High (40-80%),Europe & Central Asia,46571232,72.59846593708322,4.298624182271455,2.8034467669039267,19.904719903181473,79.4663233085683,84.6022457016524,66.167446137857,27426.281015093024,2387.7401396639025,3.6280673147171787,1,1,1,1,,53940.53,1158.2371280192888,7.055517419495702,1.20198,2847.3656,3.940242667,1,1,1,1,1
ESP,Spain,2018,39.42,0.53,37.87,207.33,3665,0,154,1,164,1,3.940242667,3,High (40-80%),Europe & Central Asia,46782011,78.34207896706279,4.373768618008108,2.701282546218848,19.73857438405116,79.5580057813361,86.107235525659,67.00941039829213,27956.722546648427,2376.9820412380304,3.674273301724574,1,1,1,1,,54675.87,1168.7370600635359,7.064534267546679,1.23288,2984.29629,3.940242667,1,1,1,1,1
ESP,Spain,2019,40.62,0.51,40.02,210.28,4217,0,154,1,335,1,3.940242667,3,High (40-80%),Europe & Central Asia,47118501,89.49775375918686,4.505325030057374,2.51980122994951,19.97790557624969,79.6349761108307,90.718665325267,66.36622504406921,28301.43939495632,2360.007165762765,3.7042605561522386,1,1,1,1,,57221.5,1214.4168168677522,7.102842356093727,1.24207,3048.15265,3.940242667,1,1,1,1,1
ESP,Spain,2020,36.56,0.51,36.09,187,4541,0,139,1,384,1,3.940242667,3,High (40-80%),Europe & Central Asia,47359424,95.88376750528047,4.573511986858651,2.784680317459755,20.119392781173453,79.6955674617799,93.20564892,59.446128014707575,25077.01988292799,2348.0015297483346,3.5989547465859495,1,1,1,1,,60134.98,1269.757419346992,7.147368394867506,1.39637,3051.64642,3.940242667,1,1,1,1,1
ESP,Spain,2021,38.67,0.54,38.98,196.87,5132,0,111,1,859,1,3.940242667,3,High (40-80%),Europe & Central Asia,47443821,108.17003967703191,4.692906663734742,2.768249271129947,20.31657485305235,79.7846242983598,93.89752157,66.52458894319103,26705.362913895937,2343.8247100713074,3.6550641056192057,1,1,1,1,,63622.32,1341.0032889214383,7.201918768289755,1.39617,3229.64887,3.940242667,1,1,1,1,1
ESP,Spain,2022,41.51,0.48,41.05,212.67,5166,0,,1,906,1,3.940242667,3,High (40-80%),Europe & Central Asia,47786102,108.10674618323127,4.692326725787377,2.3696400004942353,21.223479372582883,79.9548794567814,94.4855432,78.4657338703054,28203.10934194735,2327.0364257791944,3.7259343620649474,1,1,1,1,,61269.93,1282.1704938394012,7.157089242645418,1.40684,3387.49657,3.940242667,1,1,1,1,1
ESP,Spain,2023,42.6,0.53,41.77,218.54,5849,0,,1,828,1,3.940242667,3,High (40-80%),Europe & Central Asia,48352528,120.96575384848545,4.803740299167953,2.606223556361796,19.957523263057322,80.128491001856,95.44564516,71.79763660557326,28558.631981750077,,3.751854253275325,1,1,1,0,,60303.76,1247.168710599785,7.129432724568203,1.49362,3653.80306,3.940242667,1,1,1,1,1
EST,Estonia,2016,11.54,0.55,2.86,252.11,71,0,0,1,27,1,1.218060312,1,Low - Medium (10-20%),Europe & Central Asia,1315790,53.95997841600864,4.006605255192194,2.0715978609000993,23.234041759237105,68.724038178078,87.2402327514547,147.74623270970037,18264.9873304279,9659.596136161546,2.4458192610799534,1,1,1,1,,1551.31,1178.9951284019485,7.073265588978264,1.21835,3296.37262,1.218060312,1,1,1,1,1
EST,Estonia,2017,12,0.65,2.96,274.68,88,0,0,1,20,1,1.218060312,1,Low - Medium (10-20%),Europe & Central Asia,1317384,66.79905023895842,4.2165481865732835,2.3388559662831065,23.180862044637962,68.9931941915158,88.1024568740199,144.63565094413298,19270.8141210511,9647.90827883138,2.4849066497880004,1,1,1,1,,1562.61,1186.1461806124864,7.0793075383435,1.25152,3552.46537,1.218060312,1,1,1,1,1
EST,Estonia,2018,13.9,0.56,3.42,275,118,0,0,1,42,1,1.218060312,1,Low - Medium (10-20%),Europe & Central Asia,1321977,89.26025188032771,4.502697185003512,2.049384699690663,23.28866055496702,69.2803532930133,89.3570077747426,143.48522486473502,19914.345492287837,9614.388147448859,2.631888840136646,1,1,1,1,,1504.36,1137.9623094804222,7.037872872013295,1.38298,3766.08146,1.218060312,1,1,1,1,1
EST,Estonia,2019,22.97,0.62,5.8,227.57,142,0,0,1,20,1,1.218060312,1,Low - Medium (10-20%),Europe & Central Asia,1326898,107.01651521066427,4.682284134050621,2.2656489626340037,22.313384878363046,69.5787397662154,90.2289281997919,140.35214799854862,20579.875673237566,9578.731748785514,3.134189016701007,1,1,1,1,,1639.1,1235.2871132521113,7.119867903317134,1.59093,3770.42028,1.218060312,1,1,1,1,1
EST,Estonia,2020,26.66,0.52,6.49,280.27,204,0,0,1,79,1,1.218060312,1,Low - Medium (10-20%),Europe & Central Asia,1329522,153.43860425024934,5.0397966338665245,1.9318152735340803,21.77170781350522,69.8815778947665,89.05828666,137.3926412838461,19946.945696898005,9559.826764807203,3.2831643147505627,1,1,1,1,,1722.9,1295.8792708958558,7.167716096634542,1.72614,3836.37969,1.218060312,1,1,1,1,1
EST,Estonia,2021,24.33,0.54,5.93,261.44,238,0,0,1,201,1,1.218060312,1,Low - Medium (10-20%),Europe & Central Asia,1330932,178.82205852740785,5.191967798202191,1.943537712545575,22.830911325620928,70.1777274135822,90.97970174,160.47192230592688,21570.665845526815,9549.699007913252,3.1917101567954314,1,1,1,1,,1765.86,1326.7845389546574,7.1912670721102145,1.75152,4036.13127,1.218060312,1,1,1,1,1
EST,Estonia,2022,20.25,0.68,4.57,295.52,248,0,,1,209,1,1.218060312,1,Low - Medium (10-20%),Europe & Central Asia,1348840,183.8616885620237,5.219607916069629,2.446408599978728,23.090768453378615,70.4892333736738,91.52016546,175.6871195052402,21023.299493724604,9422.911538803713,3.0081547935525483,1,1,1,1,,1791.71,1328.3339758607397,7.192433325759094,1.76094,4654.85436,1.218060312,1,1,1,1,1
EST,Estonia,2023,30,0.51,6.84,292.65,296,0,,1,163,1,1.218060312,1,Low - Medium (10-20%),Europe & Central Asia,1370286,216.01329941340714,5.3799586392818375,1.7155812591916522,21.34555945018195,70.6770085523126,93.18342241,154.59261711114905,20126.37304869572,,3.4011973816621555,1,1,1,0,,1753.58,1279.7182485991975,7.155176331256253,1.83878,4800.4412,1.218060312,1,1,1,1,1
ETH,Ethiopia,2016,3.89,0.13,281.88,31.35,25,0,,0,0,1,0.961237436,0,Low (<10%),Sub-Saharan Africa,106718162,0.2342619056726258,0.21047314418900429,34.69695645236342,21.93256185363174,19.8763618469238,15.3669238595896,34.899021081611146,636.835680951429,1143.1980996824138,1.358409157630355,1,1,1,1,,1140.05,10.682811422483082,2.458118652415242,,,0.961237436,1,1,0,0,1
ETH,Ethiopia,2017,4.37,0.14,332.13,34.31,39,0,,0,0,1,0.961237436,0,Low (<10%),Sub-Saharan Africa,109666481,0.3556237023781223,0.3042616453855403,33.77928134004787,23.581906669234538,20.3084850311279,15.62440014,31.103649492901635,678.9854191575698,1112.4638894905363,1.4747630091074988,1,1,1,1,,1597.16,14.563793653595944,2.744947297105606,0.27437,89.03843,0.961237436,1,1,1,1,1
ETH,Ethiopia,2018,4.92,0.14,413.35,36.38,47,0,,0,0,1,0.961237436,0,Low (<10%),Sub-Saharan Africa,112664152,0.417169074329872,0.34866127210150427,31.21880665013897,27.305707307325775,20.7838096618652,15.88619995,31.199368977788133,705.9688120733598,1082.8644057073273,1.5933085305042167,1,1,1,1,,2048.67,18.18386739377402,2.9540696859267195,,,0.961237436,1,1,0,0,1
ETH,Ethiopia,2019,5.2,0.16,406.26,40.2,65,0,,0,0,1,0.961237436,0,Low (<10%),Sub-Saharan Africa,115737383,0.5616162929828817,0.4457213701410134,33.63332469105559,24.822364256760142,21.2486705780029,15.98460007,28.815293929260825,744.7027897400424,1054.1105806755627,1.6486586255873816,1,1,1,1,,2760.84,23.85434963567476,3.213032772866523,,,0.961237436,1,1,0,0,1
ETH,Ethiopia,2020,5.35,0.18,399.98,42.29,129,0,,0,0,1,0.961237436,0,Low (<10%),Sub-Saharan Africa,118917671,1.0847841108492615,0.7346653059325303,35.55827003581147,23.10229522252681,21.6260051727295,16.06959915,24.00611434140495,768.7054244848733,1025.9198567721696,1.6770965609079151,1,1,1,1,,4147.28,34.87522052126298,3.5800468209950527,,,0.961237436,1,1,0,0,1
ETH,Ethiopia,2021,5.52,0.2,399.01,44.32,268,0,,0,0,1,0.961237436,0,Low (<10%),Sub-Saharan Africa,122138588,2.1942287395691853,1.1613456626227954,37.5791137563489,21.85002626279751,22.1067085266113,16.6981031,24.345057465566228,790.6570196024576,998.8653217441813,1.7083778602890038,1,1,1,1,,5572.61,45.625302300039685,3.8421433615899248,,,0.961237436,1,1,0,0,1
ETH,Ethiopia,2022,5.9,0.21,440.16,46.53,588,0,,0,0,1,0.961237436,0,Low (<10%),Sub-Saharan Africa,125384287,4.689582834250994,1.738636929853155,37.64222683914619,22.717526959453668,22.7367687225342,17.9836998,26.595499696425655,811.1777293373209,973.0086832969749,1.7749523509116738,1,1,1,1,,7017.98,55.97176622298773,4.042555815697139,,,0.961237436,1,1,0,0,1
ETH,Ethiopia,2023,6.5,0.21,505.54,50.23,413,0,,0,0,1,0.961237436,0,Low (<10%),Sub-Saharan Africa,128691692,3.209220374536687,1.4372774463500184,35.786480785117384,24.483682223625582,23.0586471557617,20.33749962,20.598201507140566,842.446604881663,,1.8718021769015913,1,1,1,0,,6727.91,52.279287772516035,3.9755476585098286,,,0.961237436,1,1,0,0,1
FIN,Finland,2016,87.32,0.08,33.25,377.31,639,0,8,1,514,1,0.80862528,0,Low (<10%),Europe & Central Asia,5495303,116.28112226022841,4.76457380715999,2.089775029320823,23.476592016391848,71.6158383428171,87.7036499599455,71.72221011788594,43529.676161696894,19471.173837002254,4.4695795316817435,1,1,1,1,,11169.41,2032.5376052967415,7.61753221806871,2.74716,6543.69993,0.80862528,1,1,1,1,1
FIN,Finland,2017,90.6,0.04,35.99,385.94,625,0,28,1,73,1,0.80862528,0,Low (<10%),Europe & Central Asia,5508214,113.46690596988425,4.740285750386128,2.0680355664735255,24.47064163840752,71.9563038312956,87.4689290730615,75.93878223100407,44862.22040420497,19425.534302044183,4.506454213048934,1,1,1,1,,10919.92,1982.4792573418536,7.592607782295395,2.74723,6731.45341,0.80862528,1,1,1,1,1
FIN,Finland,2018,75.04,0.04,26.85,391.02,768,0,47,1,448,1,0.80862528,0,Low (<10%),Europe & Central Asia,5515525,139.2433177258738,4.94337889781941,2.114227808801018,24.11073499924538,72.3423467740343,88.8899599985585,79.14361484228456,45337.24095505746,19399.785151912103,4.318021304697969,1,1,1,1,,10966.86,1988.3619419728857,7.595569234130623,2.77601,6872.68968,0.80862528,1,1,1,1,1
FIN,Finland,2019,60.94,0.02,27.03,318.44,1019,0,39,1,1278,1,0.80862528,0,Low (<10%),Europe & Central Asia,5521606,184.54775657661918,5.223312296765872,2.189771841118909,24.146605287651248,72.7431214358314,89.6073851129779,80.56415029473666,45898.57084489545,19378.41997418867,4.109889773557563,1,1,1,1,,11071.51,2005.1249582096225,7.603960258809927,2.81534,7245.85837,0.80862528,1,1,1,1,1
FIN,Finland,2020,59.51,0.02,26.48,310.59,1147,0,41,1,1328,1,0.80862528,0,Low (<10%),Europe & Central Asia,5529543,207.4312470307221,5.339609236407049,2.240393930292275,24.22722061703901,73.0849439791673,92.17027106,72.1845955995888,44690.980110307435,19350.604561715136,4.086144365656761,1,1,1,1,,11048.28,1998.0457697860386,7.600425230579472,2.93278,7548.32504,0.80862528,1,1,1,1,1
FIN,Finland,2021,73.52,0.02,38.34,320.04,1397,0,46,1,1849,1,0.80862528,0,Low (<10%),Europe & Central Asia,5541017,252.11978234320523,5.533862824683238,2.1590744641507613,24.232606004084193,73.3710215780329,92.80806082,79.78927819137817,45792.04541808715,19310.534510181074,4.297557478047431,1,1,1,1,,11446.35,2065.748941033749,7.633732091750289,3.01133,7870.42868,0.80862528,1,1,1,1,1
FIN,Finland,2022,77.86,0.02,43.49,322.86,1412,0,,1,2919,1,0.80862528,0,Low (<10%),Europe & Central Asia,5556106,254.13482032200247,5.541792112587155,2.241343678959926,25.180829278373757,73.6967597835949,92.98879471,94.56253405226671,46016.149210392905,19258.09190825373,4.35491234218231,1,1,1,1,,11543.1,2077.5521561323703,7.639426851537532,2.982,8073.32591,0.80862528,1,1,1,1,1
FIN,Finland,2023,77.53,0.02,40.57,328.57,1570,0,,1,1145,1,0.80862528,0,Low (<10%),Europe & Central Asia,5583911,281.1649397707091,5.642491792758919,2.331092837127525,23.47832457281002,74.0062548602828,93.51385075,85.51418472189154,45196.481440013646,,4.350664958230868,1,1,1,0,,11224.2,2010.096507627002,7.606435378490396,3.0938,8314.89822,0.80862528,1,1,1,1,1
FJI,Fiji,2016,40.2,0.39,71.32,107.06,28,0,,0,,0,-9999,-9999,NoData,East Asia & Pacific,919166,30.46239743419578,3.448793100517965,10.664333639692888,16.20268603054266,55.1734720973874,49.41999817,97.1744905841206,5218.858245734775,31060.765955224626,3.6938669956249757,1,1,1,1,,170.68,185.69007121673343,5.229449868719694,,,,0,1,0,0,0
FJI,Fiji,2017,42.02,0.41,72.18,112.8,24,0,,0,,0,-9999,-9999,NoData,East Asia & Pacific,918759,26.122193088720763,3.3003523259059806,10.531827360184748,15.694048765653887,55.7408343449609,53.6473999,97.02166252584422,5500.678402800717,31074.52552845741,3.7381456954168546,1,1,1,1,,152.42,165.89769460761744,5.117381017556316,,,,0,1,0,0,0
FJI,Fiji,2018,43.18,0.44,74.5,115.77,18,0,,0,,0,-9999,-9999,NoData,East Asia & Pacific,917180,19.62537342724438,3.0265220376202047,10.906563975369552,15.537318237423802,56.2328347385698,58.2364006,103.23541994855594,5720.214457529074,31128.02285265706,3.7653774250866614,1,1,1,1,,145.36,158.48579341023574,5.07195484872967,,,,0,1,0,0,0
FJI,Fiji,2019,43.24,0.45,76.19,115.31,27,0,,0,,0,-9999,-9999,NoData,East Asia & Pacific,914899,29.511454269815573,3.4181021629421977,12.400516146911347,17.03717816594643,56.70989552257,63.21789932,110.69619211750137,5701.104345323565,31205.63034826795,3.7667659927710075,1,1,1,1,,154.82,169.2208648167721,5.13709679861852,,,,0,1,0,0,0
FJI,Fiji,2020,36.13,0.48,68.79,94.19,40,0,,0,,0,-9999,-9999,NoData,East Asia & Pacific,914963,43.71761481065355,3.8003674913478047,15.691834531197173,18.71176015094175,57.186684691874,68.62560272,78.07636518306049,4721.122812872529,31203.44757110397,3.587123545159549,1,1,1,1,,180.75,197.54897192564073,5.291035779652199,,,,0,1,0,0,0
FJI,Fiji,2021,34.19,0.48,62.17,90.19,39,0,,0,,0,-9999,-9999,NoData,East Asia & Pacific,916711,42.54339699207275,3.773758072792229,17.25367241479417,18.114149683562676,57.6618364761928,70.56800079,87.21593218370784,4507.333530133352,31143.948310863514,3.5319332036512097,1,1,1,1,,197.31,215.2368630898942,5.376374395249458,,,,0,1,0,0,0
FJI,Fiji,2022,40.87,0.48,69.66,109.75,34,0,,0,,0,-9999,-9999,NoData,East Asia & Pacific,919422,36.97975467195695,3.63705324596246,14.192894883330442,17.79381838423843,58.1352701465266,72.56549835,119.2137466577845,5291.516924394506,31052.11752601091,3.7103962975761857,1,1,1,1,,197.72,215.04814981586256,5.375501298656305,,,,0,1,0,0,0
FJI,Fiji,2023,43.57,0.48,69.86,118.74,37,0,,0,,0,-9999,-9999,NoData,East Asia & Pacific,924145,40.03700717960926,3.714474273729937,12.824591015320696,17.279602700597245,58.6069049738768,74.1160965,126.28213451051676,5761.56947891018,,3.774368840129351,1,1,1,0,,217.87,235.7530474113911,5.467017603837163,,,,0,1,0,0,0
FRA,France,2016,81.72,1.27,20.5,344.85,5228,0,77,1,837,1,1.916452159,1,Low - Medium (10-20%),Europe & Central Asia,66724104,78.35249462473112,4.373899884723126,1.3379847256444428,16.943357239690386,78.5999114705779,79.2698113207547,63.342756438335144,36920.53428469139,2997.417544939982,4.403298769949421,1,1,1,1,,70242.04,1052.7236154418797,6.960085470276024,2.22468,4392.04699,1.916452159,1,1,1,1,1
FRA,France,2017,81.5,1.62,20.31,336.36,5186,0,112,1,1155,1,1.916452159,1,Low - Medium (10-20%),Europe & Central Asia,66918020,77.49781000693086,4.363070726398326,1.434960065331969,16.748303264787566,78.6467804026368,80.5024597243607,65.39584815597112,37580.59793293561,2988.7315853039286,4.400603020246817,1,1,1,1,,69138.49,1033.181944116099,6.94136600101654,2.20422,4546.76212,1.916452159,1,1,1,1,1
FRA,France,2018,82.68,1.88,20.47,345.96,5844,0,189,1,1262,1,1.916452159,1,Low - Medium (10-20%),Europe & Central Asia,67158348,87.01822147263063,4.477543855232774,1.5311017054357825,16.72528325572604,78.6714432536599,82.0431867788484,66.80226078122658,38062.443596141224,2978.0363269209656,4.414977734813568,1,1,1,1,,67117.57,999.392808173304,6.908148010026508,2.20407,4670.53241,1.916452159,1,1,1,1,1
FRA,France,2019,86.8,1.79,22.17,353.48,6507,0,255,1,2383,1,1.916452159,1,Low - Medium (10-20%),Europe & Central Asia,67382061,96.56872917555906,4.580557044289305,1.4082848547253466,16.90700396035403,78.6890784549356,83.3397440866883,66.42896072817493,38705.20729406184,2968.1490448919335,4.463606621666305,1,1,1,1,,66167.74,981.9785714182891,6.890587320742002,2.19668,4773.97249,1.916452159,1,1,1,1,1
FRA,France,2020,85.61,1.71,21.8,328.49,6806,0,298,1,3184,1,1.916452159,1,Low - Medium (10-20%),Europe & Central Asia,67601110,100.67882021463849,4.6218190238894,1.460434265770403,16.272651205236027,78.7119131765249,84.70639801,58.83889072406472,35709.20459259257,2958.5313022227,4.449802098754394,1,1,1,1,,65600.63,970.4075865026477,6.878746139745928,2.2742,4883.2219,1.916452159,1,1,1,1,1
FRA,France,2021,90.31,2.29,22.01,334.58,7166,0,316,1,4396,1,1.916452159,1,Low - Medium (10-20%),Europe & Central Asia,67842811,105.62651951435208,4.669332256724151,1.4633454145789826,16.087728957467164,78.7364603392338,86.09548575,63.788482630871954,38030.85716851778,2947.9910553824193,4.503248196262708,1,1,1,1,,67690.4,997.7534686762904,6.906507970092016,2.21278,5058.05374,1.916452159,1,1,1,1,1
FRA,France,2022,95.09,1.95,24.92,352.77,7257,0,,1,5353,1,1.916452159,1,Low - Medium (10-20%),Europe & Central Asia,68184457,106.4318808023946,4.6768569797614905,1.7201713701883332,15.769153788104976,78.7591921123356,85.33331734,75.96300779819963,38868.330333055725,2933.2198099047705,4.554823811551353,1,1,1,1,,65197.8,956.1973926110463,6.864009632055421,2.21937,5181.84576,1.916452159,1,1,1,1,1
FRA,France,2023,100.49,2.22,26.02,370.74,7844,0,,1,5011,1,1.916452159,1,Low - Medium (10-20%),Europe & Central Asia,68372286,114.72484626300195,4.751215358448117,1.4847579630442362,18.110984749383654,78.7804323126547,86.83635789,70.62614506102246,39319.41522272951,,4.610058220060867,1,1,1,0,,62180.46,909.4395351941282,6.8139274886090195,2.17832,5368.63555,1.916452159,1,1,1,1,1
GAB,Gabon,2016,93.02,0.24,457.44,76.51,0,1,,0,,0,0,0,Low (<10%),Sub-Saharan Africa,2100306,0,0,4.973136909870677,45.037850904868414,88.5445883406178,48.0522995,70.13338106453078,6991.325144673602,78083.86016132888,4.532814523795951,1,1,1,1,,59.58,28.367295051292526,3.379881641932466,,,0,1,1,0,0,1
GAB,Gabon,2017,94.84,0.25,462.82,78.6,1,0,,0,,0,0,0,Low (<10%),Sub-Saharan Africa,2156900,0.46362835551022297,0.3809185277865478,5.265764844076496,45.46730899381607,89.0009733256896,51.60490036,75.06874044566383,6840.0595934780185,76035.05030367657,4.552191261197205,1,1,1,1,,56.86,26.361908294311277,3.3091518379211955,,,0,1,1,0,0,1
GAB,Gabon,2018,95.99,0.26,484.55,76.85,0,1,,0,,0,0,0,Low (<10%),Sub-Saharan Africa,2212318,0,0,5.435952803058217,47.12708562385475,89.4539949981866,55.42020035,77.0365976973024,6724.5961429107965,74130.3917429592,4.564244019375446,1,1,1,1,,61.46,27.780816320257756,3.359709065207688,,,0,1,1,0,0,1
GAB,Gabon,2019,100.06,0.28,509.85,79.32,2,0,,0,,0,0,0,Low (<10%),Sub-Saharan Africa,2267706,0.8819485418303784,0.632307698510092,5.5544308701412985,47.67886409289059,89.9031850170394,59.51760101,73.4280894486644,6817.568794687638,72319.78043009104,4.605770006060059,1,1,1,1,,77.54,34.193144966763775,3.5608513183763377,,,0,1,1,0,0,1
GAB,Gabon,2020,96.76,0.32,434.7,86.38,3,0,,0,,0,0,0,Low (<10%),Sub-Saharan Africa,2322539,1.291689827382877,0.8292894613278012,6.61619761297697,41.69438150169222,90.3480750410147,63.91790009,70.11405464637959,6534.279665294444,70612.37723026394,4.572233685741827,1,1,1,1,,68.1,29.321359081591307,3.4118523843603215,,,0,1,1,0,0,1
GAB,Gabon,2021,100.44,0.34,534.86,75.75,2,0,,0,,0,0,0,Low (<10%),Sub-Saharan Africa,2376722,0.8414951348958776,0.6105778149749086,6.7698228099570406,50.06774580260548,90.7881967286967,65.76809692,85.34831220547869,6479.049006925196,69002.60106146197,4.609560534289384,1,1,1,1,,94.55,39.781682502202614,3.7082330223188253,,,0,1,1,0,0,1
GAB,Gabon,2022,104.48,0.32,615.46,68.98,18,0,,0,,0,0,0,Low (<10%),Sub-Saharan Africa,2430747,7.405131015280488,2.128842354517852,6.506169416159753,56.12974144114513,91.2243355459988,67.67169952,92.0630888496921,6527.482079018615,67468.97147255555,4.648995665528121,1,1,1,1,,100.2,41.22189598506138,3.7429389486847624,,,0,1,1,0,0,1
GAB,Gabon,2023,106.04,0.33,584.63,76.67,10,0,,0,,0,0,0,Low (<10%),Sub-Saharan Africa,2484789,4.024486586184984,1.614323276821749,6.669425635182477,53.869796194007,91.6375962797313,68.19789886,91.47865331791436,6541.253686180423,,4.663816381420824,1,1,1,0,,90.57,36.4497750110774,3.623000702230293,,,0,1,1,0,0,1
GBR,United Kingdom,2016,313.85,0.72,447.58,351.64,6512,0,208,1,3328,1,1.298003739,1,Low - Medium (10-20%),Europe & Central Asia,65606000,99.25921409627168,4.60775897314786,0.5904960955328706,17.66779481782063,82.0229991698295,94.7758006318882,59.83953151382588,45888.709961456254,2210.163704539219,5.748915164763541,1,1,1,1,,100099.61,1525.7691369691797,7.330909106473144,2.32051,4434.65942,1.298003739,1,1,1,1,1
GBR,United Kingdom,2017,322.34,0.75,466.1,360.12,7151,0,311,1,1506,1,1.298003739,1,Low - Medium (10-20%),Europe & Central Asia,65964000,108.40761627554423,4.695080506171055,0.6061351635639909,17.821527716188367,82.23065673273,90.4245504868553,63.18992457641585,47019.45104199995,2198.1686980777395,5.775606889094572,1,1,1,1,,100863.84,1529.0740403856648,7.333071405624538,2.32602,4472.69458,1.298003739,1,1,1,1,1
GBR,United Kingdom,2018,327.17,0.73,479.4,364.49,8305,0,428,1,15438,1,1.298003739,1,Low - Medium (10-20%),Europe & Central Asia,66287000,125.2885181106401,4.83856911556944,0.5630977560361012,18.00236604209234,82.4465657551295,90.692008988783,64.90977219592008,47516.20997703218,2187.4575708660823,5.790479913483513,1,1,1,1,,101075.46,1524.8157255570475,7.330284448037051,2.70889,,1.298003739,1,1,1,0,1
GBR,United Kingdom,2019,332.8,0.79,478.46,372.25,9836,0,447,1,5125,1,1.298003739,1,Low - Medium (10-20%),Europe & Central Asia,66628000,147.62562286125953,5.001430545826451,0.5769296494701861,17.873633853404474,82.6699420738913,92.5166285497138,65.00356641770541,47866.91403540778,2176.262232094615,5.807541708947054,1,1,1,1,,102035.76,1531.4246262832442,7.334606483098857,2.6707,,1.298003739,1,1,1,0,1
GBR,United Kingdom,2020,301.19,0.79,414.16,339.94,11612,0,458,1,4898,1,1.298003739,1,Low - Medium (10-20%),Europe & Central Asia,66740000,173.98861252622115,5.16472090052755,0.6837606837606838,17.495717082721487,82.9000015258789,94.81820132,59.15988930306111,42985.039214824814,2172.610128858256,5.70774129484338,1,1,1,1,,103341.82,1548.4240335630807,7.345638549606531,2.93993,,1.298003739,1,1,1,0,1
GBR,United Kingdom,2021,324.77,0.9,450.86,365.85,13484,0,479,1,7941,1,1.298003739,1,Low - Medium (10-20%),Europe & Central Asia,66978000,201.31983636417928,5.309849793564325,0.698210493866494,16.955316594995722,82.9886431523641,96.19650269,58.538386292910005,46491.506883668466,2164.889963868733,5.783117239489637,1,1,1,1,,108095.52,1613.895906118427,7.387025779163647,2.89968,,1.298003739,1,1,1,0,1
GBR,United Kingdom,2022,340.99,0.88,484.78,382.28,13570,0,,1,8712,1,1.298003739,1,Low - Medium (10-20%),Europe & Central Asia,67636000,200.63279910107042,5.30644821691771,0.6811060582754638,16.819859671771894,83.0753982997505,95.46530151,69.1989264413981,48410.095170281995,2143.8287302619906,5.831853151340319,1,1,1,1,,101776.16,1504.7631438878705,7.317055121015979,2.75224,,1.298003739,1,1,1,0,1
GBR,United Kingdom,2023,337.07,0.78,483.47,377.22,16454,0,,1,6363,1,1.298003739,1,Low - Medium (10-20%),Europe & Central Asia,68526000,240.11324168928581,5.485266705658586,0.6481808496877366,17.671403303000837,83.1601932891335,95.44719696,64.99238417478028,47911.15401348323,,5.820290623916091,1,1,1,0,,97535.98,1423.342672854099,7.2614657040717345,2.67614,,1.298003739,1,1,1,0,1
GEO,Georgia,2016,8.04,0.45,12.88,10.62,13,0,0,1,0,1,0.928146972,0,Low (<10%),Europe & Central Asia,3727505,3.4875875418007487,1.5013152615462926,8.00327332913851,19.1221601510136,57.6984032005062,58.4592896118725,94.92625283834433,4225.091549048057,15594.881831144425,2.0844290831908747,1,1,1,1,,574.08,154.01186584592108,5.0435016678338025,0.28025,1383.73676,0.928146972,1,1,1,1,1
GEO,Georgia,2017,9.74,0.41,14.84,14.85,11,0,0,1,0,1,0.928146972,0,Low (<10%),Europe & Central Asia,3728004,2.9506406109006322,1.3738777457381237,6.9186093372036765,21.267489356555394,57.9996827205757,59.7055045962571,102.58427769714562,4442.50744127374,15592.79442833216,2.2762411176544437,1,1,1,1,,530.07,142.18600623819074,4.964144527951115,0.26645,1381.93128,0.928146972,1,1,1,1,1
GEO,Georgia,2018,10.96,0.51,15.06,17.26,20,0,0,1,0,1,0.928146972,0,Low (<10%),Europe & Central Asia,3726549,5.3668957526118675,1.8511120278227684,7.561590338079076,20.90427645788337,58.3038181862576,62.7179081974285,109.84774055626569,4713.653548453031,15598.88250496639,2.3942522815198695,1,1,1,1,,532.85,142.98752008896167,4.9697266297714044,0.27573,1544.7177,0.928146972,1,1,1,1,1
GEO,Georgia,2019,9.61,0.48,9.84,17.73,17,0,0,1,0,1,0.928146972,0,Low (<10%),Europe & Central Asia,3720161,4.569694698697179,1.7173402407129499,7.335486264730724,20.007371395245947,58.6304091780343,68.8467135616978,117.81008023971363,4975.811481948139,15625.667813839242,2.262804222982201,1,1,1,1,,621.34,167.01965318167683,5.124080955785522,0.28197,1788.43187,0.928146972,1,1,1,1,1
GEO,Georgia,2020,8.5,0.52,9.42,17.32,33,0,0,1,0,1,0.928146972,0,Low (<10%),Europe & Central Asia,3722716,8.864495706897868,2.2889420187455207,8.31654843439314,21.070955231075136,58.9990552763878,72.53157487,92.89108417521943,4659.609253182341,15614.943498241608,2.1400661634962708,1,1,1,1,,629.74,169.161440195814,5.136747634630342,0.29765,1799.17121,0.928146972,1,1,1,1,1
GEO,Georgia,2021,9.71,0.41,10.28,22.41,42,0,0,1,0,1,0.928146972,0,Low (<10%),Europe & Central Asia,3708610,11.324997775446866,2.511629539437611,7.227317370397207,21.067561260786512,59.4293560618005,76.4427093,101.60090754890983,5175.198651858251,15674.336206826816,2.2731562823032334,1,1,1,1,,663.11,178.80283987801357,5.191860916562472,0.24875,1702.96062,0.928146972,1,1,1,1,1
GEO,Georgia,2022,13.5,0.8,10.71,26.38,39,0,,1,2,1,0.928146972,0,Low (<10%),Europe & Central Asia,3712502,10.505044845767086,2.4427856214168977,6.632355201756794,21.329779714521,60.0101622679115,78.71127536,114.69543768871809,5736.304495785975,15657.904022677967,2.6026896854443837,1,1,1,1,,602.02,162.16018200124873,5.094732429925867,0.2347,1808.99963,0.928146972,1,1,1,1,1
GEO,Georgia,2023,14.54,0.78,10.36,29.3,47,0,,1,0,1,0.928146972,0,Low (<10%),Europe & Central Asia,3715483,12.649768549607144,2.6137225654144762,6.015795081339316,18.87995486187757,60.7523077799724,81.88425624,107.151179161579,6180.6206023429,,2.6769034721053733,1,1,1,0,,649.57,174.82787567592155,5.1695055373904735,0.25084,1768.16486,0.928146972,1,1,1,1,1
GHA,Ghana,2016,25.08,0.15,135.74,79.03,17,0,,0,3,1,0.112402618,0,Low (<10%),Sub-Saharan Africa,29356742,0.5790833328848276,0.45684450961544787,20.844292919241855,27.693254649198895,54.167052758274,28,67.87699944458652,1740.8110190292825,1032.1308815535458,3.22207071576472,1,1,1,1,,989.06,33.69106830723926,3.5464822563344947,,,0.112402618,1,1,0,0,1
GHA,Ghana,2017,27.78,0.12,159.16,84.89,26,0,,0,0,1,0.112402618,0,Low (<10%),Sub-Saharan Africa,30008354,0.8664253960747064,0.6240250486163851,19.561709918423904,29.952217693362122,54.6991419779128,37.88420105,70.54836529041157,1841.446361532492,1009.7188269639848,3.3243163373261977,1,1,1,1,,1095.75,36.5148318364946,3.624736370420528,,,0.112402618,1,1,0,0,1
GHA,Ghana,2018,30.05,0.1,179.61,89.58,53,0,,0,1,1,0.112402618,0,Low (<10%),Sub-Saharan Africa,30637585,1.7299013613507723,1.004265477170771,18.13655031925207,31.177743628107617,55.218477566593,43,67.95851746449021,1915.4532323780977,988.9813443194037,3.4028626609812167,1,1,1,1,,1323.87,43.210651231159375,3.7889657381336272,,,0.112402618,1,1,0,0,1
GHA,Ghana,2019,32.57,0.08,192.24,98.02,72,0,,0,0,1,0.112402618,0,Low (<10%),Sub-Saharan Africa,31258945,2.3033406917603902,1.1949342872476096,17.323230201461975,31.10772437003121,55.7246279109161,22.0732,76.82480273215198,1999.553722202112,969.322541115831,3.4833916192881422,1,1,1,1,,1653.2,52.88726155025386,3.986894115108768,,,0.112402618,1,1,0,0,1
GHA,Ghana,2020,32.22,0.06,185.07,98.63,79,0,,0,0,1,0.112402618,0,Low (<10%),Sub-Saharan Africa,31887809,2.477435812538892,1.24629518671237,18.853782661648598,29.876754233718927,56.2171613974837,62.51760101,66.57549871624315,1970.194114603976,950.2063939231447,3.472587377748828,1,1,1,1,,2090.23,65.54950200560974,4.197946061801999,,,0.112402618,1,1,0,0,1
GHA,Ghana,2021,33.23,0.03,183.14,104.28,164,0,,0,3,1,0.112402618,0,Low (<10%),Sub-Saharan Africa,32518665,5.04325746459764,1.7989431818992132,19.657473522733202,28.40501466968657,56.6952556826536,68.6,62.707830912834616,2030.0486650096655,931.77256815432,3.503453082366503,1,1,1,1,,2561.95,78.78398452088976,4.379322789086836,,,0.112402618,1,1,0,0,1
GHA,Ghana,2022,34.76,0.06,215.22,101.49,230,0,,0,38,1,0.112402618,0,Low (<10%),Sub-Saharan Africa,33149152,6.9383373668201225,2.071703853687057,19.513638208119843,31.470050501842493,57.250609602871,69.91329956,70.1154557937915,2067.2089585552126,914.0505313680422,3.548467300397191,1,1,1,1,,2973.03,89.68645713772709,4.507408031063217,,,0.112402618,1,1,0,0,1
GHA,Ghana,2023,34.66,0.06,209.32,102.88,209,0,,0,20,1,0.112402618,0,Low (<10%),Sub-Saharan Africa,33787914,6.185643777831328,1.9720851157720072,20.943068785561515,29.466622381613988,57.8074737774654,70.67430115,64.38786153010857,2091.8133559646526,,3.54558628428746,1,1,1,0,,3269.86,96.7760247051653,4.582679400823585,,,0.112402618,1,1,0,0,1
GIN,Guinea,2016,8.49,0.02,48.29,18.99,0,1,,0,,0,0.355084919,0,Low (<10%),Sub-Saharan Africa,12073030,0,0,17.589947436421056,30.103843288384258,35.3100280761719,13.10000038,111.83946741536772,807.2364210438877,18719.410123225072,2.138889000323256,1,1,1,1,,37.52,3.1077533974486937,1.4128762604320961,,,0.355084919,1,1,0,0,1
GIN,Guinea,2017,8.82,0.03,55.84,18.88,0,1,,0,,0,0.355084919,0,Low (<10%),Sub-Saharan Africa,12385659,0,0,20.52847331137446,31.65398692633304,35.5827331542969,18.70000076,101.25163376842875,867.907502577607,18246.90959116507,2.1770218700187,1,1,1,1,,36.29,2.930001544528232,1.3686398188908209,,,0.355084919,1,1,0,0,1
GIN,Guinea,2018,9.11,0.03,57.72,20.1,0,1,,0,,0,0.355084919,0,Low (<10%),Sub-Saharan Africa,12704774,0,0,22.940009265254833,33.341001434578125,35.8554382324219,21.8300230430563,88.98411154370902,899.9073280451746,17788.588761988212,2.209372711271867,1,1,1,1,,27.68,2.1787085704948392,1.156475004399841,,,0.355084919,1,1,0,0,1
GIN,Guinea,2019,9.01,0.03,57.89,19.67,0,1,,0,,0,0.355084919,0,Low (<10%),Sub-Saharan Africa,13034346,0,0,26.427276814230577,29.390798702635994,36.1281547546387,23.89049911,78.41531322859738,926.4222195485298,17338.80625848048,2.1983350716202463,1,1,1,1,,34.27,2.6292074799917082,1.2890142993692169,,,0.355084919,1,1,0,0,1
GIN,Guinea,2020,9.55,0.03,58.94,21.47,0,1,,0,,0,0.355084919,0,Low (<10%),Sub-Saharan Africa,13371183,0,0,26.30327748798879,28.512274266941233,36.4802208060551,26.14550018,115.76525951892933,945.570903389665,16902.019813804058,2.256541154492639,1,1,1,1,,43.25,3.2345679510930334,1.4432813042676578,,,0.355084919,1,1,0,0,1
GIN,Guinea,2021,10.05,0.04,63.27,22.27,1,0,,0,,0,0.355084919,0,Low (<10%),Sub-Saharan Africa,13710513,0.07293673110553923,0.0703994974231719,27.07153748075623,28.82107123353529,36.8502178436256,28.61330032,115.19553278935615,973.646890096159,16483.701229851864,2.307572634505085,1,1,1,1,,53.97,3.9363953777659524,1.5966353842391792,,,0.355084919,1,1,0,0,1
GIN,Guinea,2022,10.35,0.04,60.3,24.2,1,0,,0,,0,0.355084919,0,Low (<10%),Sub-Saharan Africa,14055137,0.07114836376194697,0.06873131012724511,28.381973713968524,26.502930068651086,37.2384967469106,31.31399918,94.16527269312208,987.5025014653369,16079.530210200015,2.336986519711378,1,1,1,1,,50.37,3.583743082689269,1.522515931308018,,,0.355084919,1,1,0,0,1
GIN,Guinea,2023,10.69,0.04,69.29,23.17,4,0,,0,,0,0.355084919,0,Low (<10%),Sub-Saharan Africa,14405468,0.2776723394200035,0.2450399376526227,29.471439765302414,25.73063932410039,37.6454083954705,32.31560135,95.82952675822696,1016.880948003239,,2.3693087250369538,1,1,1,0,,54.9,3.811052858539549,1.5709159496741183,,,0.355084919,1,1,0,0,1
GMB,Gambia,2016,9.69,0.11,12.72,17.23,1,0,,0,,0,0.024514391,0,Low (<10%),Sub-Saharan Africa,2283769,0.4378726569981465,0.36316469974346105,21.86137935992743,20.935592961492354,59.8652472486563,19.90640068,38.114087956594794,615.1933654943861,1313.6179709944395,2.2710944259026746,1,1,1,1,,52.16,22.839437789023318,3.171341259243877,,,0.024514391,1,1,0,0,1
GMB,Gambia,2017,10.38,0.12,11.39,19.63,0,1,,0,,0,0.024514391,0,Low (<10%),Sub-Saharan Africa,2342189,0,0,21.001894691389168,17.89275501958178,60.471712657237,22.5156002,55.73357960908325,628.7772992729253,1280.8530823089,2.3398808777377424,1,1,1,1,,45.83,19.56716558740563,3.0236959006559134,,,0.024514391,1,1,0,0,1
GMB,Gambia,2018,11.26,0.12,11.4,21.8,0,1,,0,,0,0.024514391,0,Low (<10%),Sub-Saharan Africa,2399632,0,0,19.871596180125746,17.31042579887381,61.0645869348107,28.30900002,64.81246400037351,658.1278332585633,1250.1916960600624,2.421256622711544,1,1,1,1,,35.71,14.881448488768278,2.765151666317138,0.06933,50.8608,0.024514391,1,1,1,1,1
GMB,Gambia,2019,11.95,0.13,12.01,23.16,1,0,,0,,0,0.024514391,0,Low (<10%),Sub-Saharan Africa,2456844,0.40702624993691094,0.3414784346297969,20.004045872555487,17.28260083323233,61.643210849607,31.11829948,55.99791161869933,682.7976429404264,1221.078749810733,2.4807312783775197,1,1,1,1,,49.97,20.33910170934744,3.0605411507677256,,,0.024514391,1,1,0,0,1
GMB,Gambia,2020,11.81,0.13,11.61,23.03,1,0,,0,,0,0.024514391,0,Low (<10%),Sub-Saharan Africa,2515733,0.39749846267469563,0.334683825992627,21.24400520176356,16.85368538914112,62.2069251698555,36.01100159,47.395520173629066,670.7586428912512,1192.4953880240869,2.468946630209271,1,1,1,1,,58.99,23.448434313180297,3.196566177599727,,,0.024514391,1,1,0,0,1
GMB,Gambia,2021,12.17,0.16,11.59,23.9,4,0,,0,,0,0.024514391,0,Low (<10%),Sub-Saharan Africa,2576010,1.5527890031482796,0.9371864882118378,23.579267737043047,15.882123147121273,62.7550706637859,41.67309952,42.09798279717544,689.4932395573704,1164.5917523612097,2.498973906999436,1,1,1,1,,75.92,29.471935279754348,3.416806105248947,,,0.024514391,1,1,0,0,1
GMB,Gambia,2022,13.2,0.16,11.98,26.22,2,0,,0,,0,0.024514391,0,Low (<10%),Sub-Saharan Africa,2636470,0.7585900844690059,0.5645123996374221,22.860438578159258,15.58896952629566,63.2869880996278,48.22539902,44.72192153694659,710.6869792163163,1137.8851267035088,2.580216829592325,1,1,1,1,,79.44,30.131198155108912,3.4382104724731684,,,0.024514391,1,1,0,0,1
GMB,Gambia,2023,13.65,0.17,13.09,26.77,7,0,,0,,0,0.024514391,0,Low (<10%),Sub-Saharan Africa,2697845,2.5946635184749307,1.2794503897062792,22.037586623017198,16.422420655096413,63.8020182456108,48.72829819,39.962017346712194,735.6123840626163,,2.613739521630969,1,1,1,0,,79.8,29.57916411061421,3.420318865615033,,,0.024514391,1,1,0,0,1
GNB,Guinea-Bissau,2016,2.96,0.13,11.26,12.03,0,1,,0,,0,0.307489251,0,Low (<10%),Sub-Saharan Africa,1831893,0,0,36.348764905033356,12.022693328345788,42.586109161377,13.80000019,54.30067304747113,663.2426080320048,8734.134581004459,1.085189268335969,1,1,1,1,,11.07,6.04292936323246,1.9520241863551002,,,0.307489251,1,1,0,0,1
GNB,Guinea-Bissau,2017,2.92,0.15,11.87,11.52,0,1,,0,,0,0.307489251,0,Low (<10%),Sub-Saharan Africa,1877072,0,0,36.358492091293684,11.70589289710188,43.0155792236328,14.80000019,56.913747593881105,677.4661313113672,8523.913840278901,1.0715836162801904,1,1,1,1,,16.46,8.76897636318692,2.2792116870944237,,,0.307489251,1,1,0,0,1
GNB,Guinea-Bissau,2018,3.33,0.14,16.85,12.09,1,0,,0,,0,0.307489251,0,Low (<10%),Sub-Saharan Africa,1922168,0.520245889016985,0.4188720908650984,32.5475708900674,16.37057219445854,43.4449081420898,15.69999981,55.01958903570047,686.4568198395259,8323.93422427176,1.2029723039923526,1,1,1,1,,15.58,8.105430950884625,2.20887104329338,,,0.307489251,1,1,0,0,1
GNB,Guinea-Bissau,2019,3.46,0.14,17.05,12.71,0,1,,0,,0,0.307489251,0,Low (<10%),Sub-Saharan Africa,1967696,0,0,31.385738512360568,15.639698687395477,43.8745574951172,17.92149925,49.943905496502005,706.2985628749851,8131.337361055774,1.2412685890696329,1,1,1,1,,13.93,7.079345589969182,2.0893108779125806,,,0.307489251,1,1,0,0,1
GNB,Guinea-Bissau,2020,3.51,0.15,17.18,12.91,0,1,,0,,0,0.307489251,0,Low (<10%),Sub-Saharan Africa,2013255,0,0,36.64074195901145,12.394858223741378,44.3038330078125,20.45730019,42.885270416360065,710.2758307556112,7947.3290765451975,1.2556160374777743,1,1,1,1,,16.18,8.036736528656329,2.2012981057594265,,,0.307489251,1,1,0,0,1
GNB,Guinea-Bissau,2021,3.74,0.16,18.11,13.86,0,1,,0,,0,0.307489251,0,Low (<10%),Sub-Saharan Africa,2058841,0,0,40.05238080001002,11.80308763659936,44.7334136962891,23.3519001,44.820224277326055,729.3968827579417,7771.362625865717,1.3190856114264407,1,1,1,1,,14.28,6.935941143585153,2.071401953572151,,,0.307489251,1,1,0,0,1
GNB,Guinea-Bissau,2022,3.89,0.17,19.02,14.36,0,1,,0,,0,0.307489251,0,Low (<10%),Sub-Saharan Africa,2105529,0,0,39.66772127723586,12.668084648348968,45.1627159118652,27.67379951,45.99347236831254,752.1492552172493,7599.040431169554,1.358409157630355,1,1,1,1,,17.19,8.16421906323779,2.2153066690674064,,,0.307489251,1,1,0,0,1
GNB,Guinea-Bissau,2023,4.04,0.17,20.27,14.69,0,1,,0,,0,0.307489251,0,Low (<10%),Sub-Saharan Africa,2153339,0,0,36.80485031285916,15.412000219721802,45.5923843383789,28.71240044,42.43515152420759,769.5046524617952,,1.3962446919730587,1,1,1,0,,13.7,6.362212359503078,1.9963604798957515,,,0.307489251,1,1,0,0,1
GNQ,Equatorial Guinea,2016,,,2063.47,350.21,0,1,,0,,0,0,0,Low (<10%),Sub-Saharan Africa,1508186,0,0,2.3322392093276143,52.330254328279814,69.253269853051,23.78000069,92.60073072379423,7971.834019045732,17239.252983385337,#NUM!,0,0,0,0,wue_total,4.65,3.083174091259301,1.4068746495032356,,,0,1,0,0,0,0
GNQ,Equatorial Guinea,2017,,,2119.18,299.38,0,1,,0,,0,0,0,Low (<10%),Sub-Saharan Africa,1562396,0,0,2.3154633968627194,56.86222809290592,69.5516019132985,26.23999977,102.42825825180255,7259.109364548028,16641.107632123993,#NUM!,0,0,0,0,wue_total,2.96,1.894526099657193,1.0628214014792348,,,0,1,0,0,0,0
GNQ,Equatorial Guinea,2018,,,2003.7,277.62,0,1,,0,,0,0,0,Low (<10%),Sub-Saharan Africa,1616422,0,0,2.257979688203853,57.29508161792209,69.8396623666175,29.39999962,103.64568162295322,6578.900397657107,16084.908520176043,#NUM!,0,0,0,0,wue_total,2.6,1.6084908520176042,0.9587718364845516,,,0,1,0,0,0,0
GNQ,Equatorial Guinea,2019,,,1713.6,293.68,0,1,,0,,0,0,0,Low (<10%),Sub-Saharan Africa,1670177,0,0,2.4378785742038103,52.0754100364789,70.1175419547293,49.13370132,94.87879242535449,6018.120663218655,15567.21233737502,#NUM!,0,0,0,0,wue_total,4.07,2.4368674697352435,1.2345604372566998,,,0,1,0,0,0,0
GNQ,Equatorial Guinea,2020,,,1417.83,316.46,1,0,,0,,0,0,0,Low (<10%),Sub-Saharan Africa,1716468,0.5825916941067355,0.45906381592108664,3.1515738386633894,45.40541057580785,70.3853314193247,55.00130081,77.92788464418066,5575.262415114922,15147.384046775122,#NUM!,0,0,0,0,wue_total,1.7,0.9904058799814502,0.6883385777291045,,,0,1,0,0,0,0
GNQ,Equatorial Guinea,2021,,,1586.97,292.18,0,1,,0,,0,0,0,Low (<10%),Sub-Saharan Africa,1758786,0,0,2.8263690019315018,50.20179211396805,70.6431215020592,58.71730042,76.9666485998527,5487.924792019916,14782.924130621917,#NUM!,0,0,0,0,wue_total,4.25,2.4164395213516596,1.228598933150699,,,0,1,0,0,0,0
GNQ,Equatorial Guinea,2022,,,1859.4,262.6,1,0,,0,,0,0,0,Low (<10%),Sub-Saharan Africa,1803545,0.5544635703572686,0.4411305152837338,2.489783032145254,56.21099906178354,70.8910029445467,63.65950012,81.81301613680989,5524.243124185794,14416.052829288983,#NUM!,0,0,0,0,wue_total,2.93,1.6245782611467972,0.9649202207157301,,,0,1,0,0,0,0
GNQ,Equatorial Guinea,2023,,,1585.91,279.09,1,0,,0,,0,0,0,Low (<10%),Sub-Saharan Africa,1847549,0.5412576337623521,0.4325987284524251,2.7690622577867434,48.29383697930553,71.1290664883517,63.51950073,60.688662681303725,4992.260768145712,,#NUM!,0,0,0,0,wue_total,3.44,1.8619262601424913,1.0514949156529578,,,0,1,0,0,0,0
GRC,Greece,2016,16.37,0.39,58.34,84.69,885,0,5,1,13,1,4.338904439,4,Extremely High (>80%),Europe & Central Asia,10775971,82.127169792866,4.420371601406667,3.458129415333269,14.305335994180737,77.7122988766348,69.0879154723892,63.65754908828659,18049.928997892017,5382.34559094489,2.7954503913830435,1,1,1,1,,10988.04,1019.6798042607948,6.928224159048126,1.00556,2726.60076,4.338904439,1,1,1,1,1
GRC,Greece,2017,16.63,0.45,55.55,86.51,781,0,13,1,58,1,4.338904439,4,Extremely High (>80%),Europe & Central Asia,10754679,72.6195547073046,4.298910679403713,3.752270209453902,13.543893890113159,77.8895342613411,69.8929706543154,70.88249673972527,18352.088446125785,5393.001501950918,2.811208293204836,1,1,1,1,,10931.52,1016.4431685966639,6.925048061797807,1.1492,3250.61522,4.338904439,1,1,1,1,1
GRC,Greece,2018,16.92,0.46,61.15,87.46,1031,0,9,1,2,1,4.338904439,4,Extremely High (>80%),Europe & Central Asia,10732882,96.05993991175903,4.575328724893415,3.5257309034162576,13.680407638637925,78.0490656849874,72.2383733920483,79.23799086387062,18769.03896219764,5403.953942659577,2.8284963541780774,1,1,1,1,,11031.66,1027.8376301910334,6.936184929594217,1.2066,3416.08087,4.338904439,1,1,1,1,1
GRC,Greece,2019,17.34,0.51,61.5,89.83,1083,0,3,1,12,1,4.338904439,4,Extremely High (>80%),Europe & Central Asia,10721582,101.01121271096001,4.625082735781396,3.6615193393131156,13.413957241829308,78.1888100466875,75.6712066931757,80.59009495104566,19216.675957978474,5409.649434197304,2.853015971352396,1,1,1,1,,11389.86,1062.330167320457,6.969160929664771,1.26236,3644.60084,4.338904439,1,1,1,1,1
GRC,Greece,2020,15.93,0.52,58.27,81.78,1409,0,6,1,227,1,4.338904439,4,Extremely High (>80%),Europe & Central Asia,10698599,131.69948700759792,4.888087075525098,3.9238294812331977,14.295602187419448,78.3066842455552,78.11584474,70.29374645807445,17486.95133332298,5421.2705794468975,2.768204123921957,1,1,1,1,,12102.88,1131.2584012168322,7.031969502339758,1.48872,4008.18457,4.338904439,1,1,1,1,1
GRC,Greece,2021,17.28,0.51,73.98,88.01,1805,0,8,1,68,1,4.338904439,4,Extremely High (>80%),Europe & Central Asia,10570130,170.7642195507529,5.1461227198195,3.531734881050931,14.771197778935816,78.3884898647442,78.49426371,88.01266544903785,19231.288880351654,5487.160517420316,2.8495497633759097,1,1,1,1,,13776.67,1303.3586152677403,7.1734667163862,1.43353,4244.36826,4.338904439,1,1,1,1,1
GRC,Greece,2022,21.18,0.63,80.12,117.19,1852,0,,1,116,1,4.338904439,4,Extremely High (>80%),Europe & Central Asia,10437805,177.4319409109482,5.1842072451006365,3.784907319482119,16.72011434961113,78.5502190980809,83.17066333,108.12184322992242,20550.50491582973,5556.723851422785,3.0530573401732606,1,1,1,1,,13922.21,1333.8254546813241,7.196555816729344,1.47714,4926.78077,4.338904439,1,1,1,1,1
GRC,Greece,2023,21.51,0.57,84.43,119.47,2210,0,,1,443,1,4.338904439,4,Extremely High (>80%),Europe & Central Asia,10407351,212.3499053697718,5.362933566089368,3.742220179076828,14.847761152446159,78.7746303842088,85.0102229,92.4710882947018,21050.86481115808,,3.068517943279639,1,1,1,0,,13551.59,1302.1171285565367,7.172514464532692,1.4943,5283.3671,4.338904439,1,1,1,1,1
GRD,Grenada,2016,,2.39,,60.26,0,1,,0,0,1,-9999,-9999,NoData,Latin America & Caribbean,115130,0,0,6.2063263362440395,12.155189556347095,35.9706014181883,53.29999924,,8983.683973378986,1737.166681143056,#NUM!,0,0,0,0,"wue_total, trade_share",36.64,318.2489359854078,5.765971162050111,,,,0,0,0,0,0
GRD,Grenada,2017,,2.16,,62.75,1,0,,0,0,1,-9999,-9999,NoData,Latin America & Caribbean,115438,8.662658743221469,2.2682688425725317,5.371543257604422,12.715876749962984,36.0173296416579,54.20000076,,9357.40728883583,1732.531748644294,#NUM!,0,0,0,0,"wue_total, trade_share",55.33,479.30490826244386,6.174421127778347,,,,0,0,0,0,0
GRD,Grenada,2018,,2.19,,64.57,3,0,,0,0,1,-9999,-9999,NoData,Latin America & Caribbean,115691,25.93114416851786,3.2932833926836094,5.205439438149092,13.433177016691062,36.0720421424532,61.42459869,,9744.169195772041,1728.7429445678576,#NUM!,0,0,0,0,"wue_total, trade_share",46.12,398.6481230173479,5.990584467494873,,,,0,0,0,0,0
GRD,Grenada,2019,,1.98,,66.18,1,0,,0,0,1,-9999,-9999,NoData,Latin America & Caribbean,115981,8.622101896000208,2.2640627331193612,4.679512026883082,13.64176034134922,36.1346465679904,64.31279755,,9785.560402405921,1724.4203792000415,#NUM!,0,0,0,0,"wue_total, trade_share",57.62,496.80551124753197,6.210209461080587,,,,0,0,0,0,0
GRD,Grenada,2020,,1.79,,57.25,4,0,,0,0,1,-9999,-9999,NoData,Latin America & Caribbean,116341,34.381688312804606,3.5661944070053315,4.90307786781958,13.094160534713422,36.2050502515788,65.65380096,,8413.283355003718,1719.0844156402302,#NUM!,0,0,0,0,"wue_total, trade_share",58.11,499.4799769642689,6.215567591889615,,,,0,0,0,0,0
GRD,Grenada,2021,,2.04,,58.42,3,0,,0,0,1,-9999,-9999,NoData,Latin America & Caribbean,116688,25.709584533113947,3.2850224722691057,5.340594059405941,14.503960396039602,36.2831603706908,67.02279663,,8782.321934260775,1713.9723022075964,#NUM!,0,0,0,0,"wue_total, trade_share",62.74,537.673111202523,6.289108914207435,,,,0,0,0,0,0
GRD,Grenada,2022,,1.69,,61.8,1,0,,0,0,1,-9999,-9999,NoData,Latin America & Caribbean,116913,8.553368744279936,2.2568938403837975,4.120042846509038,16.14036467946817,36.3688840183487,68.42030334,,9406.193376432257,1710.673748855987,#NUM!,0,0,0,0,"wue_total, trade_share",55.73,476.6792401187207,6.168939461462728,,,,0,0,0,0,0
GRD,Grenada,2023,,1.39,,64.06,6,0,,0,0,1,-9999,-9999,NoData,Latin America & Caribbean,117081,51.24657288543828,3.9559742979844406,3.107808875574019,14.783570238863962,36.462128238584,69.4131012,,9817.863835839165,,#NUM!,0,0,0,0,"wue_total, trade_share",42.49,362.9111469837122,5.896909736145974,,,,0,0,0,0,0
GTM,Guatemala,2016,16.69,0.81,21.43,49.14,2,0,,0,0,1,1.026662175,1,Low - Medium (10-20%),Latin America & Caribbean,16268760,0.1229349993484445,0.11594579282417099,9.661394779903762,22.61443929932506,53.6609232857043,34.50930023,46.372734392568574,3924.7789643023984,6712.25096442507,2.8148097376737438,1,1,1,1,,78.97,4.854088449273331,1.7671402973583752,0.02311,22.71149,1.026662175,1,1,1,1,1
GTM,Guatemala,2017,17.18,0.84,21.41,51.04,9,0,,0,0,1,1.026662175,1,Low - Medium (10-20%),Latin America & Caribbean,16567357,0.5432369206506505,0.4338821070579303,9.696283212316722,21.90490143152917,53.7994723140017,37.90000153,46.06940344129119,3972.7405926267184,6591.274637227893,2.8437459165561094,1,1,1,1,,102.57,6.191090105681914,1.9728427743828227,0.02955,14.49246,1.026662175,1,1,1,1,1
GTM,Guatemala,2018,17.78,0.84,21.7,53.19,6,0,,0,0,1,1.026662175,1,Low - Medium (10-20%),Latin America & Caribbean,16845685,0.35617429626637326,0.3046677183276193,9.435508815375448,21.426435209494418,53.845962303542,41.5,47.01168534246913,4040.212143747416,6482.372192047994,2.8780742300857587,1,1,1,1,,100.6,5.971855700732858,1.9418814304746934,0.02938,13.28356,1.026662175,1,1,1,1,1
GTM,Guatemala,2019,18.49,0.88,22.99,55.01,15,0,,0,6,1,1.026662175,1,Low - Medium (10-20%),Latin America & Caribbean,17103803,0.8769979401657048,0.629673660196047,9.408723757108394,21.942253381581637,54.1882267267974,44.401049838502,45.51673418495791,4139.1220633863195,6384.54500440633,2.9172300453990334,1,1,1,1,,94.34,5.515732378348838,1.874219618433611,0.02642,14.95967,1.026662175,1,1,1,1,1
GTM,Guatemala,2020,18.16,0.91,22.96,53.66,12,0,,0,0,1,1.026662175,1,Low - Medium (10-20%),Latin America & Caribbean,17357325,0.6913507697758727,0.5255274817439004,9.926319180430305,22.329462210560692,54.5483167911628,47.51229858,41.14075940078184,4005.839163606888,6291.292004960442,2.8992213731731473,1,1,1,1,,123.78,7.131283190238127,2.095718745082877,0.04887,17.2968,1.026662175,1,1,1,1,1
GTM,Guatemala,2021,19.54,0.91,24.88,57.77,10,0,,0,0,1,1.026662175,1,Low - Medium (10-20%),Latin America & Caribbean,17598650,0.5682254036531211,0.4499446639266367,9.173489438725326,22.242050723670364,54.9047071553758,50.84164945,49.26114944266796,4268.6286446149215,6205.021407892083,2.972463646614637,1,1,1,1,,119.25,6.776087938563469,2.0510533760658314,0.05835,14.52588,1.026662175,1,1,1,1,1
GTM,Guatemala,2022,20.39,0.94,26.35,60.02,4,0,,0,0,1,1.026662175,1,Low - Medium (10-20%),Latin America & Caribbean,17847877,0.22411629125413626,0.2022191887716025,9.079425835289943,22.63998047514352,55.2581228215265,54.40430069,54.44909646121911,4383.903261604806,6118.3747512379205,3.015044584586364,1,1,1,1,,117.76,6.597983614521772,2.0278828982116175,0.00549,4.40398,1.026662175,1,1,1,1,1
GTM,Guatemala,2023,20.96,1.04,26.9,61.67,31,0,,0,0,1,1.026662175,1,Low - Medium (10-20%),Latin America & Caribbean,18124838,1.710360114666956,0.9970815097043038,9.621908806678519,22.314736404565807,55.6082319565539,56.72669983,48.329797847259144,4469.05514652918,,3.0426158594528414,1,1,1,0,,108.83,6.00446746061951,1.9465481541467047,0.00609,1.44569,1.026662175,1,1,1,1,1
GUY,Guyana,2016,2.3,0.03,59.78,33.51,0,1,,0,,0,2.695733857,2,Medium - High (20-40%),Latin America & Caribbean,763548,0,0,20.38724090584513,29.382927306176992,26.4080892882899,35.65999985,,5818.616822046457,315631.761199034,0.8329091229351039,0,0,0,0,trade_share,13.58,17.785391357190377,2.9330795123032156,,,2.695733857,1,0,0,0,0
GUY,Guyana,2017,2.28,0.04,56.13,34.35,2,0,,0,,0,2.695733857,2,Medium - High (20-40%),Latin America & Caribbean,768479,2.602543465729057,1.281640114253606,22.758027043400393,26.207192671479184,26.412905546573,42.6753006,,5997.182714268255,313606.48762035137,0.8241754429663494,0,0,0,0,trade_share,17.2,22.38187380526989,3.151961098481272,,,2.695733857,1,0,0,0,0
GUY,Guyana,2018,2.44,0.03,60.03,36.73,0,1,,0,,0,2.695733857,2,Medium - High (20-40%),Latin America & Caribbean,791556,0,0,19.53569331263223,26.25976397525521,26.4188378517884,48.59889984,,6080.906121327456,304463.6134398577,0.8919980393051105,0,0,0,0,trade_share,14.72,18.59628377524774,2.975339944955806,,,2.695733857,1,0,0,0,0
GUY,Guyana,2019,2.61,0.03,69.25,37.68,0,1,,0,,0,2.695733857,2,Medium - High (20-40%),Latin America & Caribbean,807665,0,0,17.595336734249287,28.689225931628798,26.4258834773058,55.31269836,,6278.630540795525,298391.0408399522,0.959350221334602,0,0,0,0,trade_share,42.22,52.27414831644308,3.975451191304911,,,2.695733857,1,0,0,0,0
GUY,Guyana,2020,3.95,0.04,135.46,47.12,1,0,,0,,0,2.695733857,2,Medium - High (20-40%),Latin America & Caribbean,807481,1.2384192321553076,0.8057699168128751,16.851003324985076,38.79608014677973,26.4340397353676,62.95399857,,9010.610004698785,298459.03494942916,1.3737155789130306,0,0,0,0,trade_share,46.55,57.648415256829566,4.0715605543905165,,,2.695733857,1,0,0,0,0
GUY,Guyana,2021,4.95,0.04,213.85,44.55,0,1,,0,,0,2.695733857,2,Medium - High (20-40%),Latin America & Caribbean,815482,0,0,13.455193293189172,50.38965206271651,26.443303961947,71.65090179,,10711.99733741478,295530.74132844136,1.599387576580599,0,0,0,0,trade_share,45.08,55.28019012068936,4.030342610362184,,,2.695733857,1,0,0,0,0
GUY,Guyana,2022,8.65,0.05,472.53,45.46,0,1,,0,,0,2.695733857,2,Medium - High (20-40%),Latin America & Caribbean,821637,0,0,10.029835921980823,67.82064166132254,26.4536735068183,76.56240082,,17365.333642864207,293316.8783781646,2.157559320943788,0,0,0,0,trade_share,49.46,60.19689960408307,4.114096528171014,,,2.695733857,1,0,0,0,0
GUY,Guyana,2023,11.63,0.06,638.31,60.25,5,0,,0,,0,2.695733857,2,Medium - High (20-40%),Latin America & Caribbean,826353,6.050682940583504,1.9531244831372367,9.743620709010441,69.3012460921421,26.4651457279878,79.3553009,,23101.353828274085,,2.453587966530573,0,0,0,0,trade_share,49.61,60.03487613646952,4.111445440734425,,,2.695733857,1,0,0,0,0
HND,Honduras,2016,11.58,0.22,44.29,42.24,1,0,,0,0,1,0.112622036,0,Low (<10%),Latin America & Caribbean,9412380,0.10624305436032119,0.10096963877594968,12.049901405846363,25.82789749756968,54.8868414578857,29.5282180796457,99.81571695059243,2315.7298305819804,9631.99530830672,2.449279472144849,1,1,1,1,,32.64,3.467773294320884,1.4968901400630827,,,0.112622036,1,1,0,0,1
HND,Honduras,2017,12.04,0.24,47.39,43.34,2,0,,0,0,1,0.112622036,0,Low (<10%),Latin America & Caribbean,9588137,0.20859109543386792,0.18945529724803892,12.669768109487803,26.53892230996148,55.3877322339915,31.7357924661485,101.8131110796223,2383.373984397137,9455.434356017231,2.488234439880675,1,1,1,1,,41.74,4.353296161704823,1.6777124761847093,0.03994,34.42048,0.112622036,1,1,1,1,1
HND,Honduras,2018,12.56,0.23,49.1,45.46,6,0,,0,0,1,0.112622036,0,Low (<10%),Latin America & Caribbean,9765210,0.6144261106519983,0.47897954408155885,11.610160461364448,26.592458797371528,55.8852577716247,36.0400608231468,103.55116221545187,2430.1350365776216,9283.978531951692,2.5305171610400525,1,1,1,1,,43.02,4.405435213374828,1.6874049683629506,0.06394,201.94053,0.112622036,1,1,1,1,1
HND,Honduras,2019,13,0.22,49.66,47.55,13,0,,0,0,1,0.112622036,0,Low (<10%),Latin America & Caribbean,9943633,1.3073692482415633,0.8361080219721081,10.638033409475147,26.724316896431283,56.3791561389766,39.3883521850111,99.45953524524168,2447.6164928218077,9117.392003506162,2.5649493574615367,1,1,1,1,,77.85,7.829130459661976,2.1780565340773492,0.05997,187.83669,0.112622036,1,1,1,1,1
HND,Honduras,2020,11.79,0.23,42.75,43.84,66,0,,0,0,1,0.112622036,0,Low (<10%),Latin America & Caribbean,10119640,6.521971137313185,2.0178282229380424,12.188067140755257,25.35785721527596,56.8691654042685,45.24829865,88.00085638362921,2189.4316866822246,8958.816716800202,2.4672517145492794,1,1,1,1,,103.36,10.213802072010466,2.4171453474663926,,,0.112622036,1,1,0,0,1
HND,Honduras,2021,13.18,0.23,50.06,48.27,20,0,,0,0,1,0.112622036,0,Low (<10%),Latin America & Caribbean,10289877,1.9436578299235259,1.0796529678630336,10.893051926619322,25.820159314677333,57.3550236357547,51.95159912,103.37264345991841,2423.766349169109,8810.600943043342,2.578700529074361,1,1,1,1,,89.88,8.734798287676325,2.275706918288624,,,0.112622036,1,1,0,0,1
HND,Honduras,2022,13.62,0.27,50.94,50.03,35,0,,0,0,1,0.112622036,0,Low (<10%),Latin America & Caribbean,10463872,3.3448421387417584,1.468989426352339,12.473273024445541,25.908424768948844,57.8364689017254,56.88069916,112.6985249139662,2482.2238490471364,8664.09680852365,2.611539300721366,1,1,1,1,,131.63,12.579473449216504,2.6085593473888715,,,0.112622036,1,1,0,0,1
HND,Honduras,2023,14.16,0.27,53.59,51.84,38,0,,0,0,1,0.112622036,0,Low (<10%),Latin America & Caribbean,10644851,3.5698010239880293,1.5194696643494907,11.978794840663154,25.824819269638976,58.3132392705102,58.0685997,98.79197983363649,2527.2736633318846,,2.6504210882655737,1,1,1,0,,130.35,12.245356933601043,2.5836470709151773,,,0.112622036,1,1,0,0,1
HRV,Croatia,2016,37.59,0.39,15.76,69.9,234,0,0,1,0,1,0.167654501,0,Low (<10%),Europe & Central Asia,4106867,56.97773996576952,4.060059143185142,3.0589076230921246,20.27708867678594,55.7294398599808,72.6972696701463,92.13934322835638,12848.473748279042,9179.746994485093,3.6267380575760866,1,1,1,1,,4023.84,979.7833725806071,6.888351612122877,0.84569,1871.39921,0.167654501,1,1,1,1,1
HRV,Croatia,2017,43.17,0.48,19.4,75.27,221,0,1,1,0,1,0.167654501,0,Low (<10%),Europe & Central Asia,4041407,54.68392567242052,4.0196915177150805,2.8894876538244993,19.77197780101343,55.9009887365155,67.0961920368478,97.24523445668784,13485.37113605759,9328.434379412913,3.765145809567386,1,1,1,1,,4316.99,1068.1898655591974,6.974656505693091,0.84354,1900.86092,0.167654501,1,1,1,1,1
HRV,Croatia,2018,44.45,0.61,19.8,78.19,260,0,3,1,0,1,0.167654501,0,Low (<10%),Europe & Central Asia,3988775,65.1829195680378,4.192422417084589,2.951146178447632,19.288737384376738,56.093170097094,75.2946259897258,99.08458930999483,14061.059740291883,9451.523337365483,3.794364961959914,1,1,1,1,,4590.14,1150.7643324078194,7.049050247765359,0.94608,1973.01528,0.167654501,1,1,1,1,1
HRV,Croatia,2019,45.28,0.71,19.9,80.99,276,0,2,1,2,1,0.167654501,0,Low (<10%),Europe & Central Asia,3949390,69.88420996660244,4.261047700224315,2.857611190033876,19.575274104833714,56.303247958306,79.0797836757554,101.39511164535753,14641.873557848761,9545.777955583015,3.8128654338949275,1,1,1,1,,4603.53,1165.6306416940336,7.061875079784672,1.07723,2203.55061,0.167654501,1,1,1,1,1
HRV,Croatia,2020,41.44,0.66,18.26,75.3,360,0,1,1,1,1,0.167654501,0,Low (<10%),Europe & Central Asia,3914206,91.97267593989687,4.532305642885611,3.129434021756267,20.096957275737033,56.5284863367411,78.32090004,89.54753271322718,13545.740228942721,9631.583008150314,3.7242465979512276,1,1,1,1,,4919.63,1256.8653770394303,7.137171418051865,1.23536,2295.44402,0.167654501,1,1,1,1,1
HRV,Croatia,2021,46.48,1,20.46,83.07,417,0,1,1,175,1,0.167654501,0,Low (<10%),Europe & Central Asia,3878981,107.5024600532975,4.68677284602576,3.359443292254426,19.58418319249953,56.7683502560171,81.25396608,102.32761428106198,15395.286160512795,9719.047347744163,3.8390221125436557,1,1,1,1,,5529.57,1425.5212902563844,7.2629940953626395,1.24187,2414.42218,0.167654501,1,1,1,1,1
HRV,Croatia,2022,50.56,1.17,23.25,87.48,423,0,,1,367,1,0.167654501,0,Low (<10%),Europe & Central Asia,3855641,109.7093842502453,4.7069086080299245,3.3928386552881844,20.065667844941064,56.9977571733605,82.07155532,125.41079378226081,16618.333378618263,9777.881291333919,3.923160749838602,1,1,1,1,,5488.61,1423.5272422925268,7.261595277863577,1.41896,2534.42425,0.167654501,1,1,1,1,1
HRV,Croatia,2023,50.95,1.33,24.41,86.28,468,0,,1,197,1,0.167654501,0,Low (<10%),Europe & Central Asia,3859686,121.25338693354847,4.806095832949107,2.6835551738943755,21.155254716742856,57.2431560672198,83.24117599,107.27780163160155,17225.45045156968,,3.9308447596687337,1,1,1,0,,5503.53,1425.9009670734872,7.263260215680702,1.38621,2440.27743,0.167654501,1,1,1,1,1
HTI,Haiti,2016,7.94,0.22,65.31,41.66,1,0,,0,,0,1.602577632,1,Low - Medium (10-20%),Latin America & Caribbean,10671457,0.09370791636043702,0.08957368147899122,17.98351398514613,24.4486778891376,50.087821148256,22.79999924,41.41090221619738,1416.7488187969846,1218.858868100204,2.0719132752590443,1,1,1,1,,31.57,2.958358919498996,1.3758295251051351,,,1.602577632,1,1,0,0,1
HTI,Haiti,2017,8.11,0.24,65.38,42.82,0,1,,0,,0,1.602577632,1,Low - Medium (10-20%),Latin America & Caribbean,10817754,0,0,18.826470995019513,23.705408386604617,50.735083378449,27.20000076,42.074547786891124,1432.672286095407,1202.375280487983,2.0930978681273213,1,1,1,1,,41.72,3.8566231030951523,1.5803433616487716,,,1.602577632,1,1,0,0,1
HTI,Haiti,2018,8.29,0.24,68.17,43.45,1,0,,0,,0,1.602577632,1,Low - Medium (10-20%),Latin America & Caribbean,10962362,0.09122121674142854,0.08729745141274925,18.7060141160075,24.138521033155115,51.374898112219,32.4736271300557,45.13857630272228,1437.352519283492,1186.5143661557609,2.1150499691472033,1,1,1,1,,30.93,2.8214722338123845,1.3406357498919603,,,1.602577632,1,1,0,0,1
HTI,Haiti,2019,8.23,0.24,65.99,43.58,1,0,,0,,0,1.602577632,1,Low - Medium (10-20%),Latin America & Caribbean,11105163,0.09004820550585345,0.08622192049787332,19.187403731504585,23.382326221018225,52.0069059952475,35.76409912,44.56871877582935,1394.4211407111234,1171.2570090146357,2.1077860146889784,1,1,1,1,,37.08,3.3389874601570457,1.467641016781396,,,1.602577632,1,1,0,0,1
HTI,Haiti,2020,7.34,0.23,59.55,38.6,1,0,,0,,0,1.602577632,1,Low - Medium (10-20%),Latin America & Caribbean,11243848,0.08893752387972517,0.08520247213036766,20.36249373204397,23.327525652015012,52.6307476732151,39.38809967,37.4138801252638,1331.6977850693165,1156.810373103585,1.9933388426264242,1,1,1,1,,40.55,3.606416593322855,1.5274502431015837,,,1.602577632,1,1,0,0,1
HTI,Haiti,2021,7.67,0.24,68.67,38.59,2,0,,0,,0,1.602577632,1,Low - Medium (10-20%),Latin America & Caribbean,11374586,0.17583057528423454,0.16197477046169748,20.873663572295246,22.3971130643091,53.2460637918026,43.37919998,33.4120026772124,1292.7195496355114,1143.5141463610191,2.0373166153791646,1,1,1,1,,40.71,3.579031359910594,1.5214874822888935,,,1.602577632,1,1,0,0,1
HTI,Haiti,2022,7.59,0.24,78.37,35.38,3,0,,0,,0,1.602577632,1,Low - Medium (10-20%),Latin America & Caribbean,11503606,0.26078779123693907,0.23173675672825741,20.417028514140036,26.327865210658157,53.8524949966907,47.77470016,29.774607475372438,1256.7214359244783,1130.6889335396222,2.0268315914075385,1,1,1,1,,40.79,3.545844668184915,1.5142135559475305,,,1.602577632,1,1,0,0,1
HTI,Haiti,2023,7.55,0.21,80.94,34.58,1,0,,0,,0,1.602577632,1,Low - Medium (10-20%),Latin America & Caribbean,11637398,0.08592986164089257,0.082436635301691,17.70535146443277,29.264427213971008,54.4496819335618,47.99269867,25.247898494179065,1219.118716458474,,2.0215475632609334,1,1,1,0,,37.83,3.250726665874966,1.4470899485267503,,,1.602577632,1,1,0,0,1
HUN,Hungary,2016,23.94,0.45,8.78,125.77,338,0,8,1,14,1,0.425174735,0,Low (<10%),Europe & Central Asia,9759755,34.63201688976824,3.573244584520519,3.867725721294203,25.448606602103414,70.4733810424805,79.2594121273057,163.9719445001501,13145.655988556287,614.7695305876018,3.1755507001298273,1,1,1,1,,6351.5,650.7847789211921,6.479714413754589,1.17645,2625.94197,0.425174735,1,1,1,1,1
HUN,Hungary,2017,24.24,0.4,9.1,124.52,297,0,11,1,4,1,0.425174735,0,Low (<10%),Europe & Central Asia,9726756,30.53433230976494,3.451076866901609,3.7489466690871853,25.15875498961776,70.4542541503906,76.7505471201922,165.03285584026756,13734.2442804335,616.8551981770696,3.1880041612011136,1,1,1,1,,6645.92,683.261716444825,6.528340470821067,1.31498,2902.24254,0.425174735,1,1,1,1,1
HUN,Hungary,2018,24.52,0.37,9.13,130.61,429,0,7,1,41,1,0.425174735,0,Low (<10%),Europe & Central Asia,9706964,44.19507479372541,3.810988116160509,3.4716273027973745,24.969750184047456,70.4711761474609,76.0743606365063,162.70085877792488,14533.778314431238,618.1129341779778,3.1994891110680106,1,1,1,1,,6658.99,686.0013079269687,6.532336196044364,1.50196,3846.48666,0.425174735,1,1,1,1,1
HUN,Hungary,2019,27.72,0.4,10.36,135.99,552,0,11,1,12,1,0.425174735,0,Low (<10%),Europe & Central Asia,9694824,56.93759886718934,4.059366549770173,3.32505112170721,24.63373762340715,70.4565277099609,80.3716936050482,159.92555646483092,15290.808546633109,618.8869442085797,3.3221541743217022,1,1,1,1,,7035.03,725.6480365192807,6.588442228968867,1.46473,4021.15293,0.425174735,1,1,1,1,1
HUN,Hungary,2020,24.91,0.43,9.16,126.93,616,0,10,1,14,1,0.425174735,0,Low (<10%),Europe & Central Asia,9670419,63.69941157668556,4.169752106823854,3.362546853711764,24.359684891129827,70.2917327880859,84.77115202,154.527002936377,14664.297119538538,620.4488140586255,3.215269329274089,1,1,1,1,,7350.5,760.1015012896545,6.634766727797553,1.58067,4309.61589,0.425174735,1,1,1,1,1
HUN,Hungary,2021,27.34,0.46,9.92,141.09,688,0,9,1,16,1,0.425174735,0,Low (<10%),Europe & Central Asia,9630932,71.43649233532123,4.282710210187977,3.4575591932580267,23.897697330328366,70.2059275331413,88.64083466,159.1875273328341,15787.953542756264,622.9926657150107,3.3083508312958037,1,1,1,1,,7822.44,812.2204579992881,6.701002238839727,1.63327,4452.48668,0.425174735,1,1,1,1,1
HUN,Hungary,2022,26.17,0.49,9.57,142.05,848,0,,1,40,1,0.425174735,0,Low (<10%),Europe & Central Asia,9605074,88.28667014954804,4.491852206298721,3.144013145389331,24.215478887595932,70.1585064243445,89.14282688,184.96995258135112,16487.797393594446,624.6698359637833,3.2646137165420543,1,1,1,1,,8168.57,850.4432136597802,6.746932808107631,1.39056,4725.1504,0.425174735,1,1,1,1,1
HUN,Hungary,2023,28.53,0.39,10.63,134.01,857,0,,1,21,1,0.425174735,0,Low (<10%),Europe & Central Asia,9592186,89.34355526467064,4.503619683721201,2.9275308041992743,25.423282000701025,70.2923026891431,91.4500713,158.61882560791275,16375.046272419238,,3.3509561652254085,1,1,1,0,,8260.49,861.1686637435929,6.7594509171194925,1.37748,4567.0829,0.425174735,1,1,1,1,1
IDN,Indonesia,2016,3.64,0.32,37.7,17.04,1178,0,2,1,2,1,2.669162882,2,Medium - High (20-40%),East Asia & Pacific,264627418,4.4515417521853315,1.695898458978469,13.478748547027134,39.30844398020808,53.812557220459,25.447353701827,37.421341802331824,3416.810051709715,7628.46123526021,1.2919836816486494,1,1,1,1,,5850.08,22.106855155878065,3.140129333497932,0.24535,177.73496,2.669162882,1,1,1,1,1
IDN,Indonesia,2017,3.82,0.32,39.64,17.91,1791,0,0,1,27,1,2.669162882,2,Medium - High (20-40%),East Asia & Pacific,267346658,6.699167341003379,2.041112185480325,13.156630846266115,39.37915480402372,54.4541015625,32.335806250688,39.355497070460586,3553.519992623214,7550.870525563107,1.3402504226184837,1,1,1,1,,11115.87,41.57848870510288,3.751349165765991,0.23805,214.08281,2.669162882,1,1,1,1,1
IDN,Indonesia,2018,4.01,0.33,42.08,18.75,2626,0,0,1,35,1,2.669162882,2,Medium - High (20-40%),East Asia & Pacific,269951846,9.72766083622188,2.372825530660629,12.80849755869023,39.729737452384825,55.0956840515137,39.9046386385762,43.07430895520015,3701.3215546191177,7478.000354181687,1.3887912413184778,1,1,1,1,,13147.37,48.70264899022028,3.9060582312842276,0.22632,215.18755,2.669162882,1,1,1,1,1
IDN,Indonesia,2019,4.21,0.34,43.32,20.04,3280,0,0,1,23,1,2.669162882,2,Medium - High (20-40%),East Asia & Pacific,272489381,12.037166321721726,2.567804226267571,12.712602657752232,38.951767995077915,55.7382049560547,47.6906489788375,37.62777753571081,3850.9032173897886,7408.362089530381,1.43746264769429,1,1,1,1,,17156.26,62.96120581667731,4.158276740456545,0.27129,387.17063,2.669162882,1,1,1,1,1
IDN,Indonesia,2020,4.13,0.36,41.63,19.71,3832,0,0,1,310,1,2.669162882,2,Medium - High (20-40%),East Asia & Pacific,274814866,13.943932712868596,2.7043053788578137,13.698414279613836,38.23839371879418,56.2785287648768,53.72649449,32.97217540024274,3739.4490656316098,7345.67248629119,1.4182774069729414,1,1,1,1,,20837,75.82195353289222,4.341490452598226,0.28068,395.34168,2.669162882,1,1,1,1,1
IDN,Indonesia,2021,4.27,0.37,45.1,19.71,4563,0,0,1,162,1,2.669162882,2,Medium - High (20-40%),East Asia & Pacific,276758053,16.48732512220701,2.861476339781884,13.280169137659634,39.84481919196861,56.8761702464027,62.10447842,40.20475827496714,3850.688772539029,7294.096696076988,1.451613827240533,1,1,1,1,,23653.58,85.46663681002265,4.459758637917597,,,2.669162882,1,1,0,0,1
IDN,Indonesia,2022,4.5,0.36,49.54,20.23,5065,0,,1,124,1,2.669162882,2,Medium - High (20-40%),East Asia & Pacific,278830529,18.165155796121592,2.953093827999664,12.399650163410755,41.42926417609789,57.4934704226599,66.48461277,45.46467019594532,4024.912252883909,7239.881541091937,1.5040773967762742,1,1,1,1,,26452.38,94.86902347052536,4.562982921061492,,,2.669162882,1,1,0,0,1
IDN,Indonesia,2023,4.73,0.38,50.47,21.79,7148,0,,1,39,1,2.669162882,2,Medium - High (20-40%),East Asia & Pacific,281190067,25.420528101371378,3.2741412875912808,12.52944318662133,40.21575199218135,58.1179353397878,69.20836554,41.4604765447233,4192.644010341808,,1.5539252025038417,1,1,1,0,,38992,138.66777164642875,4.939266542772341,,,2.669162882,1,1,0,0,1
IND,India,2016,2.65,0.41,33.23,20.78,10234,0,156,1,233,1,4.107794474,4,Extremely High (>80%),South Asia,1343944296,7.614898943698482,2.1534931396381363,16.36380056163307,26.618999939978927,32.8650780972823,16.5,40.08248571327602,1694.465349737867,1075.9374509075635,0.9745596399981308,1,1,1,1,,104739.74,77.93458427684715,4.36861946231811,0.66984,,4.107794474,1,1,1,0,1
IND,India,2017,2.83,0.45,35.05,22.23,11381,0,267,1,227,1,4.107794474,4,Extremely High (>80%),South Asia,1359657400,8.370490978094923,2.237565493820449,16.558331404936848,26.50001664648039,33.1821328157539,18.20000076,40.74249695452253,1788.697703184812,1063.503203086307,1.0402767116551463,1,1,1,1,,115044.77,84.61305767173407,4.449837814408302,0.66603,,4.107794474,1,1,1,0,1
IND,India,2018,3.03,0.48,37.35,23.97,14100,0,270,1,2541,1,4.107794474,4,Extremely High (>80%),South Asia,1374659064,10.257088735130909,2.420998040004023,16.031630686448953,26.412091901373508,33.4984353473598,20.0813000379384,43.61696933238889,1883.3577270505514,1051.8971851772549,1.1085626195212777,1,1,1,1,,123052.68,89.51505374862897,4.505516176636812,0.66001,250.00794,4.107794474,1,1,1,1,1
IND,India,2019,3.18,0.54,35.66,25.76,16142,0,12,1,892,1,4.107794474,4,Extremely High (>80%),South Asia,1389030312,11.621056690086112,2.5353665849933775,16.755568303283702,24.591475307506645,33.8139578818147,29.52350044,39.90540353064419,1936.030677410632,1041.013999124304,1.1568811967920856,1,1,1,1,,128579.54,92.56784311269948,4.538686767966242,0.65942,,4.107794474,1,1,1,0,1
IND,India,2020,3.02,0.59,34.38,23.3,20777,0,12,1,25214,1,4.107794474,4,Extremely High (>80%),South Asia,1402617695,14.813017170726624,2.7608334724020094,18.668537660372674,25.122905807834368,34.1286726088333,43.40544313,37.75810532927675,1806.5011058386517,1030.9295292328393,1.1052568313867783,1,1,1,1,,145711.12,103.88512886970244,4.652865740526191,0.64558,259.26325,4.107794474,1,1,1,1,1
IND,India,2021,3.32,0.61,40.07,25.47,29077,0,6,1,2080,1,4.107794474,4,Extremely High (>80%),South Asia,1414203896,20.560684412087067,3.0708714900678893,17.372561526031365,26.46652360650103,34.4425517181304,49.2580986,45.423088784044594,1965.3094343747164,1022.4833944312652,1.199964782928397,1,1,1,1,,173096.47,122.3985243497024,4.815419153131573,,,4.107794474,1,1,0,0,1
IND,India,2022,3.55,0.62,41.13,28.08,31239,0,,1,4373,1,4.107794474,4,Extremely High (>80%),South Asia,1425423212,21.91559653091997,3.131817749955657,18.21066599299419,25.604025979727744,34.7555673994206,55.9,50.69793827580423,2098.2112447612194,1014.4355639972558,1.2669476034873244,1,1,1,1,,200488.43,140.6518627676171,4.953372376685061,,,4.107794474,1,1,0,0,1
IND,India,2023,3.8,0.65,43.43,30.54,43664,0,,1,8338,1,4.107794474,4,Extremely High (>80%),South Asia,1438069596,30.36292549501895,3.445626478599918,17.656538932824482,25.55255552060937,35.0676918424186,60.25230026,46.32295205823384,2229.71491223037,,1.33500106673234,1,1,1,0,,228174.31,158.66708442669835,5.07309092519052,,,4.107794474,1,1,0,0,1
IRL,Ireland,2016,255.14,,250.54,277.04,472,0,2,1,200,1,0.363338153,0,Low (<10%),Europe & Central Asia,4762722,99.10299194452249,4.606199575430161,0.9259413315633587,36.51923383860585,62.7229399123734,83.5,239.70852779876844,64205.979777350985,10288.234333223732,5.541812414110144,1,1,1,1,,7093.78,1489.4381826190988,7.30682543800048,1.14954,5143.85544,0.363338153,1,1,1,1,1
IRL,Ireland,2017,234.87,,250.42,237.58,428,0,0,1,139,1,0.363338153,0,Low (<10%),Europe & Central Asia,4827445,88.65973615442537,4.4960217959884705,1.1198159091188644,36.25432085234131,62.9035196521232,84.1140070623844,233.30408334671108,69748.62210340142,10150.296896184213,5.459032169587933,1,1,1,1,,7205.05,1492.5182990173892,7.308889890019931,1.20821,5114.19434,0.363338153,1,1,1,1,1
IRL,Ireland,2018,220.85,,251.78,212.46,597,0,2,1,205,1,0.363338153,0,Low (<10%),Europe & Central Asia,4898022,121.88593681286038,4.811256582139024,0.9281689818797928,36.848503844665046,63.0844503476779,87.0001401148942,222.4537160003992,74029.05506114359,10004.038364874637,5.397483738042536,1,1,1,1,,7397.98,1510.401545766842,7.320792675324513,1.08244,4656.77702,0.363338153,1,1,1,1,1
IRL,Ireland,2019,231.47,,256.02,226.92,744,0,0,1,184,1,0.363338153,0,Low (<10%),Europe & Central Asia,4976456,149.50398436156172,5.013989558001697,0.9538966161198336,35.880910077936015,63.2737009154127,87.0000552425146,257.6527729104208,76485.63585465105,9846.364561446942,5.444450275495997,1,1,1,1,,7763.57,1560.0600105778087,7.353120363452219,1.13733,4961.4389,0.363338153,1,1,1,1,1
IRL,Ireland,2020,246.31,,284.83,235.83,888,0,0,1,188,1,0.363338153,0,Low (<10%),Europe & Central Asia,5039747,176.1993211167148,5.177275206993861,1.0089723593295619,37.180368571350755,63.4713366724915,91.99989097,258.78043702625206,80927.936475395,9722.71028684575,5.506590905195518,1,1,1,1,,8400.81,1666.9110572415639,7.4193272585003065,1.12466,5196.11055,0.363338153,1,1,1,1,1
IRL,Ireland,2021,280.27,,331.73,264.77,1047,0,1,1,845,1,0.363338153,0,Low (<10%),Europe & Central Asia,5110585,204.86891422410548,5.327239627522233,1.0331244030498687,38.04662114699818,63.6774229356985,93.50610352,231.03235086358603,92781.23221507859,9587.943454614295,5.635753424258729,1,1,1,1,,9216.71,1803.4549860730228,7.498013878397927,1.0732,5213.43167,0.363338153,1,1,1,1,1
IRL,Ireland,2022,290.56,,345.13,249.11,1091,0,,1,692,1,0.363338153,0,Low (<10%),Europe & Central Asia,5212836,209.29106536250134,5.348492596606424,1.172815303261239,40.75644760257201,63.8920250215059,95.03690338,237.75541955937786,97793.53666716968,9399.873696390987,5.671810095412929,1,1,1,1,,8811.1,1690.2699413524615,7.43323497031125,1.53215,5554.98837,0.363338153,1,1,1,1,1
IRL,Ireland,2023,233.71,,238.29,240.78,1444,0,,1,515,1,0.363338153,0,Low (<10%),Europe & Central Asia,5311538,271.86099393433693,5.6089624857812375,0.8469107101644012,34.00370140190069,64.1152082461268,96.8660965,239.64962758511086,93541.96436783814,,5.454081030530934,1,1,1,0,,8719.61,1641.6356241826757,7.404057318750618,1.58829,5752.79698,0.363338153,1,1,1,1,1
IRN,"Iran, Islamic Republic of",2016,4.47,0.26,128.19,40.88,1480,0,0,1,0,1,4.653368575,4,Extremely High (>80%),Middle East & North Africa,83812228,17.6585211408531,2.9263029393767575,8.447880292817432,34.322282959286085,73.8796100096595,53.2267716709857,39.8772417738866,5312.6172495419205,1533.189166621367,1.4973884086254774,1,1,1,1,,40053.18,477.8918417489152,6.171474771807584,,,4.653368575,1,1,0,0,1
IRN,"Iran, Islamic Republic of",2017,4.59,0.26,140.64,40.43,1750,0,0,1,0,1,4.653368575,4,Extremely High (>80%),Middle East & North Africa,85026754,20.58175712552781,3.0718483803117205,8.490449272276443,36.14139311911395,74.4011840820312,64.0439736249513,43.15569313839062,5395.239839859798,1511.2890232173277,1.5238800240724537,1,1,1,1,,44577.79,524.2795696987328,6.263930634568384,0.75983,1409.14676,4.653368575,1,1,1,1,1
IRN,"Iran, Islamic Republic of",2018,4.47,0.29,145.04,37.51,1743,0,1,1,0,1,4.653368575,4,Extremely High (>80%),Middle East & North Africa,86117998,20.239671618933826,3.0558707357520496,9.630920246608055,37.14842845668288,74.8034286499023,70.2005650008363,56.61534961428295,5127.224953670179,1492.1387280740084,1.4973884086254774,1,1,1,1,,46575.96,540.8388615815244,6.294968653881122,,,4.653368575,1,1,0,0,1
IRN,"Iran, Islamic Republic of",2019,4.11,0.15,125.89,37.39,2220,0,0,1,0,1,4.653368575,4,Extremely High (>80%),Middle East & North Africa,87051648,25.502101924595387,3.2772240477559373,11.808101467688164,33.41492506338623,75.2038879394531,72.4509047672065,48.59177121370379,4952.456690810781,1476.135178968697,1.4134230285081433,1,1,1,1,,53364.09,613.016424456433,6.420021677718413,0.78829,1588.4273,4.653368575,1,1,1,1,1
IRN,"Iran, Islamic Republic of",2020,4.49,0.32,144.31,37.53,2583,0,0,1,0,1,4.653368575,4,Extremely High (>80%),Middle East & North Africa,87723443,29.444808726898692,3.4159154944623387,11.69335069797025,37.20914213019243,75.5986404418945,75.56986637,43.88446749050129,5132.824307621181,1464.830786452374,1.501852701754163,1,1,1,1,,56585.01,645.0386357954509,6.470859309727087,,,4.653368575,1,1,0,0,1
IRN,"Iran, Islamic Republic of",2021,4.7,0.34,157.29,38.21,2940,0,0,1,0,1,4.653368575,4,Extremely High (>80%),Middle East & North Africa,88455488,33.23705590771259,3.5333085635729837,10.634485402727146,39.2258766162135,75.9926376342773,78.5957366,42.672379536261005,5300.622719618949,1452.708055830295,1.547562508716013,1,1,1,1,,58049.49,656.2565117497289,6.488074371129916,0.72665,2239.74005,4.653368575,1,1,1,1,1
IRN,"Iran, Islamic Republic of",2022,4.86,0.36,169.85,38.05,2776,0,,1,0,1,4.653368575,4,Extremely High (>80%),Middle East & North Africa,89524246,31.008359456051714,3.4659971016859434,10.695041770619452,41.21877790513275,76.3342208862305,81.71649933,48.9183508223052,5465.314475394131,1435.3653422559962,1.5810384379124025,1,1,1,1,,58271.06,650.8969648289469,6.479886520035236,,,4.653368575,1,1,0,0,1
IRN,"Iran, Islamic Republic of",2023,5.19,0.39,192.11,38.58,3093,0,,1,0,1,4.653368575,4,Extremely High (>80%),Middle East & North Africa,90608707,34.13579226994156,3.559220333698071,10.750872506582969,38.77615814607084,76.6759567260742,83.71050262,49.39355009602028,5687.843962687416,,1.6467336971777973,1,1,1,0,,55085.25,607.9465409433554,6.41173048215465,,,4.653368575,1,1,0,0,1
IRQ,Iraq,2016,4.88,0.12,39.72,83.4,277,0,,0,0,1,4.146234505,4,Extremely High (>80%),Middle East & North Africa,38469627,7.200485723451386,2.104193387083152,3.977189811461293,46.18250206140165,69.9123778259643,19.87719917,54.588320188676995,4932.927291143899,915.007572077577,1.5851452198650557,1,1,1,1,,1151.51,29.932965037586666,3.431822444940667,0.03737,62.30752,4.146234505,1,1,1,1,1
IRQ,Iraq,2017,4.32,0.07,19.15,80.94,380,0,,0,0,1,4.146234505,4,Extremely High (>80%),Middle East & North Africa,39337353,9.66002974323158,2.366501208905624,2.9767278010133547,51.329681463429054,69.8944511190753,25.96920013,59.780912392315685,4736.327108098566,894.8238077940832,1.463255402256019,1,1,1,1,,1896.33,48.206853165743,3.8960329057846805,0.04596,102.2908,4.146234505,1,1,1,1,1
IRQ,Iraq,2018,5.67,0.08,18.24,83.73,498,0,,0,0,1,4.146234505,4,Extremely High (>80%),Middle East & North Africa,40265624,12.367869922989396,2.592854060769195,2.815817643204917,54.16994275381355,69.8765148865842,33.92810059,65.80179177010834,4749.009218368956,874.1948218659172,1.7351891177396608,1,1,1,1,,3118.77,77.4549029713286,4.362523975267275,0.04279,107.3521,4.146234505,1,1,1,1,1
IRQ,Iraq,2019,3.56,0.07,18.71,13.89,754,0,,0,0,1,4.146234505,4,Extremely High (>80%),Middle East & North Africa,41192171,18.304449163410204,2.9603355959452307,3.7700082530619885,53.10940328248681,69.8683395385742,44.3263465511579,68.98993842028058,4898.148976685819,854.531313729495,1.269760544863939,1,1,1,1,,5509.19,133.74361841719875,4.903373849982668,0.03266,118.26846,4.146234505,1,1,1,1,1
IRQ,Iraq,2020,2.89,0.09,17.61,12.83,1063,0,,0,2,1,4.146234505,4,Extremely High (>80%),Middle East & North Africa,42116605,25.239451280557873,3.267264052293133,6.088674146924122,39.90409721523033,69.8683166503906,53.67779922,57.742316395146,4213.998437660611,835.7748683684263,1.0612565021243408,1,1,1,1,,6834.33,162.2716265947837,5.095415234695071,0.04053,136.59963,4.146234505,1,1,1,1,1
IRQ,Iraq,2021,3.13,0.05,21.06,10.22,1447,0,,0,0,1,4.146234505,4,Extremely High (>80%),Middle East & North Africa,43071211,33.5955262553449,3.543724374725374,3.2791975295303812,54.60888777100736,69.8682708740234,65.00219727,61.50326831172178,4182.500640458252,817.2512261148172,1.1410330045520618,1,1,1,1,,8689.54,201.7482164594815,5.311964896209514,0.0407,164.28484,4.146234505,1,1,1,1,1
IRQ,Iraq,2022,4.33,0.03,37.19,9.71,1925,0,,0,2,1,4.146234505,4,Extremely High (>80%),Middle East & North Africa,44070551,43.67996215885751,3.799525127263701,2.0587062138837426,65.27212455945093,69.8682861328125,78.71560926,68.75879409409,4412.997331465115,798.7193080476802,1.4655675420143985,1,1,1,1,,12326.35,279.6958449645887,5.637271680852113,,,4.146234505,1,1,0,0,1
IRQ,Iraq,2023,4.17,0.04,30.43,11.89,2440,0,,0,0,1,4.146234505,4,Extremely High (>80%),Middle East & North Africa,45074049,54.13314432879105,4.009751065780014,3.1060312144841227,53.96048515978791,69.868278503418,81.80889893,69.46132079901668,4337.087053242201,,1.4279160358107101,1,1,1,0,,16724.1,371.03611437259605,5.918990931207792,,,4.146234505,1,1,0,0,1
ISL,Iceland,2016,60.83,0.83,14.57,161.63,69,0,,0,4,1,0,0,Low (<10%),Europe & Central Asia,335439,205.7005893769061,5.3312713180474995,4.471355151887193,19.67058795554498,93.7822647094726,98.23999786,87.76001659833919,56049.29286720394,506798.5535373049,4.108083088332614,1,1,1,1,,656.03,1955.7356181004593,7.57903286276677,2.11011,,0,1,1,1,0,1
ISL,Iceland,2017,59.25,0.72,15.32,168.18,81,0,,0,3,1,0,0,Low (<10%),Europe & Central Asia,343400,235.87652882935353,5.467539029976722,3.7503198871659844,19.377970921561676,93.7718982310092,98.2552011867973,86.35853369450666,56657.98003227972,495049.50495049503,4.081765780015241,1,1,1,1,,625.46,1821.3744903902157,7.507895594784486,2.08365,5979.72684,0,1,1,1,1,1
ISL,Iceland,2018,62.28,0.78,16.19,176.59,57,0,,0,6,1,0,0,Low (<10%),Europe & Central Asia,352721,161.6008119732026,5.091298190786374,4.164683169749133,20.01119094622773,93.8526667025487,99.0109539916991,88.93499697313902,57731.6523639512,481967.3339551657,4.131640346965797,1,1,1,1,,702.76,1992.3962565313661,7.597595124600102,2.00081,5645.66563,0,1,1,1,1,1
ISL,Iceland,2019,63.67,0.89,16.48,180.71,82,0,,0,16,1,0,0,Low (<10%),Europe & Central Asia,360563,227.42211485926177,5.431195298222721,4.424927878319431,19.2362119584581,93.9770847416131,99.5049411693787,83.79236595184435,57118.84527771977,471484.87226920127,4.153713494028934,1,1,1,1,,665.65,1846.1406189764339,7.52139411101883,2.34018,,0,1,1,1,0,1
ISL,Iceland,2020,59.02,0.88,15.7,166.48,69,0,,0,27,1,0,0,Low (<10%),Europe & Central Asia,366463,188.28640272005632,5.243261226370014,4.7926169670513215,20.038300626779833,94.1367102874722,99.5327519,68.65502334605476,52464.30732405891,463894.03568709525,4.077876369514794,1,1,1,1,,673.35,1837.42969958768,7.516667062092197,2.4864,,0,1,1,1,0,1
ISL,Iceland,2021,61.61,0.87,16.57,173.3,63,0,,0,1607,1,0,0,Low (<10%),Europe & Central Asia,372520,169.11843659400836,5.1364948803244435,4.4105213032896575,20.31534230710813,94.2108206403841,99.68701957,76.23172498509444,54285.020920324176,456351.336840975,4.120824195026479,1,1,1,1,,725,1946.2042306453345,7.5741498949123605,2.78171,6941.30115,0,1,1,1,1,1
ISL,Iceland,2022,66.27,0.92,18.81,183.98,96,0,,0,1632,1,0,0,Low (<10%),Europe & Central Asia,382003,251.30692690895097,5.530646310319479,4.2058892930378216,20.873731705065612,94.1787071228028,97.58339691,93.01642951343034,57626.25337175845,445022.683067934,4.193737306100135,1,1,1,1,,746.67,1954.6181574490251,7.578461615509528,2.60089,6863.54747,0,1,1,1,1,1
ISL,Iceland,2023,71.58,0.87,19.61,200.47,97,0,,0,21,1,0,0,Low (<10%),Europe & Central Asia,385663,251.51492365095953,5.531470350537024,4.300545580529098,19.744321382777922,94.1518261784801,97.94860077,87.23888109222759,59951.753773969234,,4.2708157053378795,1,1,1,0,,715.97,1856.4653596533763,7.526968127510014,2.64005,5952.52033,0,1,1,1,1,1
ISR,Israel,2016,124.94,2.11,1002.35,240.85,728,0,6,1,795,1,4.941652066,4,Extremely High (>80%),Middle East & North Africa,8546000,85.18605195413059,4.456508354300045,1.4587208085894672,19.174751931350155,91.6894623646632,79.6531241815281,57.95330516435718,37044.01186237639,87.76035572197519,4.827833622065424,1,1,1,1,,12363.13,1446.6569155160307,7.277701608073382,4.59051,,4.941652066,1,1,1,0,1
ISR,Israel,2017,128.28,3.1,524.04,237.91,798,0,23,1,591,1,4.941652066,4,Extremely High (>80%),Middle East & North Africa,8713300,91.58413000814846,4.528117744763105,1.4403196201039554,18.68105953822659,91.6701057535759,81.5811835871611,56.45193738345612,37911.02172811569,86.07531015803427,4.854215374824954,1,1,1,1,,12385.3,1421.4247185337356,7.2601182426554205,4.74032,,4.941652066,1,1,1,0,1
ISR,Israel,2018,135.86,2.66,558.66,246.85,891,0,19,1,1351,1,4.941652066,4,Extremely High (>80%),Middle East & North Africa,8882800,100.30620975368127,4.618147710004472,1.3935124155799896,18.87795086436391,91.6456193546346,83.7331569615326,58.873401335462496,38695.01000797059,84.4328364929977,4.911624943763156,1,1,1,1,,12684.14,1427.9438915657224,7.264690913034254,4.91965,,4.941652066,1,1,1,0,1
ISR,Israel,2019,138.7,2.64,577.96,257.77,1062,0,22,1,13311,1,4.941652066,4,Extremely High (>80%),Middle East & North Africa,9054000,117.29622266401591,4.773191840330996,1.353328861748849,18.950220822710428,91.6154002002652,86.7878776180583,56.52816184478231,39322.038041422034,82.8363154406892,4.932313327320786,1,1,1,1,,12946.3,1429.8983874530595,7.266057768966117,5.35528,,4.941652066,1,1,1,0,1
ISR,Israel,2020,132.47,2.62,580.11,253.98,1295,0,24,1,2758,1,4.941652066,4,Extremely High (>80%),Middle East & North Africa,9215100,140.5302167095311,4.952513239936062,1.3721778306997494,19.482419404554705,91.5788453228939,90.12734091,51.140398455145345,37938.38093547551,81.38815639548133,4.88635620469617,1,1,1,1,,13366.53,1450.5029788065242,7.280354835688913,5.83209,,4.941652066,1,1,1,0,1
ISR,Israel,2021,132.21,2.57,592.23,281.01,1505,0,27,1,6847,1,4.941652066,4,Extremely High (>80%),Middle East & North Africa,9371400,160.59500181402993,5.085093216240046,1.330518004151986,18.907151266191878,91.5353517549466,90.29689758,54.8184036562688,40788.23917851977,80.03073180101158,4.884391567522005,1,1,1,1,,14633.85,1561.5436327549778,7.354070306183848,5.75725,,4.941652066,1,1,1,0,1
ISR,Israel,2022,141.63,2.56,669.66,295.62,1462,0,,1,5829,1,4.941652066,4,Extremely High (>80%),Middle East & North Africa,9557500,152.96887261313105,5.036750456094679,1.185963235765652,19.216402646932444,91.4979834273327,91.85079615,60.63584282665012,42539.27487666889,,4.953218023226305,1,1,1,0,,14331.79,1499.5333507716455,7.313575891072369,6.17831,,4.941652066,1,1,1,0,1
ISR,Israel,2023,147.84,2.28,636.78,309.87,1622,0,,1,2896,1,4.941652066,4,Extremely High (>80%),Middle East & North Africa,9849000,164.68677023048025,5.110099079546027,1.3922859065012583,18.109532241027676,91.5089569794505,87.03842615,57.97778232864504,42131.74156758061,,4.996130607893374,1,1,1,0,,13844.24,1405.6493044979186,7.248965775511784,6.34589,,4.941652066,1,1,1,0,1
ITA,Italy,2016,48.1,0.83,45.26,135.89,3878,0,23,1,20,1,3.344018796,3,High (40-80%),Europe & Central Asia,60115223,64.50945045982779,4.182194414063016,1.8491524830210069,20.662645722658098,69.5969232525286,61.3242527666303,54.43214670183131,31077.679267521067,3035.83669647204,3.8732821771117156,1,1,1,1,,69301.08,1152.8041740775045,7.05081973949479,1.35915,2209.59265,3.344018796,1,1,1,1,1
ITA,Italy,2017,49.06,0.95,46.35,139.1,4044,0,31,1,14,1,3.344018796,3,High (40-80%),Europe & Central Asia,60002252,67.39747034827958,4.225335840732322,1.8934326477664287,20.792614243794617,69.5180784259382,63.0773469984291,57.58299402749108,31635.522771080043,3041.552507062568,3.893044038830343,1,1,1,1,,70101.05,1168.3069828779094,7.064166529973058,1.36393,2322.42382,3.344018796,1,1,1,1,1
ITA,Italy,2018,49.67,1,47.1,141.43,4583,0,48,1,229,1,3.344018796,3,High (40-80%),Europe & Central Asia,59877221,76.53995832572123,4.350793394787406,1.8575561256162585,20.986549022457897,69.4800033569336,74.3871829234822,59.274983512815446,31963.641714882386,3047.9036426890957,3.905401129119259,1,1,1,1,,71037.79,1186.3908981347013,7.079513656433018,1.41934,2524.31271,3.344018796,1,1,1,1,1
ITA,Italy,2019,49.84,0.93,47.05,142.46,5173,0,64,1,200,1,3.344018796,3,High (40-80%),Europe & Central Asia,59729081,86.60772798429629,4.472869213050095,1.8186687987384944,21.01229843595592,69.5050010681153,67.8507102874836,58.694190259473764,32180.434101742845,3055.4630499002656,3.908817874479198,1,1,1,1,,73935.81,1237.8527973668304,7.121941066957424,1.45558,2670.65345,3.344018796,1,1,1,1,1
ITA,Italy,2020,45.73,0.8,42.3,131.77,6210,0,65,1,304,1,3.344018796,3,High (40-80%),Europe & Central Asia,59438851,104.47712052845705,4.658494062368224,1.9280162015611984,20.96420390776856,69.5187492370606,70.48342785,53.93948390427637,29469.798923862585,3070.382366577039,3.822754537669964,1,1,1,1,,80141.63,1348.303822360227,7.207344051279558,1.49869,2614.68181,3.344018796,1,1,1,1,1
ITA,Italy,2021,49.77,0.9,50.29,140.45,7278,0,108,1,2830,1,3.344018796,3,High (40-80%),Europe & Central Asia,59133173,123.07812401678495,4.820911399611378,1.8333929079470723,22.557277110528837,69.4812507629394,74.8623274,60.30197762027984,32267.70910502011,3086.2541402944844,3.9074123928704627,1,1,1,1,,85699.51,1449.2628359381288,7.2795000851521205,1.41065,2658.8949,3.344018796,1,1,1,1,1
ITA,Italy,2022,52.33,0.97,53.38,146.9,7629,0,,1,85,1,3.344018796,3,High (40-80%),Europe & Central Asia,59013667,129.27513892671678,4.869648667205892,1.890371751256686,23.279144111179946,69.4839779766539,85.06074504,72.01650230326966,33891.886652621615,3092.5039787817286,3.9575698203841165,1,1,1,1,,83236.9,1410.4681886655171,7.252385710185249,1.36563,2795.53412,3.344018796,1,1,1,1,1
ITA,Italy,2023,52.61,0.77,54.05,147.73,9074,0,,1,260,1,3.344018796,3,High (40-80%),Europe & Central Asia,58984216,153.83776568294135,5.0423778957612475,1.8596431753595994,23.667517226973033,69.5381540123301,87.0278292,65.10284194419083,34221.71829282708,,3.962906215742716,1,1,1,0,,82770.89,1403.2718515746653,7.247274192320251,1.37935,2855.12509,3.344018796,1,1,1,1,1
JAM,Jamaica,2016,8.69,1.86,2.13,65.84,9,0,,0,0,1,0,0,Low (<10%),Latin America & Caribbean,2809915,3.202943861291178,1.435785199115118,6.0983232562020095,17.08372880864861,55.549259277615,44.3668563671334,,5472.28314023034,3851.717934528269,2.162172939277301,0,0,0,0,trade_share,160.48,57.11204787333424,4.062373006789995,,,0,1,0,0,0,0
JAM,Jamaica,2017,10.22,1.9,2.89,45.44,7,0,,0,0,1,0,0,Low (<10%),Latin America & Caribbean,2815764,2.486003798613804,1.248756036774173,5.910664694794724,17.30981082209137,55.9152267548307,55.0720670507751,,5586.136572313298,3843.7170160567434,2.3243465847755584,0,0,0,0,trade_share,164.91,58.56669806134321,4.087096660548223,,,0,1,0,0,0,0
JAM,Jamaica,2018,12.76,1.93,4.56,35.32,5,0,,0,0,1,0,0,Low (<10%),Latin America & Caribbean,2820097,1.7729886596099353,1.0199256770507872,5.900873175283712,17.881931896287014,56.297410990325,68.2145170876072,,5717.876211075321,3837.8112525916667,2.546315277916644,0,0,0,0,trade_share,195.95,69.48342557011337,4.255377583882022,,,0,1,0,0,0,0
JAM,Jamaica,2019,16.41,2.08,8.13,29.22,4,0,,0,0,1,0,0,Low (<10%),Latin America & Caribbean,2823271,1.416796333047731,0.8824428338133262,6.305291020209639,16.672070941683174,56.6957957395074,70.8410169743356,,5814.792753116917,3833.496678143898,2.7978909051019993,0,0,0,0,trade_share,143.89,50.96570609055949,3.9505840027583186,,,0,1,0,0,0,0
JAM,Jamaica,2020,20.94,2.32,68,22.27,4,0,,0,0,1,0,0,Low (<10%),Latin America & Caribbean,2830739,1.4130585688048243,0.8808950585426207,7.720569474919631,18.06398938613053,57.1103647563627,76.38400269,,5317.8414503396625,3823.3832225436536,3.041661205442391,0,0,0,0,trade_share,157.91,55.78401964999246,4.03925494195213,,,0,1,0,0,0,0
JAM,Jamaica,2021,24.63,3.33,56.36,25.48,4,0,,0,0,1,0,0,Low (<10%),Latin America & Caribbean,2837682,1.4096012167677703,0.879461263590014,7.38278062941281,18.216173506436533,57.5411017937226,82.36071561,,5607.453782538768,3814.028492269395,3.2039652121324464,0,0,0,0,trade_share,185.06,65.2152002937609,4.192910048274465,,,0,1,0,0,0,0
JAM,Jamaica,2022,25.61,3.4,55.62,26.89,8,0,,0,0,1,0,0,Low (<10%),Latin America & Caribbean,2839144,2.8177507023243624,1.3396614278140373,6.799796847252276,17.449449124856486,57.9879906034775,85.84329987,,5965.461274648727,3812.0644814070724,3.242982900211434,0,0,0,0,trade_share,144.46,50.88153330722218,3.9489629138924274,,,0,1,0,0,0,0
JAM,Jamaica,2023,26.42,3.87,54.46,28.03,8,0,,0,0,1,0,0,Low (<10%),Latin America & Caribbean,2839786,2.817113683918436,1.3394945568978878,7.782558869207268,16.72224079740852,58.4510149367429,89.47304282,,6127.907712634335,,3.2741212990941793,0,0,0,0,trade_share,161.41,56.83878996515935,4.057659657250612,,,0,1,0,0,0,0
JOR,Jordan,2016,32.97,1.49,276.47,53.87,204,0,0,1,0,1,4.619580866,4,Extremely High (>80%),Middle East & North Africa,10006367,20.387019584630465,3.062784176529112,4.648258523681907,27.28097024123805,90.56272794707,56.15000153,,4326.172615715049,68.15660468979401,3.49559805708364,0,0,0,0,trade_share,1617.14,161.61110221122215,5.091361474064596,0.69547,572.41702,4.619580866,1,0,0,0,0
JOR,Jordan,2017,33.25,1.45,286.05,53.33,201,0,2,1,0,1,4.619580866,4,Extremely High (>80%),Middle East & North Africa,10234226,19.639980590618187,3.027230000235894,4.567514778140133,27.0180054886121,90.8764609714428,64.5,,4335.92512689541,66.63913812339106,3.5040547671018634,0,0,0,0,trade_share,1960.83,191.59533901244706,5.26059129872045,,576.00927,4.619580866,1,0,0,0,0
JOR,Jordan,2018,33,1.36,267.55,53.23,282,0,0,1,0,1,4.619580866,4,Extremely High (>80%),Middle East & North Africa,10462306,26.95390480836634,3.3305568967613004,4.469587924255469,26.52258659847981,91.2008859099729,65.2,,4320.029787424999,65.18639389824767,3.4965075614664802,0,0,0,0,trade_share,2335.49,223.22898986131736,5.412667805853191,,,4.619580866,1,0,0,0,0
JOR,Jordan,2019,32.96,1.28,255.24,52.83,374,0,0,1,0,1,4.619580866,4,Extremely High (>80%),Middle East & North Africa,10671891,35.04533545179575,3.584777464285584,4.396861831972174,26.67662632227121,91.515966492507,70.08470154,,4313.807914266082,63.906199941509904,3.495294705041271,0,0,0,0,trade_share,2819.31,264.180921637974,5.5804123161989505,,,4.619580866,1,0,0,0,0
JOR,Jordan,2020,32.64,1.34,246.24,52.7,421,0,0,1,0,1,4.619580866,4,Extremely High (>80%),Middle East & North Africa,10865228,38.74746116694468,3.6825459690465943,4.7328753752539106,25.996869011936553,91.8216722992319,78.4178009,,4188.212400957193,62.76904635595315,3.4855385300959063,0,0,0,0,trade_share,3205.55,295.0283233817091,5.69045513684671,,,4.619580866,1,0,0,0,0
JOR,Jordan,2021,33.44,1.43,254.53,53.76,583,0,2,1,0,1,4.619580866,4,Extremely High (>80%),Middle East & North Africa,11066356,52.682201801568645,3.9830815089900664,4.828853428651155,25.94240241324335,92.117972910453,85.999997,,4266.3790298994,61.62823606975955,3.5097527882165007,0,0,0,0,trade_share,3852.39,348.1173025700601,5.855407976245873,,,4.619580866,1,0,0,0,0
JOR,Jordan,2022,34.27,1.48,267.18,54.63,713,0,,1,1,1,4.619580866,4,Extremely High (>80%),Middle East & North Africa,11256263,63.34251429626334,4.164220599323119,4.767618831501851,27.239392960401705,92.4048379066163,90.4999984,,4309.614328568043,60.588491935556235,3.5342703358865175,0,0,0,0,trade_share,4732.04,420.39174102453006,6.043562902280377,,,4.619580866,1,0,0,0,0
JOR,Jordan,2023,35.33,1.51,275.88,56.29,1041,0,,1,3,1,4.619580866,4,Extremely High (>80%),Middle East & North Africa,11439213,91.0027639139161,4.521818619140339,4.956295908649624,26.790780203603997,92.682236868336,92.53443944,,4373.3808848236795,,3.5647324613710536,0,0,0,0,trade_share,5419.23,473.7415065179746,6.162770459101553,,,4.619580866,1,0,0,0,0
JPN,Japan,2016,55.83,0.7,102.9,221.74,6688,0,1530,1,292,1,1.967749978,1,Low - Medium (10-20%),East Asia & Pacific,127076000,52.629922251251216,3.982107163268838,1.1043749435671597,29.314715562297717,91.4541254852142,93.1827212821617,30.65627930685543,35934.44678866619,3383.801819383676,4.022311359322269,1,1,1,1,,101166.54,796.1105165412823,6.680993334849895,3.10665,5232.70894,1.967749978,1,1,1,1,1
JPN,Japan,2017,57,0.71,107.43,226.01,7084,0,2618,1,947,1,1.967749978,1,Low - Medium (10-20%),East Asia & Pacific,126972000,55.79182811958542,4.039392444242602,1.1081382859185411,29.4414450761698,91.5498419685883,91.7265472366635,33.68883367927817,36547.73574373052,3386.5734177613963,4.04305126783455,1,1,1,1,,101854.44,802.1803232208676,6.688579250655397,3.16636,5319.83455,1.967749978,1,1,1,1,1
JPN,Japan,2018,57.47,0.67,112.79,220.98,8185,0,3886,1,999,1,1.967749978,1,Low - Medium (10-20%),East Asia & Pacific,126811000,64.54487386740898,4.182735005281592,1.0112561901139148,29.44671340859715,91.6377318609728,88.7463508901772,35.8035749582494,36899.384707943515,3390.873031519348,4.05126307251965,1,1,1,1,,101998.64,804.3359014596525,6.6912594592800865,3.2192,5339.51713,1.967749978,1,1,1,1,1
JPN,Japan,2019,57.76,0.66,114.1,224.16,9226,0,4559,1,1255,1,1.967749978,1,Low - Medium (10-20%),East Asia & Pacific,126633000,72.85620651804823,4.30212004766741,0.9811520045887121,29.117582252316215,91.7164207898107,92.7303978145525,34.35829727999888,36837.25836531125,3395.639367305521,4.05629649458457,1,1,1,1,,100156.22,790.9172174709594,6.674456862956222,3.21824,5376.11987,1.967749978,1,1,1,1,1
JPN,Japan,2020,54.53,0.65,87.04,235.51,9668,0,4589,1,1104,1,1.967749978,1,Low - Medium (10-20%),East Asia & Pacific,126261000,76.57154624151559,4.351200687803087,1.00457628073053,28.98598094407538,91.7809926267889,90.21945812,30.519222689227295,35363.29969517887,3405.643864692977,3.9987510089379703,1,1,1,1,,100403.47,795.2057246497335,6.679857600504867,3.26556,5450.44287,1.967749978,1,1,1,1,1
JPN,Japan,2021,56.6,0.64,118.88,206.8,10165,0,4597,1,1320,1,1.967749978,1,Low - Medium (10-20%),East Asia & Pacific,125681593,80.87898758571592,4.405242396106435,0.9386493826024009,28.450484057012865,91.8741049279527,82.91407928,35.42539273405387,36792.55642947405,3421.3442854754394,4.036008985209137,1,1,1,1,,106309.76,845.8657903866638,6.741542229188759,3.27383,5589.76698,1.967749978,1,1,1,1,1
JPN,Japan,2022,58.28,0.65,113.34,232.11,9888,0,,1,722,1,1.967749978,1,Low - Medium (10-20%),East Asia & Pacific,125124989,79.02498197222619,4.382338860579128,0.8486570196713765,27.057606027417307,91.9776532428406,84.92343147,44.86063102003999,37448.35048248489,3436.5637386789303,4.065258981327004,1,1,1,1,,102422.96,818.5651868468896,6.708773939677959,3.40053,5629.79566,1.967749978,1,1,1,1,1
JPN,Japan,2023,59.33,0.68,120.44,232.81,10956,0,,1,2856,1,1.967749978,1,Low - Medium (10-20%),East Asia & Pacific,124516650,87.98823289897375,4.488504146372744,0.8253453954577109,27.651797874464517,92.0826903891473,85.00990295,43.59508338027346,37902.54922044109,,4.083115080270552,1,1,1,0,,96543.44,775.3456264684281,6.654597815957879,3.44125,5608.63075,1.967749978,1,1,1,1,1
KAZ,Kazakhstan,2016,6.98,0.05,8.03,46.51,89,0,,0,0,1,2.511560337,2,Medium - High (20-40%),Europe & Central Asia,18363600,4.846544250582674,1.7658507603000602,4.556004270706594,31.979790360678845,56.7476265001667,74.5877264735738,60.311596586415284,10151.423313301964,3504.214859831405,1.9430489167742813,1,1,1,1,,1411.26,76.85094425929556,4.354796027420265,0.14179,678.87213,2.511560337,1,1,1,1,1
KAZ,Kazakhstan,2017,7.32,0.04,8.67,50.25,108,0,,0,0,1,2.511560337,2,Medium - High (20-40%),Europe & Central Asia,18651931,5.790285198889059,1.9154929434704064,4.516984540267412,32.325225301072805,57.4586448748837,76.4267482325439,56.82538793597095,10404.271864631697,3450.0449310047306,1.9906103279732201,1,1,1,1,,1634.93,87.65473129833046,4.484749401635603,0.12667,650.77119,2.511560337,1,1,1,1,1
KAZ,Kazakhstan,2018,7.86,0.04,13.28,32.68,138,0,,0,0,1,2.511560337,2,Medium - High (20-40%),Europe & Central Asia,18932727,7.288965820930075,2.114925211175876,4.395858102876359,33.496200401787554,58.2388038921695,78.9039190578816,63.52795651181881,10670.21201482792,3398.876453455437,2.061786606441115,1,1,1,1,,1894.34,100.05637328420782,4.615678512461534,0.11683,650.01155,2.511560337,1,1,1,1,1
KAZ,Kazakhstan,2019,8.15,0.04,17,32.21,199,0,,0,0,1,2.511560337,2,Medium - High (20-40%),Europe & Central Asia,19209555,10.359427899292825,2.4300480510471045,4.466335958127513,33.028795913527006,59.0832474269546,81.8776204746284,64.85861655175647,10989.684071838816,3349.895403615544,2.0980179272527715,1,1,1,1,,2344.81,122.06477453538096,4.81271083899446,0.11841,619.64887,2.511560337,1,1,1,1,1
KAZ,Kazakhstan,2020,7.64,0.06,14.56,25.21,249,0,,0,1,1,2.511560337,2,Medium - High (20-40%),Europe & Central Asia,19482117,12.780951885259698,2.623287340504553,5.391282693448097,33.09779715428576,59.9871193541692,85.94259898,57.026442366093136,10565.035981623536,3303.0291317930178,2.033397603178429,1,1,1,1,,2819.66,144.73067788269623,4.98176024616929,0.12602,668.82871,2.511560337,1,1,1,1,1
KAZ,Kazakhstan,2021,8.05,0.06,12.35,31.94,332,0,,0,2,1,2.511560337,2,Medium - High (20-40%),Europe & Central Asia,19743603,16.815573125128175,2.8800729694709,5.030001939963306,35.26692959669438,61.030254280267,90.9239507,58.66860857792066,10873.391527527603,3259.2835259096323,2.0856720914304723,1,1,1,1,,2950.4,149.43574382041615,5.013536041659886,0.13023,609.97284,2.511560337,1,1,1,1,1
KAZ,Kazakhstan,2022,8.02,0.07,12.65,26.23,307,0,,0,3,1,2.511560337,2,Medium - High (20-40%),Europe & Central Asia,20034609,15.323483478015469,2.792604775166901,5.247144807300736,34.97939742375806,61.444157327248,92.29685266,68.33431474156123,11058.348241340698,3211.941895147542,2.081938421878423,1,1,1,1,,3211.19,160.28213977123286,5.083155252225752,0.11715,661.69455,2.511560337,1,1,1,1,1
KAZ,Kazakhstan,2023,8.63,0.05,11.84,32.43,490,0,,0,5,1,2.511560337,2,Medium - High (20-40%),Europe & Central Asia,20330104,24.102188557422036,3.2229550358593944,3.825003113616634,32.42848433104008,61.7560919499181,92.87846096,62.33428376750215,11453.395272536261,,2.155244505095337,1,1,1,0,,3818.58,187.82884730938906,5.240841034992019,0.14449,693.05803,2.511560337,1,1,1,1,1
KEN,Kenya,2016,13.63,0.13,37.44,87.26,35,0,1,1,8,1,0.788210351,0,Low (<10%),Sub-Saharan Africa,48139687,0.7270508426862019,0.5464152386189799,20.03451643283491,18.162159286516417,31.6502520105647,16.6,34.86501957318242,1517.97796057742,429.9986412458394,2.612273245708441,1,1,1,1,,1074.61,22.322745887400554,3.149429102723785,,,0.788210351,1,1,0,0,1
KEN,Kenya,2017,13.92,0.13,43.64,85.11,29,0,0,1,3,1,0.788210351,0,Low (<10%),Sub-Saharan Africa,49197766,0.5894576595205563,0.4633928634049718,20.893637406529177,17.503509207869115,31.5383650847102,17.82710075,35.99505787540744,1542.3377397337213,420.750812140535,2.6333266549062735,1,1,1,1,,1168.15,23.74396430927372,3.208581592982509,,,0.788210351,1,1,0,0,1
KEN,Kenya,2018,14.7,0.13,55.33,85.58,42,0,0,1,44,1,0.788210351,0,Low (<10%),Sub-Saharan Africa,50207107,0.8365349551010777,0.6078806196390999,20.314910419967994,17.313146131064,31.3940041639796,19.5,34.41475317674248,1596.6904591494501,412.2922278712454,2.6878474937846906,1,1,1,1,,1302.4,25.940550607705802,3.293632609069788,,,0.788210351,1,1,0,0,1
KEN,Kenya,2019,15.38,0.14,71.48,85.6,78,0,0,1,25,1,0.788210351,0,Low (<10%),Sub-Saharan Africa,51202827,1.52335338828069,0.9255887265491449,20.861163811068607,16.9305452274709,31.1895566421135,22.6687733618171,31.759461841481023,1645.7096177786214,404.2745530437216,2.733067964077498,1,1,1,1,,1447.35,28.26699392984688,3.376460394023661,,,0.788210351,1,1,0,0,1
KEN,Kenya,2020,15.03,0.15,98.03,78.81,98,0,0,1,20,1,0.788210351,0,Low (<10%),Sub-Saharan Africa,52217334,1.8767714184718816,1.0566686300650123,22.702726160445057,17.400287632278648,31.2063494632616,24.7227993,30.39913878304108,1609.334140782809,396.42008533028513,2.710048203764883,1,1,1,1,,1787.68,34.235374789528706,3.5620505435757908,,,0.788210351,1,1,0,0,1
KEN,Kenya,2021,16.37,0.15,155.42,82.77,118,0,0,1,29,1,0.788210351,0,Low (<10%),Sub-Saharan Africa,53219166,2.2172463206206574,1.168525813749879,21.47707509572517,17.15243577679519,31.2879334021971,26.96290016,35.0020477795269,1698.8957827144363,388.9576172614204,2.7954503913830435,1,1,1,1,,1991.87,37.42768159876838,3.6487780748560508,,,0.788210351,1,1,0,0,1
KEN,Kenya,2022,14.66,0.15,129.09,85.32,161,0,,1,46,1,0.788210351,0,Low (<10%),Sub-Saharan Africa,54252461,2.967607312781627,1.37816322101272,21.036192064993276,17.52744809684349,31.4307820066946,29.40589905,40.2753238373561,1747.5319880442844,381.54951164335193,2.6851226964585053,1,1,1,1,,2051.43,37.81266254446964,3.658746547626175,0.40651,168.60477,0.788210351,1,1,1,1,1
KEN,Kenya,2023,14.47,0.16,129.55,91.6,218,0,,1,14,1,0.788210351,0,Low (<10%),Sub-Saharan Africa,55339003,3.939355394602971,1.5972348357631967,21.452206090220514,17.12221482398439,31.6330340816429,32.07040024,40.9337677377556,1811.2165183842499,,2.6720775406433925,1,1,1,0,,2078.83,37.56536777505731,3.6523546658388,0.80427,200.85225,0.788210351,1,1,1,1,1
KGZ,Kyrgyzstan,2016,0.79,0.1,4.99,16.37,1,0,,0,0,1,3.276846479,3,High (40-80%),Europe & Central Asia,6175338,0.16193445605730405,0.15008625069193446,12.834473156492793,26.54642400077929,35.0515747230627,40.52619934,105.82357401740639,1128.3161612818033,7923.452934883888,-0.23572233352106983,1,1,1,1,,102.75,16.638765359887994,2.8700990571931104,0.11121,,3.276846479,1,1,1,0,1
KGZ,Kyrgyzstan,2017,0.84,0.1,5.26,17.6,1,0,,0,0,1,3.276846479,3,High (40-80%),Europe & Central Asia,6306696,0.15856163036873824,0.14717926189459019,12.514578895885336,27.30809347157655,34.9980805726839,50.80530167,100.6174458132578,1157.182757580675,7758.420573942362,-0.1743533871447778,1,1,1,1,,111.8,17.727190275224935,2.9299764932022674,0.10707,,3.276846479,1,1,1,0,1
KGZ,Kyrgyzstan,2018,0.88,0.1,5.4,18.65,2,0,,0,0,1,3.276846479,3,High (40-80%),Europe & Central Asia,6444079,0.31036242727626395,0.27030376099212405,11.675286484238448,27.4785136821163,34.9408997219466,62.8,98.87555990176078,1175.0712778746959,7593.016783313798,-0.12783337150988489,1,1,1,1,,125.14,19.419377074675836,3.0164843066236044,0.10107,,3.276846479,1,1,1,0,1
KGZ,Kyrgyzstan,2019,0.94,0.1,6.06,19.64,13,0,,0,0,1,3.276846479,3,High (40-80%),Europe & Central Asia,6590211,1.9726227278610653,1.0894446364886217,10.373902624893121,26.580314952924645,34.8805205758044,64.1,94.43028235429391,1201.8770142972057,7424.648467249379,-0.06187540371808753,1,1,1,1,,175.06,26.56364113379678,3.316497554029741,0.08535,,3.276846479,1,1,1,0,1
KGZ,Kyrgyzstan,2020,0.89,0.11,5.45,18.74,13,0,,0,0,1,3.276846479,3,High (40-80%),Europe & Central Asia,6726596,1.932626844246332,1.0758985552549938,12.169655673088437,26.90424684760679,34.8174315392111,72,78.99227843047383,1093.328564614224,7274.110114536386,-0.11653381625595151,1,1,1,1,,205.22,30.508744690479404,3.450265116526846,0.08356,,3.276846479,1,1,1,0,1
KGZ,Kyrgyzstan,2021,0.91,0.12,5.33,19.38,25,0,,0,0,1,3.276846479,3,High (40-80%),Europe & Central Asia,6851224,3.6489830138381114,1.5366484889779852,12.412233029824323,23.748301567737446,34.7521210171204,77.11769867,100.26137686156926,1132.5546781282012,7141.789554683951,-0.09431067947124129,1,1,1,1,,217.52,31.749071406802642,3.48887460768852,0.07102,,3.276846479,1,1,1,0,1
KGZ,Kyrgyzstan,2022,0.99,0.12,5.98,21.01,29,0,,0,0,1,3.276846479,3,High (40-80%),Europe & Central Asia,6975220,4.157574958209203,1.6404664996839666,10.996805665197739,24.19414219776426,34.7003053497743,84.1937027,133.78671804876558,1212.1781272176838,7014.832507075046,-0.01005033585350145,1,1,1,1,,234.43,33.60897577424081,3.544113063861797,0.06922,,3.276846479,1,1,1,0,1
KGZ,Kyrgyzstan,2023,1.01,0.11,5.94,22.17,21,0,,0,0,1,3.276846479,3,High (40-80%),Europe & Central Asia,7099750,2.957850628543259,1.3757011073432375,9.492161082078082,23.583933779700537,34.706439175362,91.04440308,132.37340391233607,1298.2572448221135,,0.009950330853168092,1,1,1,0,,326.91,46.0452832846227,3.851110612007667,0.05414,,3.276846479,1,1,1,0,1
KHM,Cambodia,2016,9.26,0.36,249.38,114.71,5,0,,0,0,1,1.87051284,1,Low - Medium (10-20%),East Asia & Pacific,15852803,0.3154016359125891,0.2741420455460318,18.90798155559165,33.05620946080039,32.4767436038024,32.3984517141849,122.70455560266713,1645.4667157812587,7607.487458211649,2.225704048658088,1,1,1,1,,116.97,7.378505870539109,2.1256696015254737,,,1.87051284,1,1,0,0,1
KHM,Cambodia,2017,10.16,0.37,282.01,123.65,4,0,,0,0,1,1.87051284,1,Low - Medium (10-20%),East Asia & Pacific,16073372,0.2488587957772644,0.22223017093113015,17.868177158358588,34.29808091691651,35.0127905056235,32.9002785437986,121.15545129868879,1753.9353050466204,7503.092692684521,2.318458442150336,1,1,1,1,,123.85,7.705290464253549,2.1639309401825444,,,1.87051284,1,1,0,0,1
KHM,Cambodia,2018,11.23,0.38,331.18,130.85,11,0,,0,0,1,1.87051284,1,Low - Medium (10-20%),East Asia & Pacific,16274522,0.6759031079376708,0.516352188895706,16.497947908222766,36.871423752422615,37.6404336372742,65,118.4376554130496,1884.2837481708602,7410.355892480283,2.418588768750352,1,1,1,1,,140.48,8.63189714573491,2.2650802101181418,,,1.87051284,1,1,0,0,1
KHM,Cambodia,2019,12.37,0.38,383.2,138.65,10,0,,0,0,1,1.87051284,1,Low - Medium (10-20%),East Asia & Pacific,16481304,0.6067481068245572,0.4742123270047133,15.438506517715695,39.045594652157185,39.5830241256026,52.305878224498,115.73667907244788,2008.3209400670598,7317.382168304158,2.5152741864043966,1,1,1,1,,137.07,8.316696300244203,2.231808091633937,,,1.87051284,1,1,0,0,1
KHM,Cambodia,2020,11.64,0.4,350.3,133.03,10,0,,0,0,1,1.87051284,1,Low - Medium (10-20%),East Asia & Pacific,16725474,0.5978903796687616,0.46868424653600843,17.039652291143486,37.45761227793609,39.832658030922,56.37590027,122.10539634656843,1908.6342751833563,7210.557978805264,2.454447442303292,1,1,1,1,,154.12,9.214686531454953,2.3238265407164906,,,1.87051284,1,1,0,0,1
KHM,Cambodia,2021,12.1,0.42,391.8,128.97,19,0,,0,0,1,1.87051284,1,Low - Medium (10-20%),East Asia & Pacific,16974305,1.119338906659212,0.7511042035713116,16.904414371009576,40.32050857300706,40.1091858128847,60.76269913,146.17984650971545,1938.7643674172837,7104.856428584262,2.4932054526026954,1,1,1,1,,153.37,9.03542147970123,2.306120982333025,,,1.87051284,1,1,0,0,1
KHM,Cambodia,2022,12.68,0.42,414.83,134.01,30,0,,0,0,1,1.87051284,1,Low - Medium (10-20%),East Asia & Pacific,17201724,1.7440112398036383,1.0094208059936018,16.544085988484795,40.86496262221583,40.374616187368,65.49079895,145.8736327614059,2011.2743331326217,7010.925184010626,2.5400259490090797,1,1,1,1,,183.99,10.696020933715713,2.459248692824196,,,1.87051284,1,1,0,0,1
KHM,Cambodia,2023,13.14,0.45,416.8,142.96,35,0,,0,0,1,1.87051284,1,Low - Medium (10-20%),East Asia & Pacific,17423880,2.0087374339125383,1.1015205335921026,17.07844724553506,40.5173741615592,40.6290788072508,68.92549896,134.20684239593064,2085.057484621225,,2.5756610130564646,1,1,1,0,,200.77,11.522691845903438,2.5275423462283855,,,1.87051284,1,1,0,0,1
KNA,Saint Kitts and Nevis,2016,,0.34,,41.24,0,1,,0,0,1,-9999,-9999,NoData,Latin America & Caribbean,47075,0,0,0.7897999198060631,24.51433006794413,31.2806171906169,66.97389984,,21133.65759144139,509.8247477429634,#NUM!,0,0,0,0,"wue_total, trade_share",21.03,446.73393520977163,6.1041991613686735,,,,0,0,0,0,0
KNA,Saint Kitts and Nevis,2017,,0.39,,40.65,0,1,,0,0,1,-9999,-9999,NoData,Latin America & Caribbean,47050,0,0,0.9029938609032041,26.285986600510192,31.3169642505921,67.78440094,,21191.604708370287,510.09564293304993,#NUM!,0,0,0,0,"wue_total, trade_share",28.53,606.3761955366632,6.409148361090729,,,,0,0,0,0,0
KNA,Saint Kitts and Nevis,2018,,0.4,,42.48,0,1,,0,0,1,-9999,-9999,NoData,Latin America & Caribbean,47008,0,0,0.9161655221765038,24.550690134448924,31.3607229995076,68.60479736,,21635.49721464821,510.55139550714773,#NUM!,0,0,0,0,"wue_total, trade_share",28.06,596.9196732471069,6.393456419254396,,,,0,0,0,0,0
KNA,Saint Kitts and Nevis,2019,,0.41,,43.32,0,1,,0,0,1,-9999,-9999,NoData,Latin America & Caribbean,46952,0,0,0.8996359332845236,25.30180094343092,31.4121818392285,69.43499756,,22297.764499570076,511.1603339580849,#NUM!,0,0,0,0,"wue_total, trade_share",32.91,700.9286079400238,6.553831700763076,,,,0,0,0,0,0
KNA,Saint Kitts and Nevis,2020,,0.43,,37.55,1,0,,0,0,1,-9999,-9999,NoData,Latin America & Caribbean,46870,21.33560913164071,3.106182226948008,1.1267121709216916,23.13593872428863,31.4716289738952,70.27529907,,18918.826345661102,512.054619159377,#NUM!,0,0,0,0,"wue_total, trade_share",37.34,796.6716449754641,6.681697040309961,,,,0,0,0,0,0
KNA,Saint Kitts and Nevis,2021,,0.48,,38.16,2,0,,0,3,1,-9999,-9999,NoData,Latin America & Caribbean,46763,42.76885571926523,3.7789225078239483,1.2397122004244527,22.577514364097517,31.5393525093972,74.37159729,,19031.821191060284,513.2262686311828,#NUM!,0,0,0,0,"wue_total, trade_share",35.08,750.1657293159121,6.621626305601924,,,,0,0,0,0,0
KNA,Saint Kitts and Nevis,2022,,0.51,,42.26,0,1,,0,4,1,-9999,-9999,NoData,Latin America & Caribbean,46709,0,0,1.1861003977568627,21.75058304967055,31.6156404983167,75.76229858,,21050.758653728986,513.8196064998181,#NUM!,0,0,0,0,"wue_total, trade_share",40.15,859.5773833736538,6.757603539991375,,,,0,0,0,0,0
KNA,Saint Kitts and Nevis,2023,,0.62,,43.82,4,0,,0,1,1,-9999,-9999,NoData,Latin America & Caribbean,46758,85.54685829162923,4.460685981617676,1.3967146856777979,21.325072098685734,31.7007809622822,76.58950043,,21664.03339847006,,#NUM!,0,0,0,0,"wue_total, trade_share",35.5,759.2283673382095,6.633618871484049,,,,0,0,0,0,0
KOR,"Korea, Republic of",2016,53.47,0.98,116.62,136.92,3079,0,1293,1,169,1,2.381249355,2,Medium - High (20-40%),East Asia & Pacific,51217803,60.115815588575714,4.112770680285819,1.739456481428038,35.22649371263898,81.5559241797057,92.8430256796075,69.89972213169192,31005.407287638827,1266.161299421609,3.97912074896064,1,1,1,1,,61914.97,1208.8564204911327,7.0982569707989125,3.78638,7057.16003,2.381249355,1,1,1,1,1
KOR,"Korea, Republic of",2017,55.29,1,123.53,139.65,3352,0,2547,1,172,1,2.381249355,2,Medium - High (20-40%),East Asia & Pacific,51361911,65.26236922921345,4.193622152785675,1.7149425413338069,35.62988426580674,81.471030429984,95.0694218761004,73.19214082640161,31979.902730246704,1262.6087841630347,4.012592060349841,1,1,1,1,,62977.5,1226.1518073188515,7.112451159404185,4.07341,7453.21918,2.381249355,1,1,1,1,1
KOR,"Korea, Republic of",2018,57.11,0.96,126.22,145.34,4272,0,4415,1,350,1,2.381249355,2,Medium - High (20-40%),East Asia & Pacific,51585058,82.81467862263526,4.4286081547101475,1.5993277443236076,34.976707476851345,81.3823523035196,96.0228595797887,74.70751621408243,32852.88874889417,1257.1469823684213,4.044979232676772,1,1,1,1,,64793.42,1256.0501531276752,7.136523106861664,4.27155,7918.46916,2.381249355,1,1,1,1,1
KOR,"Korea, Republic of",2019,58.54,0.92,123.82,152.83,5171,0,7022,1,814,1,2.381249355,2,Medium - High (20-40%),East Asia & Pacific,51764822,99.89409410120255,4.614071393448296,1.5068943395558834,33.64649210281534,81.2901063535619,96.157579184239,71.4470632403511,33496.31138156434,1252.7812806928998,4.06971028126374,1,1,1,1,,67687.84,1307.603066808575,7.176715486012729,4.36379,8328.96727,2.381249355,1,1,1,1,1
KOR,"Korea, Republic of",2020,57.96,0.96,120.49,152.6,6689,0,8731,1,1268,1,2.381249355,2,Medium - High (20-40%),East Asia & Pacific,51836239,129.0409977467694,4.867849768020615,1.5779513535925895,33.35632617776388,81.1759595622913,96.50506052,65.544957860621,33215.929892810826,1251.055270425773,4.059753117452481,1,1,1,1,,69089.86,1332.8486273859492,7.195823747312876,4.5214,8620.009,2.381249355,1,1,1,1,1
KOR,"Korea, Republic of",2021,60.52,1.06,127.35,158.18,8199,0,10153,1,5776,1,2.381249355,2,Medium - High (20-40%),East Asia & Pacific,51769539,158.37498572278187,5.071259826330142,1.6651597819158437,33.15260467680799,81.1616526507785,97.57132698,75.30630476109123,34792.93972145982,1252.667133079937,4.102973888920155,1,1,1,1,,72352.13,1397.5811142533064,7.243213511856206,4.59673,9071.4503,2.381249355,1,1,1,1,1
KOR,"Korea, Republic of",2022,62.45,0.95,132.23,163.02,8880,0,,1,3249,1,2.381249355,2,Medium - High (20-40%),East Asia & Pacific,51672569,171.85133566709254,5.152431893656797,1.4483461547481982,32.51125805072465,81.1624941626873,97.16855335,90.58514752785493,35809.01381051443,1255.017918694927,4.134366236571586,1,1,1,1,,71998.13,1393.353018697406,7.240185800793534,4.84753,9434.7613,2.381249355,1,1,1,1,1
KOR,"Korea, Republic of",2023,63.91,0.95,131.28,169.58,10326,0,,1,3252,1,2.381249355,2,Medium - High (20-40%),East Asia & Pacific,51712619,199.6804687072608,5.301713935208605,1.447738714455018,32.52346900639743,81.1645551720421,97.41597478,82.25800907166285,36347.7036392553,,4.157475843662191,1,1,1,0,,71724.33,1386.979259356406,7.235604198128308,4.94352,9471.82543,2.381249355,1,1,1,1,1
KWT,Kuwait,2016,111.96,0.85,2481.08,167.92,47,0,,0,0,1,5,4,Extremely High (>80%),Middle East & North Africa,4004096,11.737980308164438,2.5445881060353113,0.5185921311858686,52.13478015417703,100,85.59999847,96.15767237586168,29454.442638882883,0,4.718141664647253,1,1,1,1,,810.2,202.34280097180488,5.314893229571681,0.07985,481.99315,5,1,1,1,1,1
KWT,Kuwait,2017,101.53,0.76,2543.37,149.6,48,0,,0,0,1,5,4,Extremely High (>80%),Middle East & North Africa,4154812,11.552869299501397,2.5299492688884073,0.5250921392494645,55.61921589781957,100,97.9999893344615,97.84004645740897,27048.37069359583,0,4.6203543213131315,1,1,1,1,,851.59,204.9647493075499,5.327705034280644,0.0804,498.31295,5,1,1,1,1,1
KWT,Kuwait,2018,103.76,0.66,2851.09,139.97,66,0,,0,0,1,5,4,Extremely High (>80%),Middle East & North Africa,4323515,15.265357006972335,2.7890375090832826,0.4459068711695096,60.12765371745758,100,99.5988495907557,102.78563065499988,26706.01916608642,0,4.642080540008188,1,1,1,1,,974.66,225.4323160669039,5.422446074954226,0.06329,502.98169,5,1,1,1,1,1
KWT,Kuwait,2019,106.45,0.56,2794.88,150.58,73,0,,0,0,1,5,4,Extremely High (>80%),Middle East & North Africa,4442316,16.43286970129995,2.858357487477421,0.3704341383802915,57.718656677003075,100,99.5426764518489,91.68571238959534,26580.226474160663,0,4.667675391339489,1,1,1,1,,1116.86,251.41390211772415,5.531070208855948,0.18512,175.34012,5,1,1,1,1,1
KWT,Kuwait,2020,104.23,0.72,2189.39,175.58,115,0,,0,0,1,5,4,Extremely High (>80%),Middle East & North Africa,4400267,26.13477773053317,3.300816216235576,0.4963266899896769,48.461210173529395,100,99.10587017,82.01251012930516,25541.5378987908,0,4.646599995751231,1,1,1,1,,1095.3,248.91671346306939,5.521127716209018,0.17805,165.97953,5,1,1,1,1,1
KWT,Kuwait,2021,103.22,0.7,2755.18,143.39,127,0,,0,0,1,5,4,Extremely High (>80%),Middle East & North Africa,4360865,29.122662591022653,3.405277798461036,0.47302481898253435,58.306793115303535,100,99.7,82.00037517758855,26203.261725785578,0,4.6368626327205815,1,1,1,1,,1184.25,271.56309585368956,5.6078701317182365,,,5,1,1,0,0,1
KWT,Kuwait,2022,107.55,0.63,3327.36,125.85,192,0,,0,0,1,5,4,Extremely High (>80%),Middle East & North Africa,4589643,41.83331906207084,3.757316282485884,0.40246023889980104,65.76632895806056,100,99.74729919,90.91881020234248,26579.832164687632,0,4.677955855713739,1,1,1,1,,1245.88,271.45466433881677,5.607472230863538,0.0801,176.25862,5,1,1,1,1,1
KWT,Kuwait,2023,105.57,0.71,2934.81,140.59,254,0,,0,7,1,5,4,Extremely High (>80%),Middle East & North Africa,4853420,52.33423029533814,3.9765783444618856,0.4685140162545756,60.265622670852906,100,99.74731125,96.03435096931622,24722.814370185697,,4.659374240001603,1,1,1,0,,1395.04,287.43442768192324,5.664467773050144,0.09547,159.38516,5,1,1,1,1,1
LAO,Lao People's Democratic Republic,2016,1.55,0.12,18,61.07,2,0,,0,,0,0.741620199,0,Low (<10%),East Asia & Pacific,6908802,0.28948578928734675,0.254243525950773,17.230176594806583,28.759504637257404,33.8267455533474,21.87000084,75.09189092041244,2234.7609874184627,27559.047140155413,0.4382549309311553,1,0,1,1,,88.67,12.83435246805452,2.627154808244349,,,0.741620199,1,1,0,0,1
LAO,Lao People's Democratic Republic,2017,1.75,0.12,19.52,66.39,1,0,,0,,0,0.741620199,0,Low (<10%),East Asia & Pacific,7018147,0.14248775353380316,0.13320812472116164,16.19975985619791,30.91247539946998,34.5115346444216,25.51040077,,2351.5744174759507,27129.66827283612,0.5596157879354227,0,0,0,0,trade_share,78.32,11.159640856767462,2.4981223412965528,,,0.741620199,1,0,0,0,0
LAO,Lao People's Democratic Republic,2018,1.88,0.13,21.07,71.1,0,1,,0,,0,0.741620199,0,Low (<10%),East Asia & Pacific,7128045,0,0,15.709186820108389,31.533192488878974,35.2050070032013,36.27130127,,2459.97874636195,26711.391412371835,0.6312717768418578,0,0,0,0,trade_share,85.35,11.973830131543782,2.5629342617148447,,,0.741620199,1,0,0,0,0
LAO,Lao People's Democratic Republic,2019,1.98,0.15,23.18,73.59,4,0,,0,,0,0.741620199,0,Low (<10%),East Asia & Pacific,7237636,0.5526666441915564,0.43997386831887186,16.050339057034126,31.531381987864034,35.9072880879451,47.03229904,,2554.9563801924505,26306.932263518087,0.6830968447064438,0,0,0,0,trade_share,90.22,12.465396159740557,2.6001231472745445,,,0.741620199,1,0,0,0,0
LAO,Lao People's Democratic Republic,2020,2.04,0.16,24.19,75.43,3,0,,0,,0,0.741620199,0,Low (<10%),East Asia & Pacific,7346533,0.4083558870558398,0.34242298649031644,16.33776235926162,32.41636783233523,36.6185033569111,54,,2529.746226987609,25916.98696514397,0.712949807856125,0,0,0,0,trade_share,83.73,11.39721280772849,2.517471673775343,,,0.741620199,1,0,0,0,0
LAO,Lao People's Democratic Republic,2021,2.09,0.16,25.46,76.24,1,0,,0,,0,0.741620199,0,Low (<10%),East Asia & Pacific,7453194,0.13417066562335558,0.1259016927677821,16.067697015524917,34.12997772462127,37.338778268357,62,,2556.5891264040542,25546.0947346869,0.7371640659767196,0,0,0,0,trade_share,83.5,11.20325057955019,2.501702357196862,,,0.741620199,1,0,0,0,0
LAO,Lao People's Democratic Republic,2022,2.17,0.18,27.22,77.16,2,0,,0,,0,0.741620199,0,Low (<10%),East Asia & Pacific,7559007,0.2645850175823359,0.23474401901750047,14.868882228227642,34.108979734211154,38.0682382805397,64.54000092,,2589.0501519162817,25188.493673838377,0.7747271675523681,0,0,0,0,trade_share,82.63,10.931330001414207,2.479167713669165,,,0.741620199,1,0,0,0,0
LAO,Lao People's Democratic Republic,2023,2.2,0.22,28.05,75.52,0,1,,0,,0,0.741620199,0,Low (<10%),East Asia & Pacific,7664993,0,0,16.139056835188693,30.533580830834662,38.8070088517156,64.39800262,,2648.8872660803527,,0.7884573603642703,0,0,0,0,trade_share,72.2,9.419447610715366,2.343674022512659,,,0.741620199,1,0,0,0,0
LBN,Lebanon,2016,25.58,1.91,7.71,161.59,116,0,,0,1,1,5,4,Extremely High (>80%),Middle East & North Africa,6323060,18.34554788346149,2.96246230946047,2.727149457639454,15.953903808486933,88.835892633396,76.11000061,67.7236177908116,8019.141691342605,759.1261193156478,3.2418107961506966,1,1,1,1,,1442.71,228.166425749558,5.434448489597408,,,5,1,1,0,0,1
LBN,Lebanon,2017,25.88,1.98,7.28,165.34,135,0,,0,3,1,5,4,Extremely High (>80%),Middle East & North Africa,6160128,21.915129036279765,3.1317973490287923,2.7929114852009094,14.926879779679112,89.0519233886895,78.18080139,68.45542925932757,8305.57405425721,779.2045879566139,3.2534704696327,1,1,1,1,,1535,249.18313385695882,5.5221931851169614,,,5,1,1,0,0,1
LBN,Lebanon,2018,25.64,2.25,6.36,166.14,199,0,,0,4,1,5,4,Extremely High (>80%),Middle East & North Africa,5984119,33.254686278798935,3.5338233810068207,3.2318972830416333,13.805602378118426,89.272833088641,80.90000153,68.25730730437184,8388.723512383496,802.1230861217833,3.2441536320524693,1,1,1,1,,1927.89,322.167724271526,5.7781714586390285,,,5,1,1,0,0,1
LBN,Lebanon,2019,24.14,2.05,5.1,159.96,191,0,,0,1,1,5,4,Extremely High (>80%),Middle East & North Africa,5794594,32.96175711361313,3.525235100788187,3.1690998515024513,12.499118183894641,89.4986743521503,81.48120117,62.98091601016004,8064.048734162358,828.3582939546757,3.1838702156693857,1,1,1,1,,1974.74,340.7900536258451,5.834196670275179,,,5,1,1,0,0,1
LBN,Lebanon,2020,20.57,3.9,6.2,123.1,188,0,,0,2,1,5,4,Extremely High (>80%),Middle East & North Africa,5702398,32.96858619829763,3.5254361621806236,3.0782500056068893,6.638166395448261,89.729499798117,82.0664978,50.1298042879627,6440.828430929219,841.7511369778118,3.0238337036648657,1,1,1,1,,2184.85,383.1458274220775,5.951022239409222,,,5,1,1,0,0,1
LBN,Lebanon,2021,20.85,3.84,7.7,119.75,222,0,,0,4,1,5,4,Extremely High (>80%),Middle East & North Africa,5718122,38.82393555086793,3.684468127274889,1.4001656148754456,2.758632073776703,89.965362045441,82.65599823,78.82862040252412,5973.419338929876,839.4364443430902,3.0373539482448106,1,1,1,1,,2130.13,372.5226569142806,5.922978663815474,,,5,1,1,0,0,1
LBN,Lebanon,2022,18.22,0.6,0.8,134.92,304,0,,0,0,1,5,4,Extremely High (>80%),Middle East & North Africa,5744489,52.920285860065185,3.987506768149071,1.189573262952201,2.3907620997539305,90.206313713022,81.46479797,114.88827826566647,5909.036515550277,835.5834609483976,2.9025198918318122,1,1,1,1,,1990.44,346.49557166877685,5.850751921524446,,,5,1,1,0,0,1
LBN,Lebanon,2023,19.42,2.33,4.67,124.58,591,0,,0,0,1,5,4,Extremely High (>80%),Middle East & North Africa,5773493,102.36437456492976,4.638260362715781,0.9664553673692243,2.0863020184691,90.4524074197598,81.7059021,104.20641006918237,5834.634157393939,,2.966303462863179,1,1,1,0,,2079.31,360.14766104332335,5.889286908062547,,,5,1,1,0,0,1
LBR,Liberia,2016,15.53,0.01,6.14,24.16,0,1,,0,,0,0,0,Low (<10%),Sub-Saharan Africa,4755608,0,0,35.91871351024459,13.770442001923483,51.2687310234384,15.69999981,,668.0315131756014,42055.61097550513,2.7427736371605955,0,0,0,0,trade_share,17.19,3.614679763344666,1.5292424751560028,,,0,1,0,0,0,0
LBR,Liberia,2017,16.49,0.01,7.41,25.07,0,1,,0,,0,0,0,Low (<10%),Sub-Saharan Africa,4848925,0,0,35.94261591857312,15.441651428432223,51.7957569553849,16.29999924,,671.2608998353553,41246.2556133576,2.8027541365715076,0,0,0,0,trade_share,21.09,4.349417654428559,1.6769877053438416,,,0,1,0,0,0,0
LBR,Liberia,2018,17.49,0.02,9.85,25.26,0,1,,0,,0,0,0,Low (<10%),Sub-Saharan Africa,4944726,0,0,35.496699909675094,16.923864952289307,52.3245795497906,17.27770042,,665.8754396371369,40447.134987863836,2.8616292890305104,0,0,0,0,trade_share,22.86,4.623107529112836,1.7268844522132667,,,0,1,0,0,0,0
LBR,Liberia,2019,16.72,0.02,9.52,24.08,1,0,,0,,0,0,0,Low (<10%),Sub-Saharan Africa,5043721,0.19826631964773625,0.18087577853317555,36.43715132245741,16.98960702000981,52.85526226447,19.89579964,,636.6993848248694,39653.263929547255,2.8166056076565553,0,0,0,0,trade_share,21.97,4.3559110426607655,1.6782008187777713,,,0,1,0,0,0,0
LBR,Liberia,2020,15.91,0.02,10.22,22.13,0,1,,0,,0,0,0,Low (<10%),Sub-Saharan Africa,5149463,0,0,39.29228507065352,16.84383269015467,53.3878685572381,22.91069984,,605.025475431411,38839.001270617926,2.7669478423496954,0,0,0,0,trade_share,11.24,2.1827518714087275,1.1577461909442779,,,0,1,0,0,0,0
LBR,Liberia,2021,17.12,0.01,13.72,22.01,1,0,,0,,0,0,0,Low (<10%),Sub-Saharan Africa,5259323,0.19013854064487007,0.174069721057048,37.41761680272367,19.11482886876487,53.9224618859098,26.38229942,,621.9279830634256,38027.708128974016,2.840247370713596,0,0,0,0,trade_share,25.33,4.816209234534559,1.7606487152606152,,,0,1,0,0,0,0
LBR,Liberia,2022,16.78,0.02,13.52,21.52,11,0,,0,,0,0,0,Low (<10%),Sub-Saharan Africa,5373294,2.04716138740966,1.1142104646034368,36.2030463526172,20.688547272751357,54.4591057083,30.38010025,,638.0051838582892,37221.11613472109,2.8201877010390604,0,0,0,0,trade_share,27.29,5.078821296582692,1.8048108114900567,,,0,1,0,0,0,0
LBR,Liberia,2023,18.12,0.02,15.24,22.81,3,0,,0,,0,0,0,Low (<10%),Sub-Saharan Africa,5493031,0.5461465627992996,0.43576574696507964,34.56500227790433,23.34674487471526,54.997863482224,31.22410011,,653.3291883431617,,2.8970163006148333,0,0,0,0,trade_share,31.54,5.741820863563304,1.9083300462368786,,,0,1,0,0,0,0
LBY,Libya,2016,8.7,0.18,39.39,55.49,17,0,,0,,0,4.805210731,4,Extremely High (>80%),Middle East & North Africa,6632126,2.5632806131849724,1.2706816410821182,4.6117798957291605,26.07707626642381,87.8160056703177,35,41.11017606151346,7236.164099235018,105.54684877820475,2.163323025660538,1,1,1,1,,136.57,20.592190196627747,3.0723316843388075,,,4.805210731,1,1,0,0,1
LBY,Libya,2017,11.4,0.2,83.37,60.25,22,0,,0,,0,4.805210731,4,Extremely High (>80%),Middle East & North Africa,6738770,3.264690737330403,1.4503696665514432,3.874776455204507,38.98001611018167,87.8166729870528,47.5,47.5489661921214,9435.600600400456,103.87652346051283,2.4336133554004498,1,1,1,1,,165.79,24.602412606454884,3.242686589484621,,,4.805210731,1,1,0,0,1
LBY,Libya,2018,12.43,0.2,116.8,55.4,27,0,,0,,0,4.805210731,4,Extremely High (>80%),Middle East & North Africa,6849055,3.9421496834234797,1.5978003951335407,3.6601292203691655,49.67675800748802,87.818484275334,47.5,63.78113359681831,10020.9165751361,102.20388068134946,2.5201129055226197,1,1,1,1,,155.89,22.760804227736525,3.1680373418903236,,,4.805210731,1,1,0,0,1
LBY,Libya,2019,11.05,0.2,100.38,50.46,27,0,,0,,0,4.805210731,4,Extremely High (>80%),Middle East & North Africa,6951033,3.884314748613624,1.586028999015063,2.042016192325168,49.977617931347844,87.8220115209342,71.40409851,78.99396918501384,8768.410487458603,100.70445644553838,2.402430427963762,1,1,1,1,,186.28,26.798894495249844,3.3249962535479693,,,4.805210731,1,1,0,0,1
LBY,Libya,2020,5.49,0.09,47.22,26.17,55,0,,0,,0,4.805210731,4,Extremely High (>80%),Middle East & North Africa,7045399,7.806513158445674,2.175491579363363,4.3267701529239995,15.950203642511335,87.8278267096263,74.35810089,50.975793437331895,6102.798640325124,99.35562201658132,1.7029282555214393,1,1,1,1,,251.83,35.74389470347953,3.603972081340079,,,4.805210731,1,1,0,0,1
LBY,Libya,2021,7.06,0.12,63.73,32.45,80,0,,0,,0,4.805210731,4,Extremely High (>80%),Middle East & North Africa,7135175,11.21205856899095,2.502423870880697,1.9292341608538957,74.91210083716483,87.8365018271835,77.438797,164.28406996710464,7731.354481525813,98.1055124786708,1.9544450515051506,1,1,1,1,,458.51,64.2605121808505,4.178387139446521,,,4.805210731,1,1,0,0,1
LBY,Libya,2022,6.2,0.11,55.24,28.81,100,0,,0,,0,4.805210731,4,Extremely High (>80%),Middle East & North Africa,7223805,13.843120073147047,2.69753646315697,1.6864376993735348,76.83807986471425,87.8486088593786,80.64720154,156.3216846823475,7002.681892963579,96.90184051202932,1.824549292051046,1,1,1,1,,407.68,56.435631914205885,4.050664875786445,,,4.805210731,1,1,0,0,1
LBY,Libya,2023,6.83,0.12,60.4,31.89,125,0,,0,,0,4.805210731,4,Extremely High (>80%),Middle East & North Africa,7305659,17.11002388696215,2.8964655908873924,1.7692779613025011,78.89952807928267,87.8647197919848,82.10469818,161.0702326097216,7630.49664928174,,1.9213246735826988,1,1,1,0,,443.08,60.648875070681505,4.121454982415188,,,4.805210731,1,1,0,0,1
LCA,Saint Lucia,2016,,0,,115.17,0,1,,0,,0,-9999,-9999,NoData,Latin America & Caribbean,175646,0,0,2.0770772258858647,10.990729563712694,20.8164880000551,58.22259903,,10644.161291340659,1707.9808250686037,#NUM!,0,0,0,0,"wue_total, trade_share",4.9,27.8970201427872,3.363738480556145,,,,0,0,0,0,0
LCA,Saint Lucia,2017,,0,,120.71,1,0,,0,,0,-9999,-9999,NoData,Latin America & Caribbean,176342,5.670798788717379,1.897739611185457,1.5617239564414858,10.883512850354709,21.783720356472,59.16009903,,10960.484351247665,1701.2396366152134,#NUM!,0,0,0,0,"wue_total, trade_share",3.25,18.430096063331483,2.9668232074497713,,,,0,0,0,0,0
LCA,Saint Lucia,2018,,0,,124.81,0,1,,0,,0,-9999,-9999,NoData,Latin America & Caribbean,177017,0,0,1.6288740569818387,9.856988308192173,22.9261241055144,60.11259842,,11233.888357845675,1694.7524814000915,#NUM!,0,0,0,0,"wue_total, trade_share",2.4,13.558019851200733,2.678142034289087,,,,0,0,0,0,0
LCA,Saint Lucia,2019,,0,,124.94,0,1,,0,,0,-9999,-9999,NoData,Latin America & Caribbean,177661,0,0,1.7366033456195067,9.05514601644457,24.2476974658382,61.08050156,,11077.94798238066,1688.609205171647,#NUM!,0,0,0,0,"wue_total, trade_share",3.92,22.064493614242856,3.1382943620426906,,,,0,0,0,0,0
LCA,Saint Lucia,2020,,0,,88.51,0,1,,0,,0,-9999,-9999,NoData,Latin America & Caribbean,178250,0,0,1.9568233261128825,12.590357047241218,25.7524386560998,62.06399918,,8512.818398735299,1683.0294530154276,#NUM!,0,0,0,0,"wue_total, trade_share",3.09,17.335203366058906,2.908822893147564,,,,0,0,0,0,0
LCA,Saint Lucia,2021,,0,,103.11,0,1,,0,,0,-9999,-9999,NoData,Latin America & Caribbean,178522,0,0,1.6330166270783848,11.381631037212985,27.4443458949551,63.06330109,,9447.300592446387,1680.4651527542824,#NUM!,0,0,0,0,"wue_total, trade_share",3.84,21.509953955254815,3.113957609392551,,,,0,0,0,0,0
LCA,Saint Lucia,2022,,0,,128.58,0,1,,0,,0,-9999,-9999,NoData,Latin America & Caribbean,178781,0,0,1.60927247473538,9.02661366285103,29.097678526676,66.95159912,,11258.611079056445,1678.0306632136524,#NUM!,0,0,0,0,"wue_total, trade_share",4.19,23.436494929550683,3.1960777086972674,,,,0,0,0,0,0
LCA,Saint Lucia,2023,,0,,128.37,5,0,,0,,0,-9999,-9999,NoData,Latin America & Caribbean,179285,27.888557324929582,3.3634455763994686,1.2546651697666655,9.953879297266134,29.0976313248036,67.44390106,,11665.682604781761,,#NUM!,0,0,0,0,"wue_total, trade_share",2.54,14.167387121064227,2.719147538648339,,,,0,0,0,0,0
LIE,Liechtenstein,2016,,,,477.72,2,0,,0,,0,0.813133463,0,Low (<10%),Europe & Central Asia,37716,53.02789267154523,3.989500444162622,0.11551853177573135,41.95437831505646,14.4802918687379,98.09390259,,,,#NUM!,0,0,0,0,"wue_total, trade_share",44.91,1190.741329939548,7.083170818992013,,,0.813133463,1,0,0,0,0
LIE,Liechtenstein,2017,,,,441.45,4,0,,0,,0,0.813133463,0,Low (<10%),Europe & Central Asia,37962,105.36852642115801,4.666909728836394,0.13489772869870748,44.07861714142302,14.5144332791067,99.54660034,,,,#NUM!,0,0,0,0,"wue_total, trade_share",36.1,950.950950950951,6.85851351135371,,,0.813133463,1,0,0,0,0
LIE,Liechtenstein,2018,,,,467.3,11,0,,0,,0,0.813133463,0,Low (<10%),Europe & Central Asia,38246,287.6117763949171,5.665082450756452,0.13904593099654677,41.755034685083885,14.5565184941154,,,,,#NUM!,0,0,0,0,"wue_total, internet_share, trade_share",30.99,810.2808136798619,6.698614250261356,,,0.813133463,1,0,0,0,0
LIE,Liechtenstein,2019,,,,453.17,3,0,,0,,0,0.813133463,0,Low (<10%),Europe & Central Asia,38563,77.79477737727873,4.366846717729333,0.13914076668125822,44.29522856606841,14.6070830005951,93.14610291,,,,#NUM!,0,0,0,0,"wue_total, trade_share",30.72,796.6185203433344,6.681630438467483,5.86833,20047.04652,0.813133463,1,0,0,0,0
LIE,Liechtenstein,2020,,,,484.79,10,0,,0,,0,0.813133463,0,Low (<10%),Europe & Central Asia,38901,257.062800442148,5.55320296786805,0.2111704161886234,40.303619826740494,14.6666622853765,94.34999847,,,,#NUM!,0,0,0,0,"wue_total, trade_share",37.06,952.6747384386006,6.860322668280401,,,0.813133463,1,0,0,0,0
LIE,Liechtenstein,2021,,,,477.12,10,0,,0,,0,0.813133463,0,Low (<10%),Europe & Central Asia,39182,255.2192333214231,5.5460334581570985,0.16180558436709125,40.77639021421953,14.6989159370696,95.56939697,,,,#NUM!,0,0,0,0,"wue_total, trade_share",43.26,1104.0784033484763,7.0076715646913295,,,0.813133463,1,0,0,0,0
LIE,Liechtenstein,2022,,,,490.87,21,0,,0,,0,0.813133463,0,Low (<10%),Europe & Central Asia,39493,531.7398019902262,6.278033128590399,0.16921905406548776,39.353301181713064,14.6923070071538,97.88069916,,,,#NUM!,0,0,0,0,"wue_total, trade_share",44.58,1128.8076367963943,7.029802664291573,,,0.813133463,1,0,0,0,0
LIE,Liechtenstein,2023,,,,504.84,16,0,,0,,0,0.813133463,0,Low (<10%),Europe & Central Asia,39846,401.54595191487226,5.997809256590278,0.1593948399297582,39.113872754288806,14.6783761234077,98.13230133,,,,#NUM!,0,0,0,0,"wue_total, trade_share",51.21,1285.1980123475382,7.15944586833146,6.00984,18129.75165,0.813133463,1,0,0,0,0
LKA,Sri Lanka,2016,6.05,0.29,31.36,60.85,124,0,,0,0,1,2.361447216,2,Medium - High (20-40%),South Asia,21209000,5.846574567400632,1.9237484640476648,7.26171847766503,30.48271772946999,18.9747679368162,22.19,46.47153702507611,4214.741172173815,2489.5091706351077,1.80005827204275,1,1,1,1,,1109.87,52.33014286387854,3.9765017034740744,0.12034,102.9348,2.361447216,1,1,1,1,1
LKA,Sri Lanka,2017,6.4,0.31,34.53,62.97,178,0,,0,9,1,2.361447216,2,Medium - High (20-40%),South Asia,21453000,8.297207849717987,2.229714123867677,7.430678779406007,31.12827864636291,19.1507693078088,25.07550049,47.14040980014943,4436.007891310289,2461.1942385680327,1.8562979903656263,1,1,1,1,,1270.75,59.23413974735468,4.098239297009042,0.11818,102.17296,2.361447216,1,1,1,1,1
LKA,Sri Lanka,2018,6.58,0.32,33.94,66.25,240,0,,0,2,1,2.361447216,2,Medium - High (20-40%),South Asia,21670000,11.075219197046609,2.491155352338396,7.592063951366603,30.056819525321593,19.3241083384127,28.33620071,49.80939675204366,4493.035746175341,2436.5482233502535,1.884034745337226,1,1,1,1,,1434.87,66.21458237194277,4.2078902235705815,0.11949,101.11335,2.361447216,1,1,1,1,1
LKA,Sri Lanka,2019,6.65,0.31,33.09,68.41,275,0,,0,1,1,2.361447216,2,Medium - High (20-40%),South Asia,21803000,12.61294317295785,2.611021044052942,7.256246699902399,29.191009870842123,19.4946326418437,32.02090073,49.42552388527675,4455.781887881433,2421.685089207907,1.8946168546677629,1,1,1,1,,1549.89,71.08608907031143,4.277861086290288,,,2.361447216,1,1,0,0,1
LKA,Sri Lanka,2020,6.45,0.34,30.23,67.75,409,0,,0,0,1,2.361447216,2,Medium - High (20-40%),South Asia,21919000,18.659610383685386,2.9785662968057287,8.25132326034921,28.235832875027622,19.6621898312161,36.18473435,37.08911885681916,4227.233145301671,2408.86901774716,1.864080130807681,1,1,1,1,,1789.35,81.63465486564168,4.414429142971756,0.11616,100.80931,2.361447216,1,1,1,1,1
LKA,Sri Lanka,2021,6.73,0.37,33.61,68.31,552,0,,0,0,1,2.361447216,2,Medium - High (20-40%),South Asia,22156000,24.9142444484564,3.2547927962275134,8.789940164414114,29.95400976655188,19.8266275195269,44.45308724,41.228846329497784,4357.97224978578,2383.1016428958296,1.9065751436566365,1,1,1,1,,2410.12,108.77956309803213,4.698474383318161,,,2.361447216,1,1,0,0,1
LKA,Sri Lanka,2022,6.3,0.33,31.79,63.73,556,0,,0,0,1,2.361447216,2,Medium - High (20-40%),South Asia,22181000,25.0664983544475,3.260650901871804,8.447952869763403,29.805831577947757,19.9877933196367,48.3,46.68260801793592,4033.1456030674426,2380.4156710698344,1.840549633397487,1,1,1,1,,2498.12,112.62431811009422,4.7328975512483415,0.10506,94.4866,2.361447216,1,1,1,1,1
LKA,Sri Lanka,2023,6.05,0.32,25.8,66.28,591,0,,0,5,1,2.361447216,2,Medium - High (20-40%),South Asia,22037000,26.818532468121795,3.325702434137769,8.043121802567583,25.67103075048146,20.1455348442463,51.2,43.347668119513415,3977.1356499508515,,1.80005827204275,1,1,1,0,,2321.86,105.36189136452332,4.666847348884285,,,2.361447216,1,1,0,0,1
LSO,Lesotho,2016,46.85,0.02,31.32,71.29,0,1,,0,,0,2.94993564,2,Medium - High (20-40%),Sub-Saharan Africa,2130422,0,0,4.924117633581517,30.586647574286456,35.5077950709441,32.4538569477365,136.3152477417604,1147.5874880167062,2454.9126886598056,3.846951008684431,1,1,1,1,,21.42,10.054346040361958,2.4028236574589954,,,2.94993564,1,1,0,0,1
LSO,Lesotho,2017,44.91,0.02,27.6,70.75,1,0,,0,,0,2.94993564,2,Medium - High (20-40%),Sub-Saharan Africa,2157110,0.46358322014176373,0.38088768931293815,4.9636238571377955,28.57306172558084,36.5283648068846,39,146.36677132949362,1097.821668127518,2424.5402413414245,3.8046604870996465,1,1,1,1,,23.87,11.065731464783902,2.490369324241648,,,2.94993564,1,1,0,0,1
LSO,Lesotho,2018,44.52,0.02,30.76,66.74,0,1,,0,,0,2.94993564,2,Medium - High (20-40%),Sub-Saharan Africa,2183603,0,0,4.249775434305065,31.13904257972498,37.569092747415,40.79999924,144.434955465602,1068.444629133729,2395.124022086433,3.795938526407344,1,1,1,1,,20.66,9.461426825297455,2.3476948571063057,,,2.94993564,1,1,0,0,1
LSO,Lesotho,2019,43.66,0.02,29.45,66.17,1,0,,0,,0,2.94993564,2,Medium - High (20-40%),Sub-Saharan Africa,2209405,0.4526105444678545,0.37336231319418756,4.463802088221722,30.54365390268944,38.6040920446259,42.301733569273,140.5166334916798,1040.9935101411727,2367.153147566879,3.7764323511217976,1,1,1,1,,39.21,17.746859448584576,2.9310262423118965,,,2.94993564,1,1,0,0,1
LSO,Lesotho,2020,40,0.02,27.47,60.14,0,1,,0,,0,2.94993564,2,Medium - High (20-40%),Sub-Saharan Africa,2235727,0,0,5.307712044085169,31.079207514729788,39.6329305425532,43.65750122,141.0966050629983,944.8341283754287,2339.2838213252335,3.6888794541139363,1,1,1,1,,34.73,15.53409696264347,2.805424731252835,,,2.94993564,1,1,0,0,1
LSO,Lesotho,2021,40.38,0.02,29.56,58.88,2,0,,0,,0,2.94993564,2,Medium - High (20-40%),Sub-Saharan Africa,2261542,0.8843523578160387,0.633584185108541,5.9562526280858545,32.071457992757615,40.6551760851997,45.05670166,139.1864794654067,955.221236301503,2312.5814156889414,3.6983346128846915,1,1,1,1,,42.41,18.7526917474891,2.983289773072461,,,2.94993564,1,1,0,0,1
LSO,Lesotho,2022,40.68,0.02,28.89,60.2,1,0,,0,,0,2.94993564,2,Medium - High (20-40%),Sub-Saharan Africa,2286110,0.43742427092309644,0.3628528112046943,5.950853937303417,30.488741463072593,41.6703965165322,48.06959915,142.37398107422882,967.5192859832496,2287.7289369277946,3.7057365711803594,1,1,1,1,,47.35,20.712039228208617,3.0778669098433045,,,2.94993564,1,1,0,0,1
LSO,Lesotho,2023,40.78,0.02,27.43,61.88,2,0,,0,,0,2.94993564,2,Medium - High (20-40%),Sub-Saharan Africa,2311472,0.8652495033467851,0.6233948261031519,6.661448898536834,28.522771885000957,42.6781596804785,48.98590088,140.7224878775281,973.116561960912,,3.708191765146309,1,1,1,0,,60.18,26.035357555704763,3.2971455484060166,0.09453,32.23847,2.94993564,1,1,1,1,1
LTU,Lithuania,2016,119.82,0.04,84.63,204.81,92,0,3,1,0,1,2.139633569,2,Medium - High (20-40%),Europe & Central Asia,2877325,31.97414264985707,3.495723698261038,3.120618960566807,25.997460220702894,67.1894226074219,74.3766455618662,134.69044965087696,14823.107153522033,5373.0461452911995,4.785990616655779,1,1,1,1,,2207.1,767.0666330706472,6.643876491194822,0.84391,2950.39665,2.139633569,1,1,1,1,1
LTU,Lithuania,2017,148.03,0.05,147.02,215.41,106,0,4,1,1,1,2.139633569,2,Medium - High (20-40%),Europe & Central Asia,2842639,37.28929350508454,3.645170314159003,3.5493363371263245,25.720457681502047,67.1012954711914,77.6152565124514,144.91839310132474,15695.999328845573,5438.608279137801,4.997414955925401,1,1,1,1,,2264.63,796.6646485888641,6.681688269260713,0.8963,3068.33424,2.139633569,1,1,1,1,1
LTU,Lithuania,2018,159.66,0.04,178.83,217.84,113,0,11,1,5,1,2.139633569,2,Medium - High (20-40%),Europe & Central Asia,2819200,40.08229284903519,3.715577197744164,2.8868572664767465,25.578878720136643,67.1464742010457,79.7225827680518,147.20213252522097,16604.902144080865,5483.825198637912,5.073046554217653,1,1,1,1,,2191.66,777.4049375709421,6.657246874082589,0.92781,3180.95498,2.139633569,1,1,1,1,1
LTU,Lithuania,2019,131.55,0.04,87.72,229.7,142,0,3,1,8,1,2.139633569,2,Medium - High (20-40%),Europe & Central Asia,2811089,50.514231317471626,3.941858105757443,3.1240474440371564,25.2564149405008,67.245735168457,81.5818683764046,148.37499601181847,17431.723908159103,5499.648001183883,4.879387007486302,1,1,1,1,,2454.63,873.1954057662351,6.773303927057632,0.98701,3445.30515,2.139633569,1,1,1,1,1
LTU,Lithuania,2020,104.86,0.05,56.02,231.66,180,0,5,1,7,1,2.139633569,2,Medium - High (20-40%),Europe & Central Asia,2810369,64.04852885866589,4.1751335891557515,3.5324199391432622,24.787690073852563,67.4254608154297,83.05554724,135.7965655635187,17443.655263279987,5501.056978638749,4.652626127144386,1,1,1,1,,2594.05,923.028257143457,6.828742652498173,1.12379,3643.24539,2.139633569,1,1,1,1,1
LTU,Lithuania,2021,126.02,0.05,78.15,238.61,245,0,1,1,9,1,2.139633569,2,Medium - High (20-40%),Europe & Central Asia,2808380,87.23890641579844,4.480047981575141,3.394057072615988,24.845840059984706,68.1912117004395,86.93054425,154.72630391409862,18572.289505109296,5504.953033421403,4.8364406245139095,1,1,1,1,,2694.9,959.5923628568784,6.867550138810694,1.10044,3946.51068,2.139633569,1,1,1,1,1
LTU,Lithuania,2022,154.31,0.06,138.7,249.65,245,0,,1,4,1,2.139633569,2,Medium - High (20-40%),Europe & Central Asia,2831639,86.52232858778962,4.471893944670158,3.9494209436708165,25.47252748071831,68.2866452426813,87.72420219,176.63181707223902,18873.84275272736,5459.735510070316,5.038963566083114,1,1,1,1,,2698.05,952.8227291685134,6.860477835700252,1.05289,4153.6584,2.139633569,1,1,1,1,1
LTU,Lithuania,2023,165.3,0.04,130.59,258.59,275,0,,1,10,1,2.139633569,2,Medium - High (20-40%),Europe & Central Asia,2871585,95.76592717958897,4.57229494037243,2.497200673197476,24.49865188942365,68.575454583199,88.50287484,147.99075177642794,18748.93026471908,,5.107762004826979,1,1,1,0,,2673.09,930.8761537617727,6.837199923626108,1.04977,3703.86273,2.139633569,1,1,1,1,1
LUX,Luxembourg,2016,1295.43,,5250.96,1195.54,128,0,4,1,0,1,2.931524656,2,Medium - High (20-40%),Europe & Central Asia,582014,219.92598116196518,5.397827718548286,0.21419700815904225,12.095936120771844,91.5357090052649,98.1366986657616,348.43740937688875,108351.45219444885,1718.171727827853,7.166597965350501,1,1,1,1,,875.81,1504.791980948912,7.317074271959493,1.2669,4802.1785,2.931524656,1,1,1,1,1
LUX,Luxembourg,2017,1273.64,,3857.55,1190.5,139,0,3,1,2,1,2.931524656,2,Medium - High (20-40%),Europe & Central Asia,596336,233.09007002763542,5.455705955945077,0.23457255011553962,10.818328263489228,92.0963768119916,97.3629603241751,353.7939919803034,107142.05542834976,1676.9069786160821,7.149634221632104,1,1,1,1,,833.15,1397.1150492339889,7.242880214997065,1.23898,4969.23004,2.931524656,1,1,1,1,1
LUX,Luxembourg,2018,1122.9,,3349.37,1049.22,169,0,9,1,8,1,2.931524656,2,Medium - High (20-40%),Europe & Central Asia,607950,277.98338679167693,5.631152234498914,0.2337383940485266,10.972078433298368,92.6709441899184,97.061298705829,361.8654451986675,106788.66120275638,1644.8721111933546,7.023669903578493,1,1,1,1,,891.22,1465.9429229377417,7.290935870049836,1.17039,4754.92191,2.931524656,1,1,1,1,1
LUX,Luxembourg,2019,1224.74,,1578.45,1206.19,160,0,10,1,2,1,2.931524656,2,Medium - High (20-40%),Europe & Central Asia,620001,258.0640998966131,5.557075521027266,0.21482806304827542,11.600463862630523,93.2589839734767,97.120635693272,382.66078058442014,107591.89950524757,1612.9006243538317,7.110483855553732,1,1,1,1,,930.55,1500.8846759924581,7.314476049078358,1.18209,5090.81552,2.931524656,1,1,1,1,1
LUX,Luxembourg,2020,1189.98,,1483.59,1123.44,220,0,14,1,14,1,2.931524656,2,Medium - High (20-40%),Europe & Central Asia,630419,348.97425363131504,5.857859590724327,0.20041631187567,11.342759831856005,93.8600689970981,98.45962893,375.5813948260259,105274.18226074362,1586.2466074150684,7.081691779241652,1,1,1,1,,962.87,1527.3492708817469,7.331943524025934,1.09627,4920.65038,2.931524656,1,1,1,1,1
LUX,Luxembourg,2021,1394.86,,1181.28,1390.63,236,0,37,1,394,1,2.931524656,2,Medium - High (20-40%),Europe & Central Asia,640064,368.71312868713125,5.912727377043548,0.19486168709892163,10.59200994793242,94.5861743396533,98.66086333,397.5061808679712,110873.11526902093,1562.3437656234378,7.240549330796283,1,1,1,1,,1048.94,1638.8048695130487,7.402332531735086,1.03153,4939.08633,2.931524656,1,1,1,1,1
LUX,Luxembourg,2022,1362.56,,3563.39,1344.54,236,0,,1,7,1,2.931524656,2,Medium - High (20-40%),Europe & Central Asia,653103,361.35188477162103,5.8926157970641055,0.2421674782987545,9.113814792015164,94.7605400940185,98.24203749,412.1771699241749,107467.12396530661,1531.1520541170382,7.21712056226506,1,1,1,1,,1158.62,1774.0233929410826,7.481568880944409,1.0653,5311.53147,2.931524656,1,1,1,1,1
LUX,Luxembourg,2023,1378.18,,3427,1307.56,327,0,,1,5,1,2.931524656,2,Medium - High (20-40%),Europe & Central Asia,666430,490.6741893372147,6.197816280335639,0.18725095283507479,9.28618931365795,94.8015300320787,99.34785707,402.5669681973445,105422.76466019187,,7.228519067135908,1,1,1,0,,1175.75,1764.2513092147713,7.476048344055873,1.07045,5359.06637,2.931524656,1,1,1,1,1
LVA,Latvia,2016,121.44,0.01,123.31,209.15,42,0,0,1,0,1,0.571722006,0,Low (<10%),Europe & Central Asia,1959537,21.433634577964078,3.110561376330632,3.3253253895576056,19.16543657498718,67.9307110858472,79.8420977843089,123.33051842965929,13787.33674400234,8644.899279778847,4.79942031364732,1,1,1,1,,1328.07,677.7468350942084,6.520248208392646,0.45065,1600.57848,0.571722006,1,1,1,1,1
LVA,Latvia,2017,132.13,0.01,130.54,217.47,71,0,1,1,4,1,0.571722006,0,Low (<10%),Europe & Central Asia,1942248,36.55557889620687,3.625821939643239,3.62476211824764,19.776729391499323,67.9706866054779,80.1140770037369,128.71400332888396,14382.86127271338,8721.85220424992,4.883786286426125,1,1,1,1,,1540.52,793.1633859321776,6.6772892158114345,0.53004,1785.24003,0.571722006,1,1,1,1,1
LVA,Latvia,2018,131.29,0.02,126.55,209.78,64,0,0,1,10,1,0.571722006,0,Low (<10%),Europe & Central Asia,1927174,33.209248360552806,3.5324960274108936,3.6610477801951262,19.34535680058741,68.0160346376376,83.5771748630956,128.23409555982195,15120.069817180374,8790.072925433824,4.877408616946019,1,1,1,1,,1448.65,751.6965255861693,6.6236621260954225,0.66138,1786.2773,0.571722006,1,1,1,1,1
LVA,Latvia,2019,135.82,0.02,139.33,215.42,87,0,0,1,2,1,0.571722006,0,Low (<10%),Europe & Central Asia,1913822,45.45877307293991,3.8385653187486155,3.8534344419983615,19.598852788620665,68.066323694246,86.13545644343,125.29163170793008,15328.385993329515,8851.397883397725,4.911330479685645,1,1,1,1,,1561.47,815.8909240253274,6.705505578022091,0.6602,1891.24705,0.571722006,1,1,1,1,1
LVA,Latvia,2020,129.28,0.02,164.27,193.07,128,0,1,1,4,1,0.571722006,0,Low (<10%),Europe & Central Asia,1900449,67.3525045923358,4.224678206131894,4.079181942175598,20.334183765997796,68.1211222872228,88.89796078,123.88319804655983,14900.729571886579,8913.683029641943,4.861980594772786,1,1,1,1,,1506,792.444311844201,6.676383357093119,0.75663,2134.06006,0.571722006,1,1,1,1,1
LVA,Latvia,2021,135.82,0.03,135.34,215.14,109,0,0,1,1,1,0.571722006,0,Low (<10%),Europe & Central Asia,1884490,57.84058286326805,4.074831801586078,4.206722515353609,21.091830668274618,68.1808791463693,91.17964988,136.7966154148187,16070.168003232235,8989.16948352074,4.911330479685645,1,1,1,1,,1786.29,947.8904106681383,6.855293313193734,0.77085,2395.27344,0.571722006,1,1,1,1,1
LVA,Latvia,2022,147.19,0.04,152.27,229.7,115,0,,1,1,1,0.571722006,0,Low (<10%),Europe & Central Asia,1879383,61.19029489997516,4.130198957024079,5.114110384568705,20.581400181884987,68.2570218109034,91.03009059,159.89277819064893,16421.37485959996,9013.596483526775,4.991724269204496,1,1,1,1,,1655.62,880.9380525417118,6.782121818326704,0.8122,2270.07923,0.571722006,1,1,1,1,1
LVA,Latvia,2023,148.45,0.03,160.66,236.68,126,0,,1,1,1,0.571722006,0,Low (<10%),Europe & Central Asia,1883710,66.88927701185426,4.217878098851257,3.93344279418518,20.134866297506527,68.3586316343061,92.18791291,135.64298915426642,16229.384452024513,,5.000248201209769,1,1,1,0,,1736.07,921.6227550949986,6.827220434915597,0.8236,2190.86637,0.571722006,1,1,1,1,1
MAR,Morocco,2016,8.74,0.37,117.93,59.05,485,0,3,1,0,1,3.988406127,3,High (40-80%),Middle East & North Africa,35023457,13.847862020017041,2.697855883167762,10.32196511031767,25.68510457857398,60.9657656537179,58.271236420398,71.12266038168643,3124.42504882813,828.0164919185447,2.167910189667444,1,1,1,1,,3521.33,100.54204529267342,4.620472952045098,,1083.42555,3.988406127,1,1,0,1,1
MAR,Morocco,2017,9.14,0.42,122.55,61.67,602,0,5,1,0,1,3.988406127,3,High (40-80%),Middle East & North Africa,35446392,16.98339283727382,2.8894487118687704,11.160288799237527,25.405454806575012,61.2761057031842,61.7622120123071,74.17335787865731,3242.64428710938,818.1368642540544,2.2126603854660587,1,1,1,1,,3935.19,111.01806920151421,4.718660190438839,,,3.988406127,1,1,0,0,1
MAR,Morocco,2018,9.4,0.44,125.52,63.5,671,0,7,1,0,1,3.988406127,3,High (40-80%),Middle East & North Africa,35839760,18.722223586318655,2.9817461007447017,11.305540240136475,25.24135380681823,61.5695822753314,64.8038651924043,77.25488752439892,3304.7119140625,809.1572041777066,2.2407096892759584,1,1,1,1,,4565.17,127.37724806192898,4.854973179775465,,,3.988406127,1,1,0,0,1
MAR,Morocco,2019,9.71,0.43,127.07,66.24,722,0,7,1,0,1,3.988406127,3,High (40-80%),Middle East & North Africa,36210898,19.938748826389226,3.0416014532460522,10.842401737003925,25.249952413061084,61.8430450233765,84.1203630467602,75.99811587984217,3364.73950195313,800.8638725280991,2.2731562823032334,1,1,1,1,,5258.82,145.22755000442132,4.98516397008571,,,3.988406127,1,1,0,0,1
MAR,Morocco,2020,9.06,0.39,120.17,61.59,920,0,2,1,1,1,3.988406127,3,High (40-80%),Middle East & North Africa,36584208,25.14746253356093,3.263752150757256,10.663640142059235,26.043643387243304,62.0933436005366,84.12036305,68.84380339043642,3090.89428710938,792.6917537752901,2.203869120054888,1,1,1,1,,6175.71,168.80808243819303,5.134668872498201,,,3.988406127,1,1,0,0,1
MAR,Morocco,2021,9.67,0.48,131.17,64.63,1025,0,2,1,0,1,3.988406127,3,High (40-80%),Middle East & North Africa,36954442,27.73685501732106,3.35818044589906,11.977943900927727,25.953909051100492,62.3173276600289,88.13031937,75.52341717565055,3309.130859375,784.7500443924981,2.269028309465203,1,1,1,1,,6993.78,189.25410915418504,5.248360595216484,,,3.988406127,1,1,0,0,1
MAR,Morocco,2022,10.08,0.4,142.32,67.11,1046,0,,1,1,1,3.988406127,3,High (40-80%),Middle East & North Africa,37329064,28.021061551395984,3.36802182677998,9.796188937856336,26.0855513037114,62.5118468550703,89.9,100.9063102016514,3334.91162109375,776.8745554402328,2.3105532626432224,1,1,1,1,,7952.97,213.0503459717072,5.366211248902227,,,3.988406127,1,1,0,0,1
MAR,Morocco,2023,10.26,0.46,135.92,69.54,1320,0,,1,0,1,3.988406127,3,High (40-80%),Middle East & North Africa,37712505,35.00165263484884,3.5835648439260166,11.131174384006087,25.32297401678512,62.673750838878,91,93.11788441797775,3421.21704101563,,2.3282528397426234,1,1,1,0,,9724.77,257.8659253740901,5.55631026501767,,,3.988406127,1,1,0,0,1
MDA,"Moldova, Republic of",2016,7.49,4.46,2.23,31.5,6,0,0,1,0,1,1.262222811,1,Low - Medium (10-20%),Europe & Central Asia,2803186,2.140421648795335,1.1443570739608386,12.479743850948696,21.194464608514448,39.7373237609863,70.9999991066624,89.00468371886707,2910.954868723758,577.9138451747405,2.0135687975291283,1,1,1,1,,284.6,101.52733354119206,4.630129431723243,0.28005,912.00965,1.262222811,1,1,1,1,1
MDA,"Moldova, Republic of",2017,7.73,4.66,2.58,32.4,8,0,0,1,0,1,1.262222811,1,Low - Medium (10-20%),Europe & Central Asia,2755189,2.9036120571038864,1.3619022929943774,12.199591077285412,21.018876769509134,39.9736557006836,71.76709747,88.62339027543784,3085.333058442626,587.9814415635371,2.0451088625993306,1,1,1,1,,227.6,82.60776302460556,4.426136374925512,0.25789,923.49386,1.262222811,1,1,1,1,1
MDA,"Moldova, Republic of",2018,8.24,3.95,2.89,33.22,6,0,0,1,0,1,1.262222811,1,Low - Medium (10-20%),Europe & Central Asia,2707203,2.2163096007207437,1.1682346155639969,10.146878457136516,22.14797636000058,40.3258094787598,72.54239655,87.44678742756476,3267.9961042871973,598.403592194601,2.1090003439213802,1,1,1,1,,202.67,74.8632444630122,4.328932304434136,0.25626,903.41782,1.262222811,1,1,1,1,1
MDA,"Moldova, Republic of",2019,8.56,3.99,3,34.24,5,0,0,1,0,1,1.262222811,1,Low - Medium (10-20%),Europe & Central Asia,2664224,1.8767190746723998,1.0566504345714955,10.16081262864411,21.923348925291567,40.772289276123,73.32610321,87.63223711489063,3438.677326707123,608.0569801938576,2.1471001901536506,1,1,1,1,,267.27,100.31814141753846,4.618265481277292,0.24145,823.53362,1.262222811,1,1,1,1,1
MDA,"Moldova, Republic of",2020,8.28,2.46,2.96,29.79,16,0,0,1,0,1,1.262222811,1,Low - Medium (10-20%),Europe & Central Asia,2635130,6.071806704033577,1.956115992387363,9.366692013801776,23.13452300284191,41.3368530273438,74.11830139,79.26572211915801,3188.916916026994,614.7704287833997,2.1138429683971682,1,1,1,1,,322.17,122.2596228649061,4.814292885858039,0.23511,774.67919,1.262222811,1,1,1,1,1
MDA,"Moldova, Republic of",2021,9.25,3.16,2.96,34.26,13,0,1,1,0,1,1.262222811,1,Low - Medium (10-20%),Europe & Central Asia,2595809,5.008072627839722,1.7931040029106924,10.5865870134286,20.631260680181725,41.8115425109863,74.91899872,88.47088653992667,3688.1672944214374,624.0828967000268,2.224623551524334,1,1,1,1,,334.96,129.03876980163022,4.867832635237391,0.23154,781.24167,1.262222811,1,1,1,1,1
MDA,"Moldova, Republic of",2022,9.08,2.31,2.68,34.73,26,0,,1,0,1,1.262222811,1,Low - Medium (10-20%),Europe & Central Asia,2528654,10.282150108318497,2.4232218403452532,8.114280000584213,19.09082181107453,42.4048843383789,74.91899872,112.11767157976556,3610.1431534471853,640.6570452106141,2.206074192613202,1,1,1,1,,328.4,129.87146521429977,4.874215659957185,0.22959,768.02221,1.262222811,1,1,1,1,1
MDA,"Moldova, Republic of",2023,9.06,2.69,2.93,33.6,16,0,,1,0,1,1.262222811,1,Low - Medium (10-20%),Europe & Central Asia,2457783,6.509931918318257,2.0162264002646797,7.084548484906006,17.687867818776965,43.0011825561523,76.50330353,93.99462114880515,3758.3688194081988,,2.203869120054888,1,1,1,0,,335.06,136.3261117844822,4.9223584752052485,0.22111,717.41595,1.262222811,1,1,1,1,1
MDG,Madagascar,2016,0.32,0.05,15.96,29.82,1,0,,0,0,1,0.898642942,0,Low (<10%),Sub-Saharan Africa,26099952,0.038314246708193174,0.03759848141987757,25.13345435997234,19.409944466885833,29.4239466316878,4.713699818,60.834698483142326,451.1565943314605,12911.901140661103,-1.1394342831883648,1,1,1,1,,99.53,3.8134169748664672,1.5714072216954114,0.01264,23.87432,0.898642942,1,1,1,1,1
MDG,Madagascar,2017,0.32,0.05,17.53,34.17,2,0,,0,0,1,0.898642942,0,Low (<10%),Sub-Saharan Africa,26788375,0.0746592505144489,0.07200363506640231,24.55013776930981,20.11235766459216,29.671033028335,6.406000137,65.34340150729147,456.8518595740305,12580.08371168464,-1.1394342831883648,1,1,1,1,,130.17,4.859197319732907,1.768012618052037,0.01275,29.61421,0.898642942,1,1,1,1,1
MDG,Madagascar,2018,0.31,0.04,19.82,37.45,3,0,,0,0,1,0.898642942,0,Low (<10%),Sub-Saharan Africa,27494926,0.10911104106990505,0.10355883056043926,23.973383300586143,21.481957471421577,29.9181125346909,7.747799873,67.84150466835821,459.3303677995432,12256.806946852666,-1.171182981502945,1,1,1,1,,120.05,4.366260160147367,1.6801312338970011,,32.94427,0.898642942,1,1,0,1,1
MDG,Madagascar,2019,0.32,0.04,22.04,45.07,11,0,,0,6,1,0.898642942,0,Low (<10%),Sub-Saharan Africa,28219554,0.38980063256846653,0.32916030704870347,22.956252010065686,22.445497353093955,30.3046972370204,9.379400253,62.601323045712796,467.2774134964799,11942.073925052111,-1.1394342831883648,1,1,1,1,,118.29,4.191774256956719,1.6470754994420496,,,0.898642942,1,1,0,0,1
MDG,Madagascar,2020,0.28,0.04,17.94,48.61,10,0,,0,0,1,0.898642942,0,Low (<10%),Sub-Saharan Africa,28953556,0.34538071938382975,0.2966770357380108,24.69294439793286,19.466187105719275,30.7019474167548,11.35470009,49.01070736502913,422.9242554223186,11639.330243235063,-1.2729656758128873,1,1,1,1,,177.29,6.123254773955917,1.9633647521448445,,,0.898642942,1,1,0,0,1
MDG,Madagascar,2021,0.28,0.04,22.57,58.06,15,0,,0,0,1,0.898642942,0,Low (<10%),Sub-Saharan Africa,29691083,0.5052021847771602,0.4089272312223794,22.522091361615665,22.25009462222657,31.1137123216036,13.74590015,55.21585859274848,431.5991030777461,11350.209084660199,-1.2729656758128873,1,1,1,1,,176.01,5.928042436175198,1.9355772965553464,,,0.898642942,1,1,0,0,1
MDG,Madagascar,2022,0.27,0.02,24.5,55.99,6,0,,0,0,1,0.898642942,0,Low (<10%),Sub-Saharan Africa,30437261,0.19712680454394368,0.17992435625660447,21.608800850098017,22.501158529604346,31.5397813465886,17.81170082,70.47085467900908,438.43811210231496,11071.955521884838,-1.3093333199837622,1,1,1,1,,161.19,5.295811604073047,1.8398845875532048,,,0.898642942,1,1,0,0,1
MDG,Madagascar,2023,0.38,0.04,15.73,56.53,14,0,,0,0,1,0.898642942,0,Low (<10%),Sub-Saharan Africa,31195932,0.44877646226437473,0.3707193810887034,22.223237180859492,23.12358995000241,31.9799438860946,18.24080086,62.76221475943123,445.8741020522671,,-0.9675840262617056,1,1,1,0,,153.44,4.918590026417547,1.7780982493153945,,,0.898642942,1,1,0,0,1
MEX,Mexico,2016,13.13,0.26,45.44,60.3,945,0,46,1,17,1,3.995019932,3,High (40-80%),Latin America & Caribbean,122251351,7.729975924765036,2.166762612088835,3.246289078379699,30.616791388510773,77.4405087351486,59.5404459967255,75.69030340885506,10100.50211958192,3345.566299713121,2.574899688314705,1,1,1,1,,14497.26,118.58568335985098,4.784033130002322,0.37601,319.5511,3.995019932,1,1,1,1,1
MEX,Mexico,2017,13.28,0.27,55.55,54.13,907,0,68,1,23,1,3.995019932,3,High (40-80%),Latin America & Caribbean,123400057,7.350077642184558,2.1222708372847503,3.297511775899075,31.95868466572398,77.7206924598541,53.0317886110982,76.95212604413997,10193.772718831327,3314.423104358858,2.5862591440482876,1,1,1,1,,15397.11,124.77392939940052,4.834486084310946,0.31955,330.64996,3.995019932,1,1,1,1,1
MEX,Mexico,2018,13.39,0.27,45.64,59.89,1174,0,93,1,8,1,3.995019932,3,High (40-80%),Latin America & Caribbean,124573711,9.424139255191651,2.3441241988269086,3.296959451419209,32.043865451756034,78.0271223924494,56.6595667981289,80.21266165026198,10296.869094045864,3283.196725190277,2.5945081597030812,1,1,1,1,,16402.64,131.67015631411994,4.887866020145663,0.29816,342.55971,3.995019932,1,1,1,1,1
MEX,Mexico,2019,13.21,0.26,44.53,59.44,1330,0,111,1,140,1,3.995019932,3,High (40-80%),Latin America & Caribbean,125762982,10.575448982276836,2.4488863881856267,3.315024402579682,31.838296146965256,78.355984332992,69.6321092705209,77.4619722509459,10159.444836769642,3252.1493486851323,2.580974118534234,1,1,1,1,,18006.46,143.177743670232,4.971046869459001,0.27629,355.30353,3.995019932,1,1,1,1,1
MEX,Mexico,2020,11.98,0.24,39.82,54.34,1361,0,139,1,59,1,3.995019932,3,High (40-80%),Latin America & Caribbean,126799054,10.733518563947646,2.4624495805114166,3.711148881786027,30.999980386318597,78.677960602824,71.49017499,76.85455571517377,9234.643622265941,3225.576115102562,2.4832385926873033,1,1,1,1,,19332.61,152.46651603567958,5.033482406656631,0.29185,369.04189,3.995019932,1,1,1,1,1
MEX,Mexico,2021,12.65,0.25,43.99,55.96,1460,0,145,1,224,1,3.995019932,3,High (40-80%),Latin America & Caribbean,127648148,11.437690423835996,2.5207314128266827,3.782665286221085,31.969528991138553,78.9324007418057,75.62650476,83.06929762645237,9728.056800245044,3204.120125581454,2.5376572151735295,1,1,1,1,,20345.96,159.39095332585632,5.077614293130215,0.27305,384.76538,3.995019932,1,1,1,1,1
MEX,Mexico,2022,13.3,0.28,50.42,58.12,1241,0,,1,351,1,3.995019932,3,High (40-80%),Latin America & Caribbean,128613117,9.649093567960103,2.3654747775436267,3.898065712380059,33.16383051468911,79.199683215791,78.63217894,88.79848558972607,10013.247922706361,3180.0799913744413,2.5877640352277083,1,1,1,1,,19740.68,153.4888544844147,5.040121954476187,0.25727,401.92849,3.995019932,1,1,1,1,1
MEX,Mexico,2023,13.57,0.28,50.73,59.7,1356,0,,1,229,1,3.995019932,3,High (40-80%),Latin America & Caribbean,129739759,10.451691990579388,2.4381374911860303,3.845697585982846,32.47071656260525,79.4734935748046,81.18318755,73.73907582556643,10234.684026565119,,2.6078614738467776,1,1,1,0,,18981.87,146.30727038732974,4.992520679937769,0.26746,419.44361,3.995019932,1,1,1,1,1
MKD,North Macedonia,2016,7.93,1.83,93.82,22.29,48,0,,0,0,1,3.009558697,3,High (40-80%),Europe & Central Asia,1906313,25.179495707158267,3.2649764977736266,9.172908312948158,23.96304609151052,59.3823070989891,72.1568144676058,116.18540841802638,5429.946783583586,2832.6932670553056,2.0706530356467567,1,1,1,1,,423.01,221.89955164760457,5.406721228938946,0.43585,901.84402,3.009558697,1,1,1,1,1
MKD,North Macedonia,2017,19.31,1.59,98.65,21.93,71,0,,0,0,1,3.009558697,3,High (40-80%),Europe & Central Asia,1898657,37.394853309470854,3.647923422211876,7.873245042112519,24.258945876597217,59.7437719356273,74.5168241807954,124.13728389628965,5510.81862920922,2844.11560381891,2.960623096440423,1,1,1,1,,445.31,234.5394665808516,5.461878485746032,0.35439,778.17311,3.009558697,1,1,1,1,1
MKD,North Macedonia,2018,3.9,1.76,100.79,20.54,69,0,,0,0,1,3.009558697,3,High (40-80%),Europe & Central Asia,1889051,36.5262769507017,3.625041406273031,8.470398469914265,24.050429882671235,60.1580316016216,79.1677551850871,133.21520764800766,5698.393344844888,2858.5781961418725,1.3609765531356006,1,1,1,1,,423.83,224.36133275385365,5.4177050374388696,0.36367,862.45303,3.009558697,1,1,1,1,1
MKD,North Macedonia,2019,5.66,1.75,91.56,21.42,68,0,,0,0,1,3.009558697,3,High (40-80%),Europe & Central Asia,1876262,36.242273200651084,3.6174444924538087,8.132291394476262,23.703483411603866,60.6286848102132,81.4128827618364,138.5762318405389,5961.5847539919105,2878.0628718164094,1.7334238922150915,1,1,1,1,,444.21,236.75264968325317,5.4712308461930625,0.36783,858.75424,3.009558697,1,1,1,1,1
MKD,North Macedonia,2020,6.04,1.76,133.19,20.8,91,0,,0,0,1,3.009558697,3,High (40-80%),Europe & Central Asia,1856124,49.02689690990473,3.9125607989893565,8.569059287592637,22.743395888118574,61.1593302746435,81.40553811,128.24124432225676,5743.726494245812,2909.288388060281,1.7984040119467235,1,1,1,1,,420.13,226.34802416217883,5.42648198950169,0.37264,868.87807,3.009558697,1,1,1,1,1
MKD,North Macedonia,2021,5.77,1.53,167.31,21.63,84,0,,0,0,1,3.009558697,3,High (40-80%),Europe & Central Asia,1837114,45.72389084183126,3.8442556150573344,7.147488844258305,22.580592093989267,61.6841975628139,81.873703,146.7214114840735,6064.923151200224,2939.3929826891526,1.7526720805200082,1,1,1,1,,425.21,231.4554241054175,5.448698482368188,0.37252,843.87245,3.009558697,1,1,1,1,1
MKD,North Macedonia,2022,4.2,1.61,69.28,22.01,104,0,,0,1,1,3.009558697,3,High (40-80%),Europe & Central Asia,1831712,56.77748467007914,4.056599161208525,7.2798878546816255,23.02446806946344,61.9530566607267,83.85030365,166.14735737987755,6250.627209520625,2948.06170402334,1.4350845252893227,1,1,1,1,,534.99,292.07102426582344,5.680414983279675,0.37372,730.898,3.009558697,1,1,1,1,1
MKD,North Macedonia,2023,3.28,1.47,58.79,21.78,116,0,,0,0,1,3.009558697,3,High (40-80%),Europe & Central Asia,1827816,63.46371844868411,4.166102560865057,6.230886697739696,24.01243231293828,62.2518322545779,88.5,147.79425348308993,6423.992213933695,,1.1878434223960523,1,1,1,0,,498.97,272.98699650293025,5.6130806472434,0.3699,922.47062,3.009558697,1,1,1,1,1
MLI,Mali,2016,1.56,0.04,644.26,49.42,3,0,,0,,0,0.677467506,0,Low (<10%),Sub-Saharan Africa,19191289,0.15632092247685916,0.14524334632174238,30.998719270246074,21.890823936141693,26.4468586077195,14,53.61261936042525,860.7530755456903,3126.4184495371833,0.44468582126144574,1,1,1,1,,73.06,3.80693553205311,1.5700597775577168,,,0.677467506,1,1,0,0,1
MLI,Mali,2017,1.67,0.04,724.89,51.66,5,0,,0,,0,0.677467506,0,Low (<10%),Sub-Saharan Africa,19813011,0.25235942179611165,0.22502930959078055,31.400776643576062,22.174338629166332,27.0646702892896,18.89999962,49.49199849419719,878.5613483780993,3028.31306155334,0.5128236264286637,1,1,1,1,,97.69,4.93059838305243,1.7801251156847964,0.24505,31.19803,0.677467506,1,1,1,1,1
MLI,Mali,2018,1.79,0.05,829.23,53.7,3,0,,0,,0,0.677467506,0,Low (<10%),Sub-Saharan Africa,20442030,0.1467564620539154,0.13693748958187496,32.497541398465636,23.20803172042355,27.6999185916288,21.39999962,50.69984625232756,892.9783227873056,2935.129241078308,0.5822156198526637,1,1,1,1,,81.8,4.0015595320034265,1.6097497702020966,,,0.677467506,1,1,0,0,1
MLI,Mali,2019,1.91,0.05,911.03,56.37,2,0,,0,,0,0.677467506,0,Low (<10%),Sub-Saharan Africa,21068405,0.09492887572647288,0.09068940748442882,32.26822055473324,23.082974112154357,28.3520715749509,24.96030045,53.99871327986363,909.7510697069976,2847.8662717941866,0.6471032420585384,1,1,1,1,,93.36,4.431279918911755,1.6921748186767847,0.13306,55.22467,0.677467506,1,1,1,1,1
MLI,Mali,2020,1.96,0.05,925.42,58.38,4,0,,0,,0,0.677467506,0,Low (<10%),Sub-Saharan Africa,21713836,0.1842143414917567,0.16907955174289446,32.289960837019116,26.738953694211133,29.0205972994693,29.11300087,56.04154744220191,872.3894268152671,2763.2151223763503,0.6729444732424258,1,1,1,1,,120.05,5.528732924021347,1.8762128852598923,,,0.677467506,1,1,0,0,1
MLI,Mali,2021,2.05,0.05,930.34,62.19,3,0,,0,,0,0.677467506,0,Low (<10%),Sub-Saharan Africa,22388630,0.13399658666028247,0.12574819530127926,32.037558726674675,25.714040857041127,29.7049638253978,33.95650101,56.71505255654654,872.332509422409,2679.93173320565,0.7178397931503168,1,1,1,1,,137.47,6.14017025606301,1.9657366214541725,0.14596,28.66941,0.677467506,1,1,1,1,1
MLI,Mali,2022,2.2,0.05,973.54,67.92,10,0,,0,,0,0.677467506,0,Low (<10%),Sub-Saharan Africa,23072640,0.4334137749299603,0.36005885450078234,32.71767290186533,25.822978795317287,30.4015705681899,35.19919968,61.56132748619869,877.8178424346419,2600.482649579762,0.7884573603642703,1,1,1,1,,145.1,6.288833874233724,1.9863435708430153,,,0.677467506,1,1,0,0,1
MLI,Mali,2023,2.43,0.06,1041.06,76.03,5,0,,0,,0,0.677467506,0,Low (<10%),Sub-Saharan Africa,23769127,0.21035690540927313,0.19091527926373228,31.3747850068698,26.880977807053437,31.0031889023235,36.03879929,57.629157226929614,892.6892195324289,,0.8878912573524571,1,1,1,0,,116.65,4.907626603198342,1.7762441607757942,0.14743,26.03785,0.677467506,1,1,1,1,1
MLT,Malta,2016,164.14,2.21,1223.64,248.71,60,0,,0,0,1,-9999,-9999,NoData,Middle East & North Africa,454505,132.01174904566506,4.890437463009333,1.0103177137750636,12.278837100236363,94.4800033569336,78.0751488032182,213.3594719858302,25969.4999809345,111.10988878010143,5.100719722201566,1,1,1,1,,360.76,793.7426430952354,6.6780183428688416,0.54032,1989.5946,,0,1,0,0,0
MLT,Malta,2017,178.65,1.52,1340.06,281.31,62,0,,0,1,1,-9999,-9999,NoData,Middle East & North Africa,467106,132.73218498584902,4.895839180537208,0.6758906073160433,11.455759390033931,94.5691806330314,81.0119110762945,213.04759130519662,28546.646494310444,108.11250551266737,5.185428584469419,1,1,1,1,,422.9,905.3619521050896,6.809438731896608,0.52592,2027.40143,,0,1,0,0,0
MLT,Malta,2018,197.57,1.66,1437.7,297.1,54,0,,0,0,1,-9999,-9999,NoData,Middle East & North Africa,483903,111.59261256904793,4.723776105818388,0.6218889187238478,11.516403784564169,94.7242373261706,81.6580442928014,228.0985511051754,29536.791386894918,104.35975805068372,5.286092951925314,1,1,1,1,,430.93,890.5297135996263,6.792938766640786,0.54557,1904.9221,,0,1,0,0,0
MLT,Malta,2019,209.95,1.45,1587.86,297.52,63,0,,0,0,1,-9999,-9999,NoData,Middle East & North Africa,503912,125.02182920827445,4.836455139630549,0.4719107176501963,12.066326069671614,94.9332032524644,85.7785963798031,233.07044094195794,29522.64801650284,100.21591071456922,5.346869407130202,1,1,1,1,,412.83,819.250186540507,6.709609399260273,0.54851,1902.71628,,0,1,0,0,0
MLT,Malta,2020,205.7,2.35,1567.03,298.14,73,0,,0,38,1,-9999,-9999,NoData,Middle East & North Africa,515490,141.61283439057985,4.960133506669181,0.7856204289134201,12.212863506316511,95.1841082280263,86.85876183,242.3611903739276,27861.807321480028,97.96504296882578,5.326418796658912,1,1,1,1,,507.89,985.2567460086519,6.893916712196161,0.60002,1964.91528,,0,1,0,0,0
MLT,Malta,2021,240.38,3.34,1722.75,342.94,98,0,,0,5,1,-9999,-9999,NoData,Middle East & North Africa,518150,189.13442053459423,5.247731298514826,0.886000827253817,11.452669691937873,95.5145343617045,87.46977742,220.0722947900993,31419.503171469325,97.46212486731642,5.482221004524643,1,1,1,1,,519.44,1002.4896265560168,6.911238830919403,0.59682,2082.82636,,0,1,0,0,0
MLT,Malta,2022,252.13,3.42,1787.74,347.73,84,0,,0,2,1,-9999,-9999,NoData,Middle East & North Africa,531113,158.1584333277476,5.069900142130963,0.8334816066900939,11.287865308482719,95.6003155132879,91.54062209,244.5815355188826,31447.39173154184,95.08334384584826,5.5299448275105565,1,1,1,1,,593.4,1117.2763611510168,7.019543815610796,0.5745,2313.68128,,0,1,0,0,0
MLT,Malta,2023,264.7,3.42,1849.34,361.65,91,0,,0,0,1,-9999,-9999,NoData,Middle East & North Africa,552747,164.63228203861803,5.109770162799584,0.044444869246062085,11.06772824590916,95.6272277147965,92.07266941,221.13329637559258,33429.817209233646,,5.578597109233056,1,1,1,0,,497.77,900.5385827512406,6.804102840120493,0.64792,2354.97188,,0,1,0,0,0
MMR,Myanmar,2016,1.57,0.14,43.53,8.02,19,0,,0,,0,2.131153639,2,Medium - High (20-40%),East Asia & Pacific,51495696,0.36896287410116757,0.31405342694747335,25.628622873759525,34.80950488329436,29.8129165582094,16,,1225.3791397098876,19473.472113086886,0.45107561936021673,0,0,0,0,trade_share,82.82,1.6082897491083525,0.9586947380114788,,,2.131153639,1,0,0,0,0
MMR,Myanmar,2017,1.68,0.14,47.81,8.53,46,0,,0,,0,2.131153639,2,Medium - High (20-40%),East Asia & Pacific,51894938,0.8864063003601623,0.6346735906809743,23.404128096274416,36.800921120355774,29.9051727703437,23.621081950267,,1290.5640902568957,19323.65734785154,0.5187937934151675,0,0,0,0,trade_share,152.6,2.9405565529339293,1.3713219704238289,0.03218,30.01847,2.131153639,1,0,0,0,0
MMR,Myanmar,2018,1.79,0.14,51.62,9.01,105,0,,0,,0,2.131153639,2,Medium - High (20-40%),East Asia & Pacific,52272247,2.0087141078897948,1.1015127808008813,22.075606404111095,36.96346150218094,29.993574050729,29.37899971,,1361.5683126411977,19184.176260875105,0.5822156198526637,0,0,0,0,trade_share,224.11,4.2873611306588755,1.665319280322322,0.05881,34.1151,2.131153639,1,0,0,0,0
MMR,Myanmar,2019,1.89,0.14,55.25,9.51,132,0,,0,,0,2.131153639,2,Medium - High (20-40%),East Asia & Pacific,52640713,2.5075648196482443,1.2549220131225782,20.842157775428177,38.41261109184431,30.0782436945232,36.54050064,,1440.989882367336,19049.893948054996,0.636576829071551,0,0,0,0,trade_share,274.45,5.213645187518642,1.8267477104540482,0.08341,30.40636,2.131153639,1,0,0,0,0
MMR,Myanmar,2020,1.85,0.14,53.69,9.34,138,0,,0,,0,2.131153639,2,Medium - High (20-40%),East Asia & Pacific,53016522,2.6029621482903007,1.2817563261016407,22.418652540050267,37.54391554842879,30.1593049968842,45.4477005,,1301.3138635066707,18914.858277576186,0.6151856390902335,0,0,0,0,trade_share,380.95,7.185495872399929,2.102363792054595,0.15568,32.80625,2.131153639,1,0,0,0,0
MMR,Myanmar,2021,1.88,0.15,54.32,9.42,54,0,,0,,0,2.131153639,2,Medium - High (20-40%),East Asia & Pacific,53387102,1.01148026352882,0.698870900541931,22.785290156821095,37.31088999348263,30.2368812529698,,,1136.9956605413986,18783.563116050016,0.6312717768418578,0,0,0,0,"internet_share, trade_share",273.07,5.114905843737313,1.8107293714306183,0.12402,19.11376,2.131153639,1,0,0,0,0
MMR,Myanmar,2022,1.95,0.15,57.88,9.59,27,0,,0,,0,2.131153639,2,Medium - High (20-40%),East Asia & Pacific,53756787,0.502262160869101,0.4069720793025474,22.334350076849493,38.247135765302346,30.311095757938,,,1174.7669794575465,18654.3887007235,0.6678293725756554,0,0,0,0,"internet_share, trade_share",163.72,3.0455689250921933,1.3976221895924277,0.03519,26.39711,2.131153639,1,0,0,0,0
MMR,Myanmar,2023,2.01,0.14,57.92,10.22,72,0,,0,,0,2.131153639,2,Medium - High (20-40%),East Asia & Pacific,54133798,1.330037844379587,0.8458845096687044,22.722230972546193,37.59292503626689,30.3820718069466,,,1177.7664964556272,,0.6981347220709843,0,0,0,0,"internet_share, trade_share",233.94,4.3215146293633415,1.6717579676003869,0.02307,28.00891,2.131153639,1,0,0,0,0
MNE,Montenegro,2016,1.94,1.38,0.29,23.98,13,0,,0,,0,0.715174797,0,Low (<10%),Europe & Central Asia,625353,20.788258791434597,3.0813712371557993,4.806078641948837,15.580219859665224,64.9101692293409,69.8816468416779,104.13595458429373,6634.381972010028,,0.6626879730752367,1,1,1,0,,227.73,364.1623211210308,5.90034197012599,0.32454,716.88365,0.715174797,1,1,1,1,1
MNE,Montenegro,2017,1.82,1.2,0.28,24.36,10,0,,0,,0,0.715174797,0,Low (<10%),Europe & Central Asia,625982,15.974900236748022,2.8317357963581538,4.436126453734466,14.831684732919209,64.9992438680584,71.2723325399382,106.71136668911623,6840.908341012238,,0.598836501088704,1,1,1,0,,276.02,440.9391963347189,6.091172307761209,0.34898,708.80379,0.715174797,1,1,1,1,1
MNE,Montenegro,2018,1.74,1.12,0.27,25.22,16,0,,0,,0,0.715174797,0,Low (<10%),Europe & Central Asia,626438,25.541234727139795,3.2786995510750834,4.027026547098812,16.107967085578423,65.0854068937869,71.5171004874886,111.0989355091738,7159.467784332518,,0.5538851132264376,1,1,1,0,,248.09,396.032807716007,5.984018916355911,0.50374,775.01569,0.715174797,1,1,1,1,1
MNE,Montenegro,2019,1.66,1.02,0.27,25.44,14,0,,0,,0,0.715174797,0,Low (<10%),Europe & Central Asia,626753,22.337348205752505,3.1500550045404214,3.7035108209740515,16.435437285218963,65.1686759904159,73.4766657478691,110.01612386960049,7470.29237568568,,0.5068176023684519,1,1,1,0,,255.61,407.8321124908856,6.013304588864261,0.36328,764.41883,0.715174797,1,1,1,1,1
MNE,Montenegro,2020,1.3,0.94,0.21,21.2,32,0,,0,,0,0.715174797,0,Low (<10%),Europe & Central Asia,626590,51.07007772227453,3.952590459823483,4.183869782973956,17.611814797371338,65.2490688418027,77.60879306,87.86120271349085,6351.951879493132,,0.26236426446749106,1,1,1,0,,285.07,454.95459550902507,6.1223932333047015,,,0.715174797,1,1,0,0,1
MNE,Montenegro,2021,1.11,0.82,0.15,24.53,32,0,,0,,0,0.715174797,0,Low (<10%),Europe & Central Asia,625053,51.195658608150026,3.954999323003663,3.771318755142198,14.867337036128722,65.3266031317675,82.21969752,105.71924917504451,7198.301226544097,,0.10436001532424286,1,1,1,0,,283.61,453.7375230580447,6.1197203800961475,,,0.715174797,1,1,0,0,1
MNE,Montenegro,2022,1.65,0.98,0.21,26.33,33,0,,0,,0,0.715174797,0,Low (<10%),Europe & Central Asia,623591,52.919301272789376,3.987488507929387,3.996727665734049,13.432834590585173,65.4012965440866,88.22192026,125.45593775499397,7773.599587910738,,0.5007752879124892,1,1,1,0,,266.88,427.9728219297585,6.0613935647761,,,0.715174797,1,1,0,0,1
MNE,Montenegro,2023,1.76,0.95,0.19,28.71,35,0,,0,,0,0.715174797,0,Low (<10%),Europe & Central Asia,623529,56.13211254007432,4.045366349824009,3.7692433716628964,12.749886894504703,65.4731667624849,88.5515976,116.80666953832942,8278.024610062623,,0.5653138090500605,1,1,1,0,,254.67,408.4332885880208,6.014773980590979,,,0.715174797,1,1,0,0,1
MNG,Mongolia,2016,20.36,0.36,21.71,126.16,7,0,,0,0,1,3.128436223,3,High (40-80%),East Asia & Pacific,3088856,2.26621117980249,1.1836306525321476,12.627843686447854,33.17807153019994,67.9776754820979,22.2657705007562,101.05523722499714,3817.9196271670194,11266.30700816095,3.013572191682322,1,1,1,1,,116.61,37.75184081096691,3.657178259470185,0.18346,,3.128436223,1,1,1,0,1
MNG,Mongolia,2017,21.64,0.26,26.35,122.78,12,0,,0,0,1,3.128436223,3,High (40-80%),East Asia & Pacific,3148917,3.810834010550294,1.5708704600539907,11.137233271356777,37.41841161188628,67.9260583223672,23.71430016,115.93290186796328,3956.204943713404,11051.418630595852,3.074543453978281,1,1,1,1,,148.24,47.076502810331306,3.8727935506915485,0.1342,,3.128436223,1,1,1,0,1
MNG,Mongolia,2018,22.73,0.29,28.89,124.46,9,0,,0,0,1,3.128436223,3,High (40-80%),East Asia & Pacific,3208189,2.805321008207434,1.3364003525928325,11.428004519305913,37.97567033275499,67.8683444833372,47.1300018848989,126.35587324151278,4183.85566447661,10847.241231735412,3.123685637864452,1,1,1,1,,141.87,44.221210159376525,3.8115662280878584,0.10161,,3.128436223,1,1,1,0,1
MNG,Mongolia,2019,24.12,0.48,30.64,131.13,15,0,,0,0,1,3.128436223,3,High (40-80%),East Asia & Pacific,3267673,4.590422603485722,1.721054884217479,11.558382861226647,38.09269776436526,67.8277299551557,51.079994082603,124.39651462116488,4337.8167085432015,10649.780440086874,3.1830413718589847,1,1,1,1,,187.24,57.300715218444445,4.065614361179043,0.0927,,3.128436223,1,1,1,0,1
MNG,Mongolia,2020,22.96,0.51,28.24,127.95,15,0,,0,0,1,3.128436223,3,High (40-80%),East Asia & Pacific,3327204,4.508289843363978,1.7062542017338995,12.96565630314745,37.04967085115275,68.0894771770775,62.50002848,112.83864762931744,4066.034108827912,10459.232436604427,3.133753571451366,1,1,1,1,,215.39,64.73603662414448,4.185647277768571,0.13301,332.37478,3.128436223,1,1,1,1,1
MNG,Mongolia,2021,23.1,0.53,28.91,126.81,36,0,,0,0,1,3.128436223,3,High (40-80%),East Asia & Pacific,3383741,10.639112154269492,2.454371163987774,13.163174192774166,37.0755721187771,69.2153244018555,81.60682285,119.09807843777105,4063.5366984924535,10284.475082460507,3.139832617527748,1,1,1,1,,274.29,81.0611686887383,4.4074649287934236,0.10008,681.35643,3.128436223,1,1,1,1,1
MNG,Mongolia,2022,24.12,0.55,29.08,136.54,46,0,,0,0,1,3.128436223,3,High (40-80%),East Asia & Pacific,3433748,13.396440274592079,2.6669809728688914,13.027853403536085,35.31221756694462,69.783805847168,81.07720184,136.32792994451626,4205.885545135513,10134.698294691398,3.1830413718589847,1,1,1,1,,258.96,75.41613420670357,4.336193854592982,0.08365,535.37392,3.128436223,1,1,1,1,1
MNG,Mongolia,2023,27.01,0.46,35.5,142.95,30,0,,0,0,1,3.128436223,3,High (40-80%),East Asia & Pacific,3481145,8.617854183034604,2.2636211818998917,9.920602812980238,39.53540900884862,70.4464492797852,83.74320221,142.8642465991814,4456.5362755272645,,3.2962071678045244,1,1,1,0,,276.87,79.53417625522637,4.388681644083134,,,3.128436223,1,1,0,0,1
MOZ,Mozambique,2016,7.56,0.05,123.11,21.51,2,0,,0,,0,0.37050251,0,Low (<10%),Sub-Saharan Africa,27337105,0.07316063643169239,0.07060816020833004,23.62728108876254,20.566983012192857,32.3819234395234,7,110.39435820148083,620.7797149545554,3669.005917049373,2.0228711901914416,1,1,1,1,,105.53,3.8603209813182486,1.5811044812702262,,,0.37050251,1,1,0,0,1
MOZ,Mozambique,2017,7.63,0.06,144.65,20.31,0,1,,0,,0,0.37050251,0,Low (<10%),Sub-Saharan Africa,28166393,0,0,26.0749604736416,23.607070804968647,32.6274411492675,7.7963266079129,105.74564070208706,618.3976943603338,3560.9813439725845,2.0320878452963655,1,1,1,1,,130.48,4.632471044481981,1.7285482525177918,,,0.37050251,1,1,0,0,1
MOZ,Mozambique,2018,7.97,0.06,161.64,20.5,1,0,,0,,0,0.37050251,0,Low (<10%),Sub-Saharan Africa,29018644,0.03446060401719667,0.03388013532964313,25.542559795890874,25.333920058957947,32.9902559073541,10.89999962,124.60745752537153,621.1537341947873,3456.398582924826,2.075684492802124,1,1,1,1,,145.47,5.012984066381599,1.793921142192221,,,0.37050251,1,1,0,0,1
MOZ,Mozambique,2019,8.1,0.06,155.97,21.42,5,0,,0,,0,0.37050251,0,Low (<10%),Sub-Saharan Africa,29884380,0.16731148513035907,0.15470322868432593,24.76978181456368,23.888262818524378,33.4177241517032,12.47929955,105.5911714019212,617.1393200019503,3356.2683917150025,2.0918640616783932,1,1,1,1,,155.48,5.2027179416136455,1.8249875736712435,,,0.37050251,1,1,0,0,1
MOZ,Mozambique,2020,7.75,0.07,137.91,21.21,5,0,,0,,0,0.37050251,0,Low (<10%),Sub-Saharan Africa,30783688,0.16242368360801993,0.15050720781518648,26.88197440876545,21.75399071555382,33.9044006416285,14.28740025,99.90614605197895,591.8040599859323,3258.2190931768796,2.0476928433652555,1,1,1,1,,171.85,5.582502005607645,1.8844149170761115,,,0.37050251,1,1,0,0,1
MOZ,Mozambique,2021,7.77,0.07,143.83,20.91,9,0,,0,,0,0.37050251,0,Low (<10%),Sub-Saharan Africa,31707800,0.2838418307167322,0.2498570128798459,26.894591350236514,21.941177313442147,34.4499259401554,16.35759926,112.07896445833299,588.2158546954162,3163.259513432026,2.050270164379556,1,1,1,1,,219.18,6.912494717388151,2.068443119841402,,,0.37050251,1,1,0,0,1
MOZ,Mozambique,2022,8.32,0.07,160.92,21.92,6,0,,0,,0,0.37050251,0,Low (<10%),Sub-Saharan Africa,32656246,0.18373207992124999,0.16867222700546505,25.638266260009544,23.245456169645767,35.0536638047945,18.96220016,135.27453509899533,596.0866309189647,3071.3879360168958,2.1186622548331173,1,1,1,1,,196.72,6.023962460351382,1.94932751183553,,,0.37050251,1,1,0,0,1
MOZ,Mozambique,2023,8.71,0.07,154.47,23.89,16,0,,0,,0,0.37050251,0,Low (<10%),Sub-Saharan Africa,33635160,0.47569269776031986,0.3891275051524106,25.363819003975845,21.532062900904865,35.7149783148407,19.94560051,106.0260836266568,610.5910416115379,,2.1644717908644115,1,1,1,0,,204.82,6.089461147204295,1.9586093358509988,,,0.37050251,1,1,0,0,1
MRT,Mauritania,2016,3.45,0.28,43.57,30.71,2,0,,0,,0,2.727897971,2,Medium - High (20-40%),Sub-Saharan Africa,4086657,0.4893975687218184,0.3983717219054152,21.739213352185537,25.219760042435198,52.9185627319946,19.23279953,73.1532616736712,1531.8772566169923,97.87951374436368,1.2383742310432684,1,1,1,1,,14.8,3.621542008541456,1.530728417488038,,,2.727897971,1,1,0,0,1
MRT,Mauritania,2017,3.61,0.31,43.61,32.53,1,0,,0,,0,2.727897971,2,Medium - High (20-40%),Sub-Saharan Africa,4210600,0.2374958438227331,0.21308985692798404,22.718830074250153,23.745629232367694,54.1970448502004,21.01720047,78.8149801833884,1580.01453100123,94.99833752909325,1.2837077723447896,1,1,1,1,,11.4,2.7074526195791577,1.3103450153337677,,,2.727897971,1,1,0,0,1
MRT,Mauritania,2018,3.76,0.34,46.57,33.36,1,0,,0,,0,2.727897971,2,Medium - High (20-40%),Sub-Saharan Africa,4337685,0.23053771769964856,0.20745124271536328,23.655966000294036,23.635038719220397,55.1305077000081,22.96699905,89.1467294935148,1606.9153915902616,92.21508707985943,1.324418957401803,1,1,1,1,,16.84,3.882255166062082,1.585607237311606,0.01019,,2.727897971,1,1,1,0,1
MRT,Mauritania,2019,4.06,0.3,60.07,33.68,1,0,,0,,0,2.727897971,2,Medium - High (20-40%),Sub-Saharan Africa,4467708,0.2238284149277437,0.20198399038089312,19.957882454072024,28.598435091510726,56.0596215779146,25.0977993,93.48669413513173,1609.15396170643,89.53136597109749,1.4011829736136412,1,1,1,1,,21.59,4.832455478289987,1.763438091500685,,,2.727897971,1,1,0,0,1
MRT,Mauritania,2020,4.1,0.28,70.67,30.84,2,0,,0,,0,2.727897971,2,Medium - High (20-40%),Sub-Saharan Africa,4600131,0.4347702271957038,0.36100471596982897,19.15234017066474,33.646538773902584,56.9836701058893,29.90649986,86.77616813227412,1557.1951187515308,86.95404543914076,1.410986973710262,1,1,1,1,,24.92,5.417237030858469,1.8589876560413812,,,2.727897971,1,1,0,0,1
MRT,Mauritania,2021,4.17,0.29,68.85,32.41,5,0,,0,,0,2.727897971,2,Medium - High (20-40%),Sub-Saharan Africa,4734874,1.0559943094578652,0.7207595798156765,19.148581128903167,32.08189289448982,57.901535141641,35.63660049,88.30687375712351,1524.1175350230887,84.47954475662922,1.4279160358107101,1,1,1,1,,36.92,7.797461981036878,2.1744632686398297,,,2.727897971,1,1,0,0,1
MRT,Mauritania,2022,4.51,0.34,67.11,37.06,4,0,,0,,0,2.727897971,2,Medium - High (20-40%),Sub-Saharan Africa,4875637,0.8204056208450301,0.5990593448533582,21.23020138885938,29.137550333051482,58.8120996197226,42.46450043,102.0258991256956,1580.7039152874677,82.04056208450301,1.506297153514587,1,1,1,1,,25.95,5.322381465232133,1.8440959513011637,,,2.727897971,1,1,0,0,1
MRT,Mauritania,2023,4.8,0.32,73.79,39.28,8,0,,0,,0,2.727897971,2,Medium - High (20-40%),Sub-Saharan Africa,5022441,1.5928509662930834,0.9527580295067909,19.1616076506323,30.936472793215565,59.7142464747058,44.95629883,92.16544451467425,1638.9922158302293,,1.5686159179138452,1,1,1,0,,46.84,9.326142407646003,2.334678777534741,,,2.727897971,1,1,0,0,1
MUS,Mauritius,2016,17.08,0.34,170.29,33.19,7,0,,0,1,1,-9999,-9999,NoData,Sub-Saharan Africa,1263747,5.539083376656878,1.8777969991717873,3.057569823038515,18.346301099172532,39.5578893260494,52.19129944,126.31000899804161,9997.89198315532,2176.8597670261533,2.837908188360424,1,1,1,1,,153.63,121.56705416511375,4.808658261166187,,,,0,1,0,0,0
MUS,Mauritius,2017,17.94,0.35,173.05,34.07,9,0,,0,0,1,-9999,-9999,NoData,Sub-Saharan Africa,1264887,7.115260098332894,2.093746252003487,2.9552198937364613,17.528266685587642,39.4499348663789,55.4032403002657,126.96405988488813,10383.883268257754,2174.8978367237546,2.88703285663065,1,1,1,1,,178.16,140.8505265687765,4.954773873400078,0.35423,,,0,1,0,0,0
MUS,Mauritius,2018,19.3,0.37,194.51,32.92,21,0,,0,0,1,-9999,-9999,NoData,Sub-Saharan Africa,1265577,16.59322190589747,2.8675137088836467,2.525932128256908,17.33852140077821,39.3474905591359,58.596169704299,123.53898438654387,10805.46152137389,2173.7120696725683,2.9601050959108397,1,1,1,1,,133.6,105.56449745847151,4.668750411780485,0.33387,465.4988,,0,1,0,0,0
MUS,Mauritius,2019,19.74,0.37,212.06,33.36,28,0,,0,52,1,-9999,-9999,NoData,Sub-Saharan Africa,1265985,22.11716568521744,3.1405754448193943,2.668627458528867,16.669682282423324,39.2509492806955,61.7299551453346,127.94089906413252,11111.342366952567,2173.0115285726133,2.9826470340053355,1,1,1,1,,223.89,176.85043661654757,5.180942953362199,0.35699,543.55651,,0,1,0,0,0
MUS,Mauritius,2020,16.69,0.36,196.72,28.12,26,0,,0,4,1,-9999,-9999,NoData,Sub-Saharan Africa,1266014,20.536897696234007,3.069767636111136,3.0989406514301536,16.41407982139836,39.1607039074325,67.73290684,121.12522550434967,9533.598279604903,2172.9617523976826,2.8148097376737438,1,1,1,1,,192.64,152.1626143154815,5.031500195642586,0.40299,558.19237,,0,1,0,0,0
MUS,Mauritius,2021,17.44,0.39,227.76,28.43,33,0,,0,25,1,-9999,-9999,NoData,Sub-Saharan Africa,1266334,26.059475620176034,3.2980372441430537,3.2413713398878956,18.02298224324525,39.077147315722,71.59999847,135.1930046146099,9849.348911218456,2172.412649427402,2.8587664184808337,1,1,1,1,,208.35,164.53005289283868,5.109152766808292,0.36784,564.33636,,0,1,0,0,0
MUS,Mauritius,2022,17.91,0.42,222.56,28.08,42,0,,0,60,1,-9999,-9999,NoData,Sub-Saharan Africa,1262523,33.266720685484536,3.5341746407763583,3.555132547658371,18.066091873582845,39.0000125885784,75.5,147.6637950340117,10703.236427146154,2178.9702048992376,2.8853592160726205,1,1,1,1,,247.88,196.33701722661684,5.28491301441977,0.30879,578.6005,,0,1,0,0,0
MUS,Mauritius,2023,19.42,0.48,244.42,30.15,49,0,,0,0,1,-9999,-9999,NoData,Sub-Saharan Africa,1248647,39.242476056083106,3.69492305610728,4.012652862592423,17.839123404656128,39.0039901092226,79.5,147.32139212885198,11330.733565576715,,2.966303462863179,1,1,1,0,,205.31,164.4259746749882,5.108523811825685,0.23892,852.67511,,0,1,0,0,0
MWI,Malawi,2016,4.63,0.06,28.02,34.15,0,1,,0,,0,0.75280282,0,Low (<10%),Sub-Saharan Africa,17557739,0,0,22.19290776901513,17.65584221040703,15.899632938282,6.300000191,,538.2219908109595,919.2527580003325,1.5325568680981427,0,0,0,0,trade_share,189.5,10.79296143996673,2.467502865363382,,,0.75280282,1,0,0,0,0
MWI,Malawi,2017,5.17,0.06,30.87,38.2,1,0,,0,,0,0.75280282,0,Low (<10%),Sub-Saharan Africa,18039715,0.05543324825253614,0.05395134448027515,22.926231982132336,17.747962478613992,15.9634281867266,7,45.30031371600076,544.7957292203486,894.6926267959334,1.6428726885203377,1,0,1,1,,227.93,12.634900274200563,2.612632702314117,,,0.75280282,1,1,0,0,1
MWI,Malawi,2018,5.47,0.06,32.93,40.36,2,0,,0,,0,0.75280282,0,Low (<10%),Sub-Saharan Africa,18528081,0.10794426039048512,0.10250628055289501,21.632593506951007,18.39079401358607,16.0221486554255,8.798299789,43.578773488999985,553.528790902088,871.110181351215,1.6992786164338898,1,0,1,1,,240.13,12.960327623783597,2.6362195658112464,,,0.75280282,1,1,0,0,1
MWI,Malawi,2019,5.71,0.07,34.99,41.93,4,0,,0,,0,0.75280282,0,Low (<10%),Sub-Saharan Africa,19025752,0.21024136128758536,0.19081981185522817,22.947399179014155,18.49900692225531,16.1383746619001,11.05860043,44.19545246357976,569.8662493719476,848.323892795407,1.742219023667919,1,0,1,1,,244.11,12.830504675978117,2.626876636404807,0.17752,25.16829,0.75280282,1,1,1,1,1
MWI,Malawi,2020,5.64,0.08,36.32,40.7,4,0,,0,,0,0.75280282,0,Low (<10%),Sub-Saharan Africa,19533888,0.20477234230072375,0.18629062154229373,25.015011006226672,19.081740296658545,16.2961471756409,13.89949989,41.03234293973277,559.4470860860672,826.2564011834204,1.7298840655099674,1,0,1,1,,285.91,14.636615096799984,2.7496152856578644,,,0.75280282,1,1,0,0,1
MWI,Malawi,2021,5.79,0.08,37.23,41.83,8,0,,0,,0,0.75280282,0,Low (<10%),Sub-Saharan Africa,20047258,0.39905706805389546,0.3357984868841776,25.53283042553478,18.423973109977936,16.4881925800694,15.30300045,44.5957618170542,569.9689673224348,805.0976347987341,1.7561322915849038,1,0,1,1,,374.94,18.702807137015945,2.9807611198573682,,,0.75280282,1,1,0,0,1
MWI,Malawi,2022,5.69,0.1,34.76,41.5,15,0,,0,,0,0.75280282,0,Low (<10%),Sub-Saharan Africa,20568728,0.7292624026142988,0.5476949607234068,27.597551876220145,16.90734353839952,16.7146031979436,16.84830093,43.61662485678103,560.6357597149408,784.6863452129854,1.7387102481382397,1,0,1,1,,357.99,17.404576500792857,2.912599356557712,,,0.75280282,1,1,0,0,1
MWI,Malawi,2023,5.93,0.1,37.5,42.93,29,0,,0,,0,0.75280282,0,Low (<10%),Sub-Saharan Africa,21104482,1.3741156973196498,0.8646250301809373,28.869380408767952,19.294086398534443,16.9748746665356,17.98810346,42.43766839909665,557.0352396579104,,1.780024213009634,1,0,1,0,,377.51,17.887669548108313,2.9385093042949437,,,0.75280282,1,1,0,0,1
MYS,Malaysia,2016,52.27,1.14,67.14,129.5,1537,0,14,1,5,1,1.032631026,1,Low - Medium (10-20%),East Asia & Pacific,31789685,48.34901635546247,3.898917833674006,8.462518856180269,37.6832749440922,73.8588978909614,78.7883099275229,126.89901002569985,9901.479601798123,18244.91183224999,3.9564225927248304,1,1,1,1,,17827.44,560.7932258529771,6.3311338566639765,1.41517,2334.07987,1.032631026,1,1,1,1,1
MYS,Malaysia,2017,55.18,1.23,72.13,135.16,1639,0,32,1,3,1,1.032631026,1,Low - Medium (10-20%),East Asia & Pacific,32355644,50.65576812502944,3.944601866484709,8.598277535331395,38.11467227030696,74.2354806421432,80.1404790103961,133.15517337195615,10293.762920536155,17925.77517542225,4.01060056878914,1,1,1,1,,18867.8,583.1378290600552,6.370136963647042,,,1.032631026,1,1,0,0,1
MYS,Malaysia,2018,58.6,1.13,75.92,144.68,2017,0,26,1,28,1,1.032631026,1,Low - Medium (10-20%),East Asia & Pacific,32910967,61.28656140671892,4.131745694767822,7.512056930638213,38.29142535804985,74.5634625145296,81.2010486181174,130.40262550212626,10610.195024047911,17623.30471784679,4.070734696582967,1,1,1,1,,17628.87,535.6533583470822,6.285352370891894,1.04026,2110.44315,1.032631026,1,1,1,1,1
MYS,Malaysia,2019,61.39,1.13,77.26,154.48,2235,0,27,1,77,1,1.032631026,1,Low - Medium (10-20%),East Asia & Pacific,33440596,66.83493320513786,4.217077301270138,7.241314015621507,37.47653368873347,74.8377707734042,84.1871450078281,123.02856202794288,10902.983485585608,17344.18848276508,4.117246955439405,1,1,1,1,,18671.39,558.3450127503708,6.326766479101176,,,1.032631026,1,1,0,0,1
MYS,Malaysia,2020,57.54,1.21,69.48,148.07,2318,0,27,1,49,1,1.032631026,1,Low - Medium (10-20%),East Asia & Pacific,33889558,68.39864951912327,4.2398674079447956,8.165970899195983,35.93472662018347,75.0511895575672,89.55501192,116.78818243763847,10171.4657842762,17114.416186838436,4.052480358123402,1,1,1,1,,18858.11,556.4578328227237,6.323386864281289,0.95055,711.51035,1.032631026,1,1,1,1,1
MYS,Malaysia,2021,58.63,1.47,75.98,144.1,3269,0,14,1,171,1,1.032631026,1,Low - Medium (10-20%),East Asia & Pacific,34282399,95.35505376972014,4.5680398456874025,9.56621458844467,37.68268618389309,75.5088628191907,96.7514278,134.03599469072654,10388.266712085682,16918.302596034777,4.071246510976124,1,1,1,1,,22347.89,651.8764920739649,6.4813879721438035,,,1.032631026,1,1,0,0,1
MYS,Malaysia,2022,64.14,1.48,86.43,153.85,3357,0,,1,91,1,1.032631026,1,Low - Medium (10-20%),East Asia & Pacific,34695493,96.75608298749351,4.58247542698035,8.961849227414174,38.974240550053025,75.9741357073003,97.3986404,146.42460475390752,11191.65117569426,16716.86867225089,4.161068194265009,1,1,1,1,,23520.32,677.9070699470966,6.520484255080299,1.0121,1218.32989,1.032631026,1,1,1,1,1
MYS,Malaysia,2023,67.22,1.34,86.04,167.18,3902,0,,1,85,1,1.032631026,1,Low - Medium (10-20%),East Asia & Pacific,35126298,111.08486297075768,4.719256289477561,7.76530932127302,37.56485733222144,76.4434752105739,97.69272633,132.59346164159942,11445.392527507936,,4.20797082229696,1,1,1,0,,23690.94,674.4502366859155,6.515379485827822,,,1.032631026,1,1,0,0,1
NAM,Namibia,2016,34.87,0.06,164.15,115.54,7,0,,0,,0,4.175797611,4,Extremely High (>80%),Sub-Saharan Africa,2439213,2.8697780800610686,1.3531971617440097,6.720117635263881,27.513403274418817,46.1751725648784,31.0333004,93.96618796016202,4648.627134602133,2525.404710453741,3.5516268606875596,1,1,1,1,,98.91,40.5499642712629,3.7268966614036843,,,4.175797611,1,1,0,0,1
NAM,Namibia,2017,34.37,0.07,150.76,117.75,5,0,,0,,0,4.175797611,4,Extremely High (>80%),Sub-Saharan Africa,2506853,1.9945325872717707,1.0967881550381118,7.676156089362738,26.07701808706952,46.8135799686288,36.83739853,81.2196661011436,4476.733244021052,2457.2641475188216,3.5371840908617425,1,1,1,1,,112.41,44.84108162704394,3.825180667831512,,,4.175797611,1,1,0,0,1
NAM,Namibia,2018,34.82,0.07,154.12,119.74,7,0,,0,,0,4.175797611,4,Extremely High (>80%),Sub-Saharan Africa,2577327,2.715992188806465,1.3126457189059126,7.76829756756805,26.86990461984499,47.4232814423189,42.8207016,81.71386529638043,4400.4753770574325,2390.0731261496894,3.550191934340043,1,1,1,1,,154.33,59.87986778550025,4.108902541828015,,,4.175797611,1,1,0,0,1
NAM,Namibia,2019,34.92,0.06,154.09,121.1,2,0,,0,,0,4.175797611,4,Extremely High (>80%),Sub-Saharan Africa,2650494,0.7545763167168082,0.5622274127963653,7.083976738474352,27.050581112476745,48.0019807724839,49.77590179,82.90115074263547,4243.09274481966,2324.0950554877695,3.5530597309714014,1,1,1,1,,153.09,57.75904416308809,4.073445084377729,,,4.175797611,1,1,0,0,1
NAM,Namibia,2020,60.43,0.08,131.59,113.93,8,0,,0,,0,4.175797611,4,Extremely High (>80%),Sub-Saharan Africa,2728762,2.9317324119875607,1.3690801460494015,9.158178088911987,25.818734948071377,48.547381745659,57.8608017,76.92524240364645,3787.499439732857,2257.4339572304216,4.101485670373467,1,1,1,1,,208.52,76.41560531845576,4.349188379374778,,,4.175797611,1,1,0,0,1
NAM,Namibia,2021,68.42,0.08,123.9,105.64,21,0,,0,,0,4.175797611,4,Extremely High (>80%),Sub-Saharan Africa,2810548,7.471852464359264,2.1367491936478564,9.563003794826365,24.447596786144537,49.0571881483796,60.25999832,83.54430309236237,3809.807533597145,2191.743389545384,4.225665179549459,1,1,1,1,,233.51,83.08344137869199,4.431809655544272,,,4.175797611,1,1,0,0,1
NAM,Namibia,2022,33.17,0.08,148.01,106.5,9,0,,0,,0,4.175797611,4,Extremely High (>80%),Sub-Saharan Africa,2889662,3.1145511135904473,1.4145297427815704,8.758893664576483,27.111725577059996,49.5291037671807,62.99720001,99.2625547814064,3905.5513526816358,2131.73720663524,3.501645852958961,1,1,1,1,,213.89,74.0190375206512,4.317741914934693,0.64636,224.81068,4.175797611,1,1,1,1,1
NAM,Namibia,2023,34.91,0.07,170.64,107.63,26,0,,0,,0,4.175797611,4,Extremely High (>80%),Sub-Saharan Africa,2963095,8.774608981487262,2.279788103177446,7.607878686937666,30.62168802909675,49.9545837830821,63.69549942,109.81759967030018,3973.490105799979,,3.5527733211169448,1,1,1,0,,231.33,78.0703959879788,4.370338544138827,,,4.175797611,1,1,0,0,1
NER,Niger,2016,3.49,0,57.94,23.14,1,0,,0,,0,3.471298326,3,High (40-80%),Sub-Saharan Africa,20685753,0.048342450961296884,0.04721029870685176,37.20795141137053,21.242496389366984,16.3898280543236,4.322800159,36.67483781156916,488.18482380158105,169.19857836453912,1.2499017362143359,1,1,1,1,,50.14,2.423890491199426,1.23077747505759,,,3.471298326,1,1,0,0,1
NER,Niger,2017,4.01,0,58.18,23.69,0,1,,0,,0,3.471298326,3,High (40-80%),Sub-Saharan Africa,21435446,0,0,38.26071370937689,20.561494013468007,16.5036987906896,10.2243115586561,39.029895636624715,497.1726083296084,163.28095062729275,1.3887912413184778,1,1,1,1,,56.23,2.6232251010779057,1.2873645411112022,,,3.471298326,1,1,0,0,1
NER,Niger,2018,2.68,0,56.13,23.82,0,1,,0,,0,3.471298326,3,High (40-80%),Sub-Saharan Africa,22188069,0,0,37.67921916329159,19.086388197044283,16.6449011799221,10.74180031,38.29296959770156,513.4236997652889,157.74243355742223,0.9858167945227654,1,1,1,1,,64.47,2.9056156261277177,1.3624154216030093,,,3.471298326,1,1,0,0,1
NER,Niger,2019,2.71,0,59.7,24.21,2,0,,0,,0,3.471298326,3,High (40-80%),Sub-Saharan Africa,22947757,0.08715448747343804,0.08356372083123673,36.155496095921556,20.86840230090398,16.813146499685,11.28549957,39.28930367329605,526.6036174608603,152.52035307851656,0.9969486348916096,1,1,1,1,,86.31,3.7611519069162185,1.5604896362180234,,,3.471298326,1,1,0,0,1
NER,Niger,2020,2.76,0,60.83,24.7,0,1,,0,,0,3.471298326,3,High (40-80%),Sub-Saharan Africa,23717613,0,0,38.83445698452441,19.347019121822136,17.0081420003794,11.85680008,36.33881969080382,532.208221196997,147.56965635622777,1.0152306797290584,1,1,1,1,,87.38,3.684181877830623,1.5441912745782533,,,3.471298326,1,1,0,0,1
NER,Niger,2021,2.88,0,63.37,25.73,0,1,,0,,0,3.471298326,3,High (40-80%),Sub-Saharan Africa,24502140,0,0,38.13994272323457,19.135627424757313,17.2295936666686,12.45689964,38.04609487866167,520.912751008043,142.8446658128637,1.0577902941478545,1,1,1,1,,65.74,2.683030951582188,1.3037360413326355,,,3.471298326,1,1,0,0,1
NER,Niger,2022,2.97,0,64.46,26.72,5,0,,0,,0,3.471298326,3,High (40-80%),Sub-Saharan Africa,25311973,0.19753497682697432,0.18026525808262348,41.45717492678939,17.751985430967466,17.477207007512,13.08749962,37.146045410071544,565.8733857943585,138.27448377888203,1.0885619528146082,1,1,1,1,,94.17,3.720373753559235,1.5518879815386004,,,3.471298326,1,1,0,0,1
NER,Niger,2023,2.69,0,70.44,21.77,3,0,,0,,0,3.471298326,3,High (40-80%),Sub-Saharan Africa,26159867,0.11467948212427839,0.10856690360931734,43.988088956412255,17.414420377358123,17.7506873295237,12.98079967,30.717653506905556,561.960694711722,,0.9895411936137477,1,1,1,0,,90.18,3.4472652326558086,1.492289352802785,,,3.471298326,1,1,0,0,1
NGA,Nigeria,2016,30.83,0.21,43.87,59.45,158,0,,0,50,1,0.801556379,0,Low (<10%),Sub-Saharan Africa,195443700,0.808416950763826,0.5924518497431039,20.983109708317315,18.173131726890023,56.541038793347,24.13750076,,2481.8149035040296,1130.760418473453,3.428488241898059,0,0,0,0,trade_share,3763.62,19.25679876097311,3.0084904784866784,,,0.801556379,1,0,0,0,0
NGA,Nigeria,2017,31.14,0.21,54.48,56.06,223,0,,0,0,1,0.801556379,0,Low (<10%),Sub-Saharan Africa,200254579,1.1135825263700962,0.7483843875158,20.84657143005422,22.315117194685882,57.3486345560101,25.87789917,,2441.712364045374,1103.5952391380772,3.4384931664058525,0,0,0,0,trade_share,4385.33,21.8987751585945,3.131083422605481,,,0.801556379,1,0,0,0,0
NGA,Nigeria,2018,31.59,0.22,64.02,53.42,214,0,,0,6,1,0.801556379,0,Low (<10%),Sub-Saharan Africa,204938755,1.0442144044448791,0.7150135613829146,21.203773720120985,25.733306583292855,58.1553347527729,27.74370003,,2431.778578325972,1078.3709503846649,3.4528406148139936,0,0,0,0,trade_share,5097.12,24.871430491514403,3.253139290050511,,,0.801556379,1,0,0,0,0
NGA,Nigeria,2019,32.03,0.23,69.57,52.32,431,0,,0,18,1,0.801556379,0,Low (<10%),Sub-Saharan Africa,209485641,2.057420250584144,1.1175715050285986,25.734930572848313,21.004040941014097,58.9611186427056,29.74410057,,2431.535284758741,1054.9649080721479,3.466672963621067,0,0,0,0,trade_share,6508.72,31.07000541387942,3.4679211825194995,0.28444,22.12011,0.801556379,1,0,0,0,0
NGA,Nigeria,2020,30.45,0.25,70.34,48.05,545,0,,0,6,1,0.801556379,0,Low (<10%),Sub-Saharan Africa,213996181,2.5467744211753014,1.266038576694197,28.345420438138913,18.36499630956998,59.7659654848781,31.88879967,,2228.686314265286,1032.728710238058,3.416085994155906,0,0,0,0,trade_share,8324.39,38.89971288786691,3.6863691280771187,,,0.801556379,1,0,0,0,0
NGA,Nigeria,2021,31.8,0.25,80.61,47.39,764,0,,0,51,1,0.801556379,0,Low (<10%),Sub-Saharan Africa,218529286,3.4960989164628486,1.5032101133419982,29.388278043487336,18.253929214102875,60.5698545383604,35.50979996,,2206.664062555641,1011.3061001810074,3.459466289786131,0,0,0,0,trade_share,9263.7,42.39111457125249,3.7702546867643405,,,0.801556379,1,0,0,0,0
NGA,Nigeria,2022,32.67,0.27,81.71,49.11,842,0,,0,223,1,0.801556379,0,Low (<10%),Sub-Saharan Africa,223150896,3.773231544631575,1.5630235481883281,28.551552220040723,19.169055886149135,61.3727650622225,39.14720154,,2254.290804145981,990.3612486503304,3.4864572256129787,0,0,0,0,trade_share,9649.09,43.24020280877564,3.7896339414887352,,,0.801556379,1,0,0,0,0
NGA,Nigeria,2023,33.84,0.26,88.52,49.36,1077,0,,0,109,1,0.801556379,0,Low (<10%),Sub-Saharan Africa,227882945,4.726110591558311,1.7450365204185614,27.718291279289893,19.130238246648716,62.1746763155343,40.06399918,,2280.677771671623,,3.521643534738023,0,0,0,0,trade_share,9799.39,43.001857817837134,3.784231856159552,,,0.801556379,1,0,0,0,0
NIC,Nicaragua,2016,7.51,0.15,145.89,32.59,2,0,,0,,0,0.213853504,0,Low (<10%),Latin America & Caribbean,6232666,0.3208899690758337,0.27830572841160395,14.9153392298097,25.79487536098057,58.0043880782023,24.57180023,93.81372781300867,2140.1440594160595,25063.111034667992,2.0162354657760435,1,1,1,1,,37.93,6.085678263523185,1.9580756008856761,,,0.213853504,1,1,0,0,1
NIC,Nicaragua,2017,8,0.15,217.4,35.97,1,0,,0,,0,0.213853504,0,Low (<10%),Latin America & Caribbean,6316231,0.15832226528763751,0.14697263515563172,14.99640860194735,24.817335480400754,58.1892567408822,30.39999962,96.3805864351182,2209.63273423213,24731.521060581857,2.0794415416798357,1,1,1,1,,52.82,8.362582052493012,2.236721112756124,,,0.213853504,1,1,0,0,1
NIC,Nicaragua,2018,7.99,0.15,402.49,36.89,0,1,,0,,0,0.213853504,0,Low (<10%),Latin America & Caribbean,6400080,0,0,15.322211323712565,24.995678464406424,58.3683858659405,33.9129982,93.98474049254037,2107.3396261623006,24407.507406157423,2.0781907597781832,1,1,1,1,,29.19,4.560880488993887,1.7157564570544952,,,0.213853504,1,1,0,0,1
NIC,Nicaragua,2019,7.81,0.15,4453.99,36.99,3,0,,0,,0,0.213853504,0,Low (<10%),Latin America & Caribbean,6483657,0.4627018363247778,0.38028529834511987,15.529784067707073,24.280920117808424,58.5405671448072,39.01079941,94.04221592462129,2019.9151862004378,24092.884617431184,2.0554049638515948,1,1,1,1,,35.16,5.422865521726396,1.8598643610685235,,,0.213853504,1,1,0,0,1
NIC,Nicaragua,2020,7.65,0.15,4670,35.22,3,0,,0,,0,0.213853504,0,Low (<10%),Latin America & Caribbean,6565267,0.4569501895353228,0.3763453396247823,15.906779980402339,25.79032112189174,58.7045922689128,44.87490082,88.63812312289679,1950.1918121847314,23793.39636910426,2.0347056478384444,1,1,1,1,,38.33,5.838300254962974,1.9225392000166277,,,0.213853504,1,1,0,0,1
NIC,Nicaragua,2021,8.33,0.16,5566.95,36.85,3,0,,0,,0,0.213853504,0,Low (<10%),Latin America & Caribbean,6644741,0.4514848660015492,0.372587077973868,15.729914891311356,27.28593564785849,58.8592529296875,51.62039948,106.20739806697024,2128.308800413338,23508.816972700668,2.1198634561787513,1,1,1,1,,42.73,6.430649441415398,2.0056132629065004,,,0.213853504,1,1,0,0,1
NIC,Nicaragua,2022,8.53,0.17,5575.42,38,2,0,,0,,0,0.213853504,0,Low (<10%),Latin America & Caribbean,6730654,0.2971479443156638,0.2601679653794544,16.80302568218796,25.943719904962226,58.9954376220703,59.38000107,115.45467093191894,2175.738458938742,23208.740190774923,2.1435893615035875,1,1,1,1,,43.07,6.399080980837821,2.001355800719014,,,0.213853504,1,1,0,0,1
NIC,Nicaragua,2023,9.04,0.17,6088.23,39.8,1,0,,0,,0,0.213853504,0,Low (<10%),Latin America & Caribbean,6823613,0.146549928901302,0.13675737134387023,15.328565867197733,27.20119781400087,59.1250953674316,60.30120087,105.01953557985159,2241.1228811163014,,2.201659174404085,1,1,1,0,,40.65,5.957254609837926,1.9397849439199402,,,0.213853504,1,1,0,0,1
NLD,Netherlands,2016,86.97,23.11,19.84,455.88,1855,0,6,1,665,1,1.581120297,1,Low - Medium (10-20%),Europe & Central Asia,17030314,108.92341738384859,4.699783917727377,1.8639913909813586,16.9640712326865,90.5803239452777,90.4109589041096,150.96552921164994,46655.03402647544,645.907057262714,4.465563231601674,1,1,1,1,,31097.01,1825.9798380699262,7.510419520777939,2.11546,5109.20509,1.581120297,1,1,1,1,1
NLD,Netherlands,2017,90.72,28.73,20.81,348.31,1821,0,5,1,619,1,1.581120297,1,Low - Medium (10-20%),Europe & Central Asia,17131296,106.29668648536573,4.675597768315149,1.9678742137359644,17.121011745183196,91.1219700676602,93.1972789115646,159.64605965684729,47670.0858101833,642.0996987034723,4.507777839979442,1,1,1,1,,31234.91,1823.2660272754613,7.5089330082864345,2.14167,5273.17623,1.581120297,1,1,1,1,1
NLD,Netherlands,2018,91.17,19.91,22.58,306.29,2279,0,13,1,1710,1,1.581120297,1,Low - Medium (10-20%),Europe & Central Asia,17231624,132.25683197358532,4.892278333578392,1.7598723695592253,17.324104853081458,92.6062472401044,91.8918918918919,163.5591465730439,48463.005560873135,638.3611898681169,4.5127258955968115,1,1,1,1,,31506.82,1828.4301003782348,7.511759776775673,2.1027,5496.79039,1.581120297,1,1,1,1,1
NLD,Netherlands,2019,89.47,21.57,21.42,312.18,2749,0,26,1,474,1,1.581120297,1,Low - Medium (10-20%),Europe & Central Asia,17344874,158.49062956583023,5.071985171695548,1.758806990396099,17.112755749505585,93.8898028856479,93.2885906040269,160.67667188499902,49254.02478906401,634.193133948393,4.493903373559505,1,1,1,1,,31471.58,1814.459995500688,7.504094155635405,2.14036,5592.12175,1.581120297,1,1,1,1,1
NLD,Netherlands,2020,87.04,22.19,21.56,286.16,3232,0,19,1,663,1,1.581120297,1,Low - Medium (10-20%),Europe & Central Asia,17441500,185.3051629733681,5.227385990446126,1.7373720548267344,17.379477085918165,94.2532277765935,91.33333333,152.23323040970627,47086.56747554969,630.6797007138148,4.466367783107633,1,1,1,1,,32236.56,1848.2676375311758,7.522544968089751,2.26514,5799.27532,1.581120297,1,1,1,1,1
NLD,Netherlands,2021,96.02,27.69,24.24,300.79,3804,0,46,1,1088,1,1.581120297,1,Low - Medium (10-20%),Europe & Central Asia,17533044,216.96175518637835,5.384319612473712,1.6546464023330154,17.706129773989122,94.6294783220315,92.05298013,163.15484268969772,49780.83283525421,627.3867789301162,4.564556503102795,1,1,1,1,,34144.24,1947.4222502378936,7.574775221615639,2.21542,6003.86605,1.581120297,1,1,1,1,1
NLD,Netherlands,2022,98.42,24.07,26.11,298.9,3868,0,,1,2168,1,1.581120297,1,Low - Medium (10-20%),Europe & Central Asia,17700982,218.51894996560077,5.391438561206113,1.641947233905536,18.65639653055885,94.9856177734136,92.51968504,184.1074842526816,51777.531482827646,621.4344492299919,4.589244035437832,1,1,1,1,,32878,1857.4110747076065,7.527477140708571,2.17529,6319.17518,1.581120297,1,1,1,1,1
NLD,Netherlands,2023,110.84,35.1,29.86,306.33,4470,0,,1,1373,1,1.581120297,1,Low - Medium (10-20%),Europe & Central Asia,17877117,250.04031690344698,5.525613551346286,1.751492430006485,18.163984942859617,95.3221682092129,97.00680272,165.03042947893266,50960.781030530845,,4.7080877199947775,1,1,1,0,,32207.08,1801.5813176140205,7.4969749819356934,2.26719,6563.33599,1.581120297,1,1,1,1,1
NOR,Norway,2016,128.33,0.4,95.35,324.15,532,0,3,1,16,1,0.188372239,0,Low (<10%),Europe & Central Asia,5234519,101.63302492549936,4.631159761309789,1.88806883866435,27.76906720305033,81.6800003051758,97.2982036675068,67.33412308290569,77532.27500226686,72977.09684500142,4.85460507125637,1,1,1,1,,11289.44,2156.7292047273113,7.676811653573225,2.03286,6120.84923,0.188372239,1,1,1,1,1
NOR,Norway,2017,129.86,0.38,104.95,305.38,651,0,2,1,52,1,0.188372239,0,Low (<10%),Europe & Central Asia,5276968,123.36629670674525,4.823231216803133,1.7720624376510552,29.664253659501327,81.9699745912375,96.3576012951191,67.19571533689516,78961.77579061675,72390.05428875066,4.866456947080341,1,1,1,1,,11939.18,2262.507561160121,7.7246709073432065,2.08168,6396.1696,0.188372239,1,1,1,1,1
NOR,Norway,2018,131.7,0.36,112.69,301.56,797,0,7,1,299,1,0.188372239,0,Low (<10%),Europe & Central Asia,5311916,150.0400232232588,5.017544856152865,1.660533673217663,31.7926103289636,82.2452112401723,96.4916579887094,68.17612060123172,79313.28894340422,71913.78779333107,4.880526608749236,1,1,1,1,,12225.59,2301.540536409085,7.741768373363885,2.03482,6484.23611,0.188372239,1,1,1,1,1
NOR,Norway,2019,133.16,0.36,103.54,319.81,955,0,7,1,573,1,0.188372239,0,Low (<10%),Europe & Central Asia,5347896,178.5749012321855,5.190592397952002,1.6159727644437776,28.924171422219423,82.4935894878281,98.0000043853142,68.88024310573198,79937.5097885912,71429.9604928742,4.891551412706824,1,1,1,1,,12508.85,2339.022673589763,7.757915897873079,2.13599,6737.55318,0.188372239,1,1,1,1,1
NOR,Norway,2020,130.59,0.37,93.25,325.68,1180,0,8,1,420,1,0.188372239,0,Low (<10%),Europe & Central Asia,5379475,219.35226021126596,5.3952274486044205,1.6675807520839203,26.038320461121362,82.7029885700532,94.60755647,63.36731841790429,78387.04350231019,71010.64694974881,4.872062644232316,1,1,1,1,,13284.78,2469.5309486520523,7.812188365490097,2.24436,6766.01432,0.188372239,1,1,1,1,1
NOR,Norway,2021,140.92,0.33,135.66,311.82,1575,0,6,1,505,1,0.188372239,0,Low (<10%),Europe & Central Asia,5408320,291.21797526773565,5.677500014425655,1.4580590414815209,36.8554062435763,82.8612877226956,99.0000036,69.10605723453106,81199.33914921395,70631.91527128572,4.948192353473037,1,1,1,1,,13802.78,2552.1381870895216,7.8450785431129315,1.88764,7228.72168,0.188372239,1,1,1,1,1
NOR,Norway,2022,146.67,0.36,183.27,255.82,1714,0,,1,277,1,0.188372239,0,Low (<10%),Europe & Central Asia,5457127,314.0846822879511,5.752841435356771,1.5175647658354163,47.86716506305355,82.9563661816034,98.99997764,79.92160113630332,83756.73838050607,70000.2034037324,4.988185165258664,1,1,1,1,,13494.16,2472.7590177029047,7.813494142267546,1.55081,7394.77328,0.188372239,1,1,1,1,1
NOR,Norway,2023,142.24,0.45,144.02,294.68,2002,0,,1,186,1,0.188372239,0,Low (<10%),Europe & Central Asia,5519601,362.7073768556822,5.8963496345908855,1.644165062326563,37.88537386606787,83.0718560702166,99.00000258,77.40118958370601,83100.79446458716,,4.957515771765594,1,1,1,0,,13756.15,2492.2363047618837,7.821336866340744,1.85142,7450.59492,0.188372239,1,1,1,1,1
NPL,Nepal,2016,2.19,0.59,90.47,85.39,16,0,,0,,0,3.18229337,3,High (40-80%),South Asia,27955462,0.572338958304463,0.4525642930949445,25.517875372606362,12.655417769882662,65.2895168835553,20.70000076,42.11548612216458,875.188943730855,7089.848845996536,0.7839015438284094,1,1,1,1,,573.85,20.527294451438507,3.0693216393571854,,,3.18229337,1,1,0,0,1
NPL,Nepal,2017,2.35,0.6,99.32,93.72,15,0,,0,,0,3.18229337,3,High (40-80%),South Asia,28011258,0.5354989768756548,0.42885539458504024,23.69954845889731,12.862585889846168,65.5768928085184,24.3,44.642410621742734,951.8572985636408,7075.726481116985,0.8544153281560676,1,1,1,1,,648.89,23.16532874032291,3.1849189091905643,,,3.18229337,1,1,0,0,1
NPL,Nepal,2018,2.5,0.61,110.95,100.2,32,0,,0,,0,3.18229337,3,High (40-80%),South Asia,28079689,1.1396137613917305,0.7606253274133558,22.33467205025654,13.200639634570601,65.8104229225551,28.60000038,48.447386946377755,1021.9149220401141,7058.48273462003,0.9162907318741551,1,1,1,1,,743.49,26.477857358035553,3.3133804933548503,,,3.18229337,1,1,0,0,1
NPL,Nepal,2019,2.65,0.63,117.14,107.6,54,0,,0,,0,3.18229337,3,High (40-80%),South Asia,28414064,1.9004673178746974,1.0648718681048366,21.58337276002695,13.010675413781595,65.9873929484157,33.33660126,49.24952658690116,1077.117964981876,6975.418933384538,0.9745596399981308,1,1,1,1,,916.97,32.27169474947336,3.5047070280018366,,,3.18229337,1,1,0,0,1
NPL,Nepal,2020,2.63,0.63,103.24,109.14,78,0,,0,,0,3.18229337,3,High (40-80%),South Asia,28966574,2.6927589020365335,1.3063738486151149,22.180090192791603,12.047319926052326,66.1050886088505,36.96530151,40.918874124844415,1031.5361878393398,6842.369415174884,0.9669838461896731,1,1,1,1,,1344.57,46.417985088605924,3.859001588983889,,,3.18229337,1,1,0,0,1
NPL,Nepal,2021,2.67,0.65,106.77,109.24,87,0,,0,,0,3.18229337,3,High (40-80%),South Asia,29475010,2.951652942611385,1.3741339578642453,22.021452278805846,11.792042551679806,66.144235274522,40.98910141,43.053804791221935,1062.788843062899,6724.340381903177,0.9820784724121582,1,1,1,1,,1627.26,55.20812376314716,4.029061297398843,,,3.18229337,1,1,0,0,1
NPL,Nepal,2022,2.83,0.66,114.05,117.92,130,0,,0,,0,3.18229337,3,High (40-80%),South Asia,29715436,4.374830643575279,1.6817270653452925,20.91436998151288,12.181228473134247,66.2992968721053,45.45080185,48.973401480020144,1113.5546234122342,6669.934104281694,1.0402767116551463,1,1,1,1,,1647,55.42573899975756,4.032925419644995,,,3.18229337,1,1,0,0,1
NPL,Nepal,2023,2.99,0.68,113.4,127.03,174,0,,0,,0,3.18229337,3,High (40-80%),South Asia,29694614,5.859648487096011,1.9256561994768282,21.298713111906167,11.97170425396559,66.5432933453944,45.80680084,41.57015029324674,1136.4276931196962,,1.095273387402595,1,1,1,0,,1590.74,53.5699841055351,3.999483989930645,,,3.18229337,1,1,0,0,1
NZL,New Zealand,2016,35.4,3.88,27.01,283.7,484,0,8,1,153,1,0.050880091,0,Low (<10%),East Asia & Pacific,4714100,102.67071127044399,4.641219638220561,5.548208859010958,20.19080946680173,84.691365594,86.5,52.47960217331246,39205.0341298225,69366.36897817187,3.5667118201397288,1,1,1,1,,8115.78,1721.596911393479,7.451588263362336,,,0.050880091,1,1,0,0,1
NZL,New Zealand,2017,36.96,4.4,28.99,283.99,546,0,26,1,2,1,0.050880091,0,Low (<10%),East Asia & Pacific,4813600,113.42861891307962,4.739951212983693,5.9153747458868935,20.554009569443824,84.1701025874108,87.69999695,54.27752762996316,39667.68842362722,67932.52451387735,3.6098362467734835,1,1,1,1,,8183.78,1700.1371115173674,7.439052195565544,1.34788,5035.55839,0.050880091,1,1,1,1,1
NZL,New Zealand,2018,38.08,4.21,29.84,280.67,556,0,15,1,101,1,0.050880091,0,Low (<10%),East Asia & Pacific,4900600,113.45549524548014,4.740186059623206,5.668645975967242,20.407256232863507,83.8017846685577,89,55.90639185095376,40257.91392608035,66726.52328286333,3.6396892099231644,1,1,1,1,,8256.6,1684.8141043953804,7.430003874117171,,,0.050880091,1,1,0,0,1
NZL,New Zealand,2019,38.82,4.17,30.54,281.33,671,0,14,1,228,1,0.050880091,0,Low (<10%),East Asia & Pacific,4970300,135.00191135343943,4.912668939706702,5.687590627038626,20.350543066587107,83.804965871667,89.86370087,54.46124640970069,40615.72669465428,65790.7973361769,3.658935577740864,1,1,1,1,,8678.86,1746.1440959298234,7.46573778866153,1.4642,5665.38305,0.050880091,1,1,1,1,1
NZL,New Zealand,2020,38.59,4.22,30.24,253.04,739,0,8,1,150,1,0.050880091,0,Low (<10%),East Asia & Pacific,5072400,145.69040296506586,4.988324263547953,5.697539740202888,19.9377411088041,83.8138977095908,90.92099762,43.82624662181676,39702.31120904178,64466.52472202508,3.6529931755495273,1,1,1,1,,8679.94,1711.2096837788818,7.445540028044571,,,0.050880091,1,1,0,0,1
NZL,New Zealand,2021,40.39,4.51,29.47,271.65,759,0,6,1,1264,1,0.050880091,0,Low (<10%),East Asia & Pacific,5084600,149.27427919600362,5.012462152347451,5.7748650087671125,18.638407479782675,83.8299382585905,91.99060059,48.43153707415389,41309.819845134414,64311.84360618338,3.6985822295753215,1,1,1,1,,8960.04,1762.1917161625302,7.474880920763876,1.48604,5094.76159,0.050880091,1,1,1,1,1
NZL,New Zealand,2022,41.87,3.74,32.27,286.18,775,0,,1,222,1,0.050880091,0,Low (<10%),East Asia & Pacific,5081700,152.50801897002972,5.033752806509845,4.57625698536786,19.63215262314686,83.8547305017812,93.07289886,53.20914337364386,42716.08667830337,64348.54477832221,3.734569580031052,1,1,1,1,,8700.7,1712.1632524548872,7.446096795858407,,,0.050880091,1,1,0,0,1
NZL,New Zealand,2023,41.74,4.37,31.9,269.99,903,0,,1,47,1,0.050880091,0,Low (<10%),East Asia & Pacific,5200000,173.65384615384616,5.162805993076469,4.008527252476137,19.435428817801835,83.8898991461229,93.32610321,49.86550414984969,42501.49320449682,,3.7314599016490546,1,1,1,0,,8096.23,1556.9673076923077,7.351137242701107,1.54848,5435.46099,0.050880091,1,1,1,1,1
OMN,Oman,2016,45.61,1.06,157.16,526.49,52,0,1,1,0,1,5,4,Extremely High (>80%),Middle East & North Africa,4390877,11.842736656025664,2.552778410756225,1.9853221172153563,47.94024993941912,77.7521362304688,76.8453904741456,82.86426420189012,18830.605720860796,318.84290996992166,3.820126990723609,1,1,1,1,,753.75,171.66274527844894,5.151340242590907,0.22691,250.29605,5,1,1,1,1,1
OMN,Oman,2017,45.9,1.06,164.17,513.66,47,0,0,1,0,1,5,4,Extremely High (>80%),Middle East & North Africa,4537396,10.358364136610515,2.42995440086478,1.9845992524783367,49.594395517443246,78.3142260040136,80.18560028,88.95314801829562,18277.945563615027,308.5470168352068,3.8264651170664994,1,1,1,1,,802.34,176.82829534825703,5.180818451859414,0.19925,251.8909,5,1,1,1,1,1
OMN,Oman,2018,46.31,1,182.24,321.58,75,0,0,1,0,1,5,4,Extremely High (>80%),Middle East & North Africa,4597877,16.311876111518423,2.8513927464184112,1.8494201909959072,53.89381537062301,78.9655839720276,85.5,89.27921782628468,18269.67694355622,304.48835408167724,3.8353579204926604,1,1,1,1,,781.57,169.98497349972607,5.141575678370882,0.19031,296.18652,5,1,1,1,1,1
OMN,Oman,2019,45.13,1.07,171.51,337.99,96,0,0,1,0,1,5,4,Extremely High (>80%),Middle East & North Africa,4591241,20.909379403085136,3.08691482838126,1.9947193393858131,51.37923294565172,79.5780017545962,90.25939941,86.47820103132365,18089.586668488046,304.92844962832487,3.80954721383891,1,1,1,1,,956.32,208.29226782039976,5.3437316857231965,0.27255,382.86992,5,1,1,1,1,1
OMN,Oman,2020,43.85,1.28,149.71,356.61,117,0,0,1,0,1,5,4,Extremely High (>80%),Middle East & North Africa,4522497,25.870663927471924,3.2910351311971655,2.4692330884771407,47.14772228922267,80.0176378922722,95.23229321,91.87589080144721,17743.885880047706,309.5634999868435,3.780774718818192,1,1,1,1,,1039.96,229.9526124616556,5.442212548618896,0.31599,374.1444,5,1,1,1,1,1
OMN,Oman,2021,44.48,1.27,170.64,327.68,190,0,0,1,0,1,5,4,Extremely High (>80%),Middle East & North Africa,4500424,42.21824432542356,3.7662627284448496,2.392184893971885,51.92697164641411,80.1239942103569,95.23880005,95.94948772933047,18291.338798388806,311.0818002925946,3.7950396499423267,1,1,1,1,,1320.34,293.381245855946,5.684875681890637,0.29266,332.10768,5,1,1,1,1,1
OMN,Oman,2022,49.09,1.23,215.05,314.75,252,0,,1,0,1,5,4,Extremely High (>80%),Middle East & North Africa,4730226,53.27441014446244,3.994052847800416,2.1082711466343422,59.485207773021706,80.0117053152301,95.24530029,105.74500928065459,18792.446056530596,295.96894524701355,3.893655348069961,1,1,1,1,,1487.22,314.4078105359025,5.753866438128159,0.28711,383.13404,5,1,1,1,1,1
OMN,Oman,2023,49.75,1.38,201.95,346.68,404,0,,1,0,1,5,4,Extremely High (>80%),Middle East & North Africa,5049269,80.01158187452481,4.394592130556145,2.4155985887499325,55.3716024616708,79.5702973228932,95.25170135,106.44673110260412,17853.964489780064,,3.907010463604602,1,1,1,0,,1640.31,324.8608858034697,5.786470559627063,0.37526,655.14938,5,1,1,1,1,1
PAK,Pakistan,2016,1.52,0.32,36.22,17.93,650,0,,0,0,1,3.790570063,3,High (40-80%),South Asia,220138869,2.952681654778557,1.3743942485086518,22.32833020356975,18.150117972321446,36.1597184900333,12.385446763381,24.701578048057314,1452.1865826917658,249.84229386587793,0.41871033485818504,1,0,1,1,,9006.53,40.91294754494265,3.7355947898133004,,,3.790570063,1,1,0,0,1
PAK,Pakistan,2017,1.59,0.33,38.07,18.84,849,0,,0,1,1,3.790570063,3,High (40-80%),South Asia,223273967,3.802503316474867,1.569137306232927,21.963203536687203,18.09932708852145,36.4351548223399,13.77999973,25.47203500234398,1495.261875280324,246.33413710967926,0.4637340162321402,1,0,1,1,,11064.45,49.55548624260347,3.9230714705883654,0.21214,314.96263,3.790570063,1,1,1,1,1
PAK,Pakistan,2018,1.68,0.34,42.61,19.74,1176,0,,0,0,1,3.790570063,3,High (40-80%),South Asia,226928892,5.182240082501262,1.8216806786888138,21.65123535939572,18.58905159274822,36.7478511550359,15.34000015,27.62605707963371,1561.681698195586,242.3666705251441,0.5187937934151675,1,0,1,1,,11921.76,52.53522323636076,3.980339815515815,,,3.790570063,1,1,0,0,1
PAK,Pakistan,2019,1.74,0.33,45.87,20.53,1690,0,,0,0,1,3.790570063,3,High (40-80%),South Asia,230800899,7.322328497515948,2.1189420831674144,20.67787132228868,19.563894581448306,37.1091631735769,17.070901719916,28.905576986703235,1573.8330826936988,238.3006315759628,0.5538851132264376,1,0,1,1,,14994.15,64.96573481717678,4.189135437774595,0.17475,362.3767,3.790570063,1,1,1,1,1
PAK,Pakistan,2020,1.73,0.35,42.02,20.41,1951,0,,0,0,1,3.790570063,3,High (40-80%),South Asia,235001746,8.302065976990656,2.2302365235514943,21.854132554896612,18.589463544581623,37.5080192948099,18.935,26.71628073288137,1526.0059748630656,234.04081431803488,0.5481214085096876,1,0,1,1,,16903.42,71.92891239199558,4.289485163844979,,,3.790570063,1,1,0,0,1
PAK,Pakistan,2021,1.83,0.4,44.91,21.19,2755,0,,0,7,1,3.790570063,3,High (40-80%),South Asia,239477801,11.504197835857028,2.5260644147995963,22.66250807607427,18.896408200948397,37.9333395514173,,27.03042041255475,1595.027921754216,229.66638147808948,0.6043159668533296,0,0,0,0,internet_share,19703.26,82.2759350458542,4.422159612426842,0.16431,401.38994,3.790570063,1,0,0,0,0
PAK,Pakistan,2022,1.95,0.41,52.97,22.04,3237,0,,0,3,1,3.790570063,3,High (40-80%),South Asia,243700667,13.282688307127202,2.659048195994975,22.326864699603053,20.412595554361264,38.3740439760816,,33.03135347803203,1642.280669748258,225.68670277787953,0.6678293725756554,0,0,0,0,internet_share,20954.92,85.98630548680443,4.465750698066963,,,3.790570063,1,0,0,0,0
PAK,Pakistan,2023,1.94,0.43,51.66,21.73,3474,0,,0,0,1,3.790570063,3,High (40-80%),South Asia,247504495,14.036108717944698,2.710454556185548,23.42670359636599,20.718694602312972,38.8191861872791,,28.46769254698369,1610.3312283753653,,0.6626879730752367,0,0,0,0,internet_share,20519.11,82.9039892790634,4.429673160364999,0.16399,473.71632,3.790570063,1,0,0,0,0
PAN,Panama,2016,45.18,0.35,2403.3,52.26,8,0,2,1,0,1,0.745018749,0,Low (<10%),Latin America & Caribbean,4029086,1.9855619860186653,1.0937879991469923,2.7805458893113264,27.41582125224717,65.5971555296656,54,84.39597187381112,14474.124363634935,33903.47091126871,3.810654511039857,1,1,1,1,,153,37.97387298260698,3.6628914981077147,0.12829,96.8879,0.745018749,1,1,1,1,1
PAN,Panama,2017,48.12,0.34,2616.45,55.22,13,0,0,1,0,1,0.745018749,0,Low (<10%),Latin America & Caribbean,4098707,3.171731963275248,1.4283312884963058,2.5726218847147515,28.254562131882473,65.6577712475758,59.9506309038683,84.04753724029332,15045.54564268271,33327.58355256914,3.873697891106478,1,1,1,1,,177.04,43.19410975217306,3.7885915166777835,0.13083,105.81058,0.745018749,1,1,1,1,1
PAN,Panama,2018,50.26,0.34,2719.73,57.79,19,0,0,1,0,1,0.745018749,0,Low (<10%),Latin America & Caribbean,4167860,4.558694389926725,1.7153632587318737,2.4461817006236655,28.326460612213435,65.7099285144924,61.8055313202468,86.13096151124452,15375.650085570336,32774.61335073635,3.917209532115446,1,1,1,1,,167.78,40.25567077588978,3.719788576686998,0.13355,107.17185,0.745018749,1,1,1,1,1
PAN,Panama,2019,52.08,0.35,2821.86,59.86,19,0,0,1,0,1,0.745018749,0,Low (<10%),Latin America & Caribbean,4234700,4.486740501098071,1.7023343635555306,2.455080777951975,28.415932731340487,65.752985396379,63.6284147731451,80.42865056495685,15602.531520970882,32257.30276052613,3.9527809979003137,1,1,1,1,,265.02,62.582945663211085,4.152345284437939,0.13613,110.65703,0.745018749,1,1,1,1,1
PAN,Panama,2020,42.89,0.36,1836.36,53.23,18,0,0,1,0,1,0.745018749,0,Low (<10%),Latin America & Caribbean,4293261,4.192617220336709,1.647237851445763,3.064188404362427,23.43889936682532,65.7862999591993,64.82430267,68.70042351060303,12647.09142272787,31817.30623877747,3.758638698528789,1,1,1,1,,249.53,58.12132083281217,4.079591617946741,0.23246,167.55608,0.745018749,1,1,1,1,1
PAN,Panama,2021,49.55,0.37,2447.51,58.86,20,0,0,1,1,1,0.745018749,0,Low (<10%),Latin America & Caribbean,4345405,4.602562937171564,1.7232241603954093,2.802892157766456,26.363428873437105,65.8092302689169,66.04270172,80.13346352328873,14552.934527176767,31435.504860881778,3.902982260775997,1,1,1,1,,282.05,64.90764382146199,4.188254426002971,0.17691,134.74424,0.745018749,1,1,1,1,1
PAN,Panama,2022,54.89,0.41,2722.99,65.12,39,0,,1,0,1,0.745018749,0,Low (<10%),Latin America & Caribbean,4400773,8.862079457404416,2.2886970446954984,2.6037030710706843,26.407666926416674,65.8211343914956,67.2838974,93.4752688552496,15956.067108787272,31040.001381575465,4.005331182561798,1,1,1,1,,370.87,84.273830983784,4.445867619430725,0.18302,142.28474,0.745018749,1,1,1,1,1
PAN,Panama,2023,59.33,0.41,3027.7,69.72,25,0,,1,0,1,0.745018749,0,Low (<10%),Latin America & Caribbean,4458759,5.606941303622825,1.8881208090401953,2.496274907866824,27.158113218403436,65.8601271176084,68.54851592,88.34891051697952,16877.15434256459,,4.083115080270552,1,1,1,0,,282.01,63.2485406813869,4.162759010387217,0.15803,253.27142,0.745018749,1,1,1,1,1
PER,Peru,2016,5.38,0.28,19.84,63.59,87,0,3,1,0,1,3.743217047,3,High (40-80%),Latin America & Caribbean,30866494,2.8185902810989805,1.339881318146285,6.9350346165010475,30.55655057838275,81.4192362241943,45.4617406869459,45.38884119641545,6392.254749410137,53164.4442676256,1.682688374173693,1,1,1,1,,1048.57,33.97114035691906,3.554523160120929,0.12008,,3.743217047,1,1,1,0,1
PER,Peru,2017,5.16,0.27,18.82,62.43,122,0,1,1,0,1,3.743217047,3,High (40-80%),Latin America & Caribbean,31324637,3.8946979656939043,1.5881525714626306,6.7797595601092455,31.29788412314732,82.1931650502403,50.4504121848143,47.51355036199706,6457.419402547214,52386.88001396472,1.6409365794934714,1,1,1,1,,1356.5,43.30457205298181,3.7910878783392388,0.12085,,3.743217047,1,1,1,0,1
PER,Peru,2018,5.03,0.27,17.94,62.36,158,0,4,1,0,1,3.743217047,3,High (40-80%),Latin America & Caribbean,31897584,4.953353206938808,1.783954625006274,6.885842851440975,31.62408350054949,82.6854929960921,55.0543342443197,48.631470171736005,6593.144374595259,51445.90261130749,1.6154199841116479,1,1,1,1,,1642.77,51.501392707359905,3.9608396970049595,0.12683,,3.743217047,1,1,1,0,1
PER,Peru,2019,4.97,0.28,17.05,54.72,215,0,2,1,1,1,3.743217047,3,High (40-80%),Latin America & Caribbean,32449303,6.625720127178078,2.031526760942625,6.853031034772384,30.4491957836385,83.1033003087105,59.9505036049006,46.94350537544095,6626.260834949689,50571.19408697315,1.6034198401085373,1,1,1,1,,2380.17,73.35041988421138,4.308789320290505,0.15696,,3.743217047,1,1,1,0,1
PER,Peru,2020,6.94,0.44,33.28,35.36,285,0,15,1,3,1,3.743217047,3,High (40-80%),Latin America & Caribbean,32838579,8.6788164615771,2.269939627447342,7.7158463734968,30.319285709212053,83.5267437189637,65.25179796,44.245967197744044,5831.830247585214,49971.711626133394,1.937301774518713,1,1,1,1,,3064.15,93.3094577569876,4.546581478957965,0.17229,,3.743217047,1,1,1,0,1
PER,Peru,2021,7.4,0.41,43.47,35.31,354,0,4,1,2,1,3.743217047,3,High (40-80%),Latin America & Caribbean,33155882,10.676838577239478,2.457607271005517,7.120231373089106,35.72613111369356,83.9480118272361,71.10782643,55.40832319387739,6550.967475438716,49493.480523305036,2.0014800002101243,1,1,1,1,,4073.17,122.84909205552127,4.819063824907457,0.13754,,3.743217047,1,1,1,0,1
PER,Peru,2022,10.29,0.56,222.06,55.49,368,0,,1,3,1,3.743217047,3,High (40-80%),Latin America & Caribbean,33475438,10.993134727617305,2.4843343800410085,7.171122734099773,34.91663012415979,84.3663554951194,74.67495213,57.27270031119387,6671.289020421373,49021.016543532605,2.331172549845958,1,1,1,1,,4643.53,138.7145404938391,4.939601344553377,0.16206,,3.743217047,1,1,1,0,1
PER,Peru,2023,10.02,0.55,210.82,54.79,533,0,,1,1,1,3.743217047,3,High (40-80%),Latin America & Caribbean,33845617,15.747977057117911,2.818277478268086,7.223159554292787,34.202876308375494,84.7810255849745,79.48484477,50.90703072134928,6575.182955022283,,2.3045830956567186,1,1,1,0,,5241.67,154.8699791763288,5.049022192904548,0.17611,,3.743217047,1,1,1,0,1
PHL,Philippines,2016,3.49,0.17,8.46,22.38,109,0,4,1,1,1,2.026275245,2,Medium - High (20-40%),East Asia & Pacific,106735719,1.0212139012245751,0.7036982721205419,10.205125532561595,30.28591716726943,51.9114748151175,39.20000076,61.77606576538708,3076.3374186758983,4487.719804463959,1.2499017362143359,1,1,1,1,,1626.19,15.235668202132034,2.7872105628311528,,,2.026275245,1,1,0,0,1
PHL,Philippines,2017,3.57,0.19,5.97,27.84,187,0,1,1,0,1,2.026275245,2,Medium - High (20-40%),East Asia & Pacific,108119693,1.7295646594187055,1.0041421310665137,10.182954131410888,30.126550576772498,52.6010482354344,41.59999847,68.1683697426727,3247.450387836204,4430.275250596577,1.2725655957915476,1,1,1,1,,1973.91,18.256711106273674,2.9578596288741936,,,2.026275245,1,1,0,0,1
PHL,Philippines,2018,3.8,0.19,6.35,29.32,320,0,6,1,7,1,2.026275245,2,Medium - High (20-40%),East Asia & Pacific,109465287,2.9233011557353334,1.366933430973671,9.650140358153065,30.5637401548214,53.2088897464754,44.09999847,72.1633982990273,3410.936479761091,4375.816417491327,1.33500106673234,1,1,1,1,,2327.34,21.26098659934085,3.1028356664888026,0.32222,170.21271,2.026275245,1,1,1,1,1
PHL,Philippines,2019,4.34,0.18,10.91,30.52,454,0,21,1,1,1,2.026275245,2,Medium - High (20-40%),East Asia & Pacific,110804683,4.097299750408563,1.6287109388122643,8.820323747305245,30.327507879462363,53.7157859948017,43.0266118680279,68.84184225956784,3575.8817092292174,4322.9219833605775,1.4678743481123135,1,1,1,1,,2884.66,26.0337372202942,3.2970856126731265,0.25926,302.08457,2.026275245,1,1,1,1,1
PHL,Philippines,2020,3.83,0.19,8.43,25.84,430,0,27,1,10,1,2.026275245,2,Medium - High (20-40%),East Asia & Pacific,112081264,3.8365020580067686,1.5761917441560918,10.185311031761547,28.399917585052126,54.1077719895977,53.76490021,58.16956030222815,3198.6669000841307,4273.684850663354,1.3428648031925547,1,1,1,1,,3137.34,27.991654341085948,3.3670080072276134,0.27625,320.27857,2.026275245,1,1,1,1,1
PHL,Philippines,2021,3.98,0.2,8.09,26.57,526,0,56,1,5,1,2.026275245,2,Medium - High (20-40%),East Asia & Pacific,113100950,4.650712482963228,1.7317816403873445,10.069164020487577,28.889809118545905,54.4504102510776,66.90779877,63.484609813671156,3350.975875877763,4235.154523458909,1.3812818192963463,1,1,1,1,,3948.12,34.907929597408334,3.580958151254454,,,2.026275245,1,1,0,0,1
PHL,Philippines,2022,4.2,0.2,7.74,27.74,741,0,,1,69,1,2.026275245,2,Medium - High (20-40%),East Asia & Pacific,113964338,6.502033995933009,2.015174183232074,9.55176804414326,29.221239936433847,54.7902343568327,75.21114422,72.42968361075991,3577.7013657324396,4203.0692092468435,1.4350845252893227,1,1,1,1,,4283.9,37.58982919727046,3.6529887494518976,,,2.026275245,1,1,0,0,1
PHL,Philippines,2023,4.43,0.21,7.8,29.51,989,0,,1,9,1,2.026275245,2,Medium - High (20-40%),East Asia & Pacific,114891199,8.608144127732535,2.262611085469973,9.400366528691636,28.19762250913137,55.1242716168851,77.86699677,67.41996931716065,3744.6976380268593,,1.4883995840570443,1,1,1,0,,4752.21,41.36269828640226,3.7462682176280815,,,2.026275245,1,1,0,0,1
PLW,Palau,2016,,,,,0,1,,0,,0,-9999,-9999,NoData,East Asia & Pacific,17797,0,0,3.0674575096358745,10.109712772020545,80.1089335766065,,118.75986613418148,16179.395962874944,,#NUM!,0,0,0,0,"wue_total, internet_share",3.3,185.42450974883405,5.228026383676282,,,,0,0,0,0,0
PLW,Palau,2017,,,,,0,1,,0,,0,-9999,-9999,NoData,East Asia & Pacific,17812,0,0,3.4755751859722266,8.127492530020819,79.8284579022498,,122.65063645289491,15612.670018049808,,#NUM!,0,0,0,0,"wue_total, internet_share",5.87,329.5531102627442,5.800767343091677,,,,0,0,0,0,0
PLW,Palau,2018,,,,,0,1,,0,,0,-9999,-9999,NoData,East Asia & Pacific,17814,0,0,3.45833441302561,8.96483658193314,79.5520868568744,,117.77197050905927,15545.721937167627,,#NUM!,0,0,0,0,"wue_total, internet_share",5.31,298.0801616705961,5.700711636691272,,,,0,0,0,0,0
PLW,Palau,2019,,,,,1,0,,0,,0,-9999,-9999,NoData,East Asia & Pacific,17798,56.18608832453085,4.046310657695534,3.390021067266292,11.23977670116402,79.2803814152827,,115.49770529944601,15606.482763437403,,#NUM!,0,0,0,0,"wue_total, internet_share",4.85,272.5025283739746,5.611310866331096,,,,0,0,0,0,0
PLW,Palau,2020,,,,,0,1,,0,,0,-9999,-9999,NoData,East Asia & Pacific,17792,0,0,3.309640155908608,12.72023116609588,79.0796884006264,,104.43072090989523,14673.884597577848,,#NUM!,0,0,0,0,"wue_total, internet_share",7.22,405.8003597122302,6.008322548422368,,,,0,0,0,0,0
PLW,Palau,2021,,,,,0,1,,0,,0,-9999,-9999,NoData,East Asia & Pacific,17783,0,0,3.415379201182102,11.69360803825883,79.0890798782416,,79.57914292165434,12932.085706023285,,#NUM!,0,0,0,0,"wue_total, internet_share",5.61,315.46983073722095,5.757227915515477,,,,0,0,0,0,0
PLW,Palau,2022,,,,,0,1,,0,,0,-9999,-9999,NoData,East Asia & Pacific,17759,0,0,3.3041472315043214,12.215743624311251,79.1134831712956,82.56749725,103.6518547649747,12889.621605828796,,#NUM!,0,0,0,0,wue_total,6.35,357.5651782194943,5.882110451658216,,,,0,0,0,0,0
PLW,Palau,2023,,,,,0,1,,0,,0,-9999,-9999,NoData,East Asia & Pacific,17727,0,0,3.0469579339771915,10.088376907327648,79.1531991438847,82.91629791,106.75762354915305,13070.794450215351,,#NUM!,0,0,0,0,wue_total,5.04,284.31206633948216,5.653583550838891,,,,0,0,0,0,0
PNG,Papua New Guinea,2016,,,46.09,45.58,1,0,,0,,0,0,0,Low (<10%),East Asia & Pacific,8961718,0.11158574728640201,0.10578759700336562,17.8663404294926,34.72997158045522,13.3653651942392,9.601499557,,2557.0946303003548,89380.18357640802,#NUM!,0,0,0,0,"wue_total, trade_share",57.91,6.4619306253555395,2.009814177698061,0.03158,33.15884,0,1,0,0,0,0
PNG,Papua New Guinea,2017,,,50.05,45.12,1,0,,0,,0,0,0,Low (<10%),East Asia & Pacific,9178714,0.1089477240493603,0.10341156933958429,17.649568905744957,36.359859735726545,13.5249644881888,11.20919991,,2584.888363627105,87267.1269635376,#NUM!,0,0,0,0,"wue_total, trade_share",61.28,6.676316529744799,2.038139813583015,,,0,1,0,0,0,0
PNG,Papua New Guinea,2018,,,50.72,45.14,5,0,,0,,0,0,0,Low (<10%),East Asia & Pacific,9394513,0.532225566136318,0.426721296861596,16.973835520232186,36.9240450738372,13.7125720532162,12.35789967,,2518.458993173212,85262.53569503815,#NUM!,0,0,0,0,"wue_total, trade_share",57.76,6.1482697400067465,1.9668703330158948,,,0,1,0,0,0,0
PNG,Papua New Guinea,2019,,,52.66,47.39,9,0,,0,,0,0,0,Low (<10%),East Asia & Pacific,9609010,0.936620942219854,0.6609446720477264,16.976445746966693,36.71108093527501,13.9278267446947,13.62419987,,2572.561779678961,83359.26385756701,#NUM!,0,0,0,0,"wue_total, trade_share",69.73,7.256730922332269,2.111028737079696,,,0,1,0,0,0,0
PNG,Papua New Guinea,2020,,,45.64,48.32,6,0,,0,,0,0,0,Low (<10%),East Asia & Pacific,9815746,0.6112627608742117,0.47701819509976573,18.755325478087716,33.04708375510761,14.1703677185729,15.02040005,,2438.6113792229316,81603.57857670727,#NUM!,0,0,0,0,"wue_total, trade_share",61.12,6.226729990771969,1.9777866504256416,,,0,1,0,0,0,0
PNG,Papua New Guinea,2021,,,46.86,46.31,15,0,,0,,0,0,0,Low (<10%),East Asia & Pacific,10012896,1.4980680913893443,0.915517669694311,18.989881583829916,34.03433937965206,14.4398342822353,16.55960083,,2378.389391466602,79996.83608019099,#NUM!,0,0,0,0,"wue_total, trade_share",80.07,7.996687471836319,2.1968564509011435,,,0,1,0,0,0,0
PNG,Papua New Guinea,2022,,,58.87,44.53,13,0,,0,,0,0,0,Low (<10%),East Asia & Pacific,10203169,1.2741139542038362,0.8215905058598778,16.908567889043493,40.279142331343415,14.7358658260841,18.25659943,,2467.240086289727,78505.0213320979,#NUM!,0,0,0,0,"wue_total, trade_share",81.9,8.026917911484167,2.2002109926094624,,,0,1,0,0,0,0
PNG,Papua New Guinea,2023,,,52.7,49.5,16,0,,0,,0,0,0,Low (<10%),East Asia & Pacific,10389635,1.5399963521336408,0.932162644861556,16.959612272756036,36.287852448494384,15.0581017891206,18.56130028,,2515.285750965886,,#NUM!,0,0,0,0,"wue_total, trade_share",69.76,6.714384095302675,2.043086650522432,,,0,1,0,0,0,0
POL,Poland,2016,40.1,0.26,17.71,142.48,1811,0,23,1,19,1,1.65863867,1,Low - Medium (10-20%),Europe & Central Asia,37970087,47.69543983399353,3.8855853877985647,2.6237968659563977,30.673487105832926,60.2402284228997,73.3007040962669,96.8659028060623,13026.185898871834,1411.6375345676718,3.6913763343125234,1,1,1,1,,33120.9,872.2892839302687,6.772266868567198,0.9616,2304.00747,1.65863867,1,1,1,1,1
POL,Poland,2017,43.82,0.24,18.63,153.05,1842,0,23,1,59,1,1.65863867,1,Low - Medium (10-20%),Europe & Central Asia,37974826,48.505818038507925,3.902090198799288,2.9853728598643055,28.80907595816582,60.145888199417,75.9853659493832,100.56589524627961,13695.645284872391,1411.461371804574,3.7800903341673204,1,1,1,1,,32725.15,861.7590505878816,6.76013545231762,1.03055,2994.85672,1.65863867,1,1,1,1,1
POL,Poland,2018,47,0.11,21.52,155.52,1964,0,35,1,26,1,1.65863867,1,Low - Medium (10-20%),Europe & Central Asia,37974750,51.71857615915839,3.964967882226323,2.4156413686616656,28.861461724251452,60.0533306480907,77.5417345350006,102.4424621680053,14551.085027708908,1411.4641966043228,3.8501476017100584,1,1,1,1,,33795.97,889.9589859051081,6.79229839487946,1.19426,3079.49249,1.65863867,1,1,1,1,1
POL,Poland,2019,50.34,0.11,23.17,163.42,1876,0,38,1,112,1,1.65863867,1,Low - Medium (10-20%),Europe & Central Asia,37965475,49.41331565060098,3.920255339599489,2.3702974464644333,28.83152421703518,59.9626184068963,80.4359068768673,101.58103381737295,15221.309062445382,1411.8090185885992,3.91879998970717,1,1,1,1,,34149.03,899.4759054114297,6.802923407357905,1.3088,3159.06604,1.65863867,1,1,1,1,1
POL,Poland,2020,52.93,0.12,23.75,176.75,1903,0,33,1,143,1,1.65863867,1,Low - Medium (10-20%),Europe & Central Asia,37515748,50.72536471883754,3.9459482747200885,2.5684442354741552,28.566948621381528,59.8738141138092,83.18488715,99.25909123034361,15090.22284401132,1428.7333415290027,3.9689702858698963,1,1,1,1,,34204.93,911.7485808892842,6.816460465770675,1.37128,3260.15498,1.65863867,1,1,1,1,1
POL,Poland,2021,52.58,0.11,23.68,174.16,2210,0,28,1,154,1,1.65863867,1,Low - Medium (10-20%),Europe & Central Asia,36981559,59.75951419462873,4.106923682215502,2.2455230436164624,28.485999343231942,59.8096513205543,85.37490906,110.87428302194462,16368.6239689025,1449.3710230009503,3.9623358193017353,1,1,1,1,,34667.25,937.4199178568972,6.844197522451711,1.41558,3558.20467,1.65863867,1,1,1,1,1
POL,Poland,2022,56.01,0.15,24.97,184.42,2114,0,,1,211,1,1.65863867,1,Low - Medium (10-20%),Europe & Central Asia,36821749,57.41172153446595,4.067516580900991,2.806069303578051,29.181482496734766,59.8315488048321,86.94113479,123.02133286034473,17303.644943229963,1455.6614353109626,4.025530246221741,1,1,1,1,,31398.78,852.7237530189019,6.749607667242758,1.44162,3721.07204,1.65863867,1,1,1,1,1
POL,Poland,2023,56.84,0.15,24.5,189.75,2558,0,,1,141,1,1.65863867,1,Low - Medium (10-20%),Europe & Central Asia,36687353,69.72429981525242,4.258789217036149,2.7653710946764445,29.390379805544153,59.8859561370214,86.414744,110.0249350418151,17410.383013706578,,4.0402403032289,1,1,1,0,,31218.47,850.9327451342701,6.747507586077743,1.55525,3675.06022,1.65863867,1,1,1,1,1
PRK,"Korea, Democratic People's Republic of",2016,1.81,0.37,6.21,6.8,3,0,,0,,0,2.322401108,2,Medium - High (20-40%),East Asia & Pacific,25698326,0.11673912145094588,0.11041293994537658,,,61.5681351428803,,,,2607.173712404458,0.5933268452777344,0,0,0,0,"agri_share, industry_share, internet_share, trade_share",42.06,1.6366824827422612,0.9695214916050653,,,2.322401108,1,0,0,0,0
PRK,"Korea, Democratic People's Republic of",2017,1.74,0.37,5.77,6.64,3,0,,0,,0,2.322401108,2,Medium - High (20-40%),East Asia & Pacific,25817709,0.11619931110076422,0.10992944218938985,,,61.8206076091402,,,,2595.1179479170673,0.5538851132264376,0,0,0,0,"agri_share, industry_share, internet_share, trade_share",56.18,2.176025765880311,1.1556306560346992,,,2.322401108,1,0,0,0,0
PRK,"Korea, Democratic People's Republic of",2018,1.66,0.36,5.23,6.67,10,0,,0,,0,2.322401108,2,Medium - High (20-40%),East Asia & Pacific,25931147,0.3856366245581038,0.32615969075016554,,,62.0826119807623,,,,2583.7653845392956,0.5068176023684519,0,0,0,0,"agri_share, industry_share, internet_share, trade_share",87.9,3.389745929865733,1.4792713506664255,,,2.322401108,1,0,0,0,0
PRK,"Korea, Democratic People's Republic of",2019,1.68,0.33,5.39,6.86,7,0,,0,,0,2.322401108,2,Medium - High (20-40%),East Asia & Pacific,26037632,0.26884165195974813,0.23810439919675289,,,62.3542226611578,,,,2573.1986687575886,0.5187937934151675,0,0,0,0,"agri_share, industry_share, internet_share, trade_share",143.03,5.493203068543253,1.8707559480324079,,,2.322401108,1,0,0,0,0
PRK,"Korea, Democratic People's Republic of",2020,1.6,0.34,5,6.55,6,0,,0,,0,2.322401108,2,Medium - High (20-40%),East Asia & Pacific,26136312,0.22956567093322117,0.20666099396280663,,,62.6355140538495,,,,2563.48332542097,0.47000362924573563,0,0,0,0,"agri_share, industry_share, internet_share, trade_share",177.37,6.7863438422375735,2.0523714098157346,,,2.322401108,1,0,0,0,0
PRK,"Korea, Democratic People's Republic of",2021,1.59,0.36,5.04,6.26,9,0,,0,,0,2.322401108,2,Medium - High (20-40%),East Asia & Pacific,26232534,0.34308542209456394,0.2949695209499052,,,62.926560562457,,,,2554.080364481754,0.4637340162321402,0,0,0,0,"agri_share, industry_share, internet_share, trade_share",238.88,9.106249514438826,2.3131539962976464,,,2.322401108,1,0,0,0,0
PRK,"Korea, Democratic People's Republic of",2022,1.59,0.35,5.39,5.9,16,0,,0,,0,2.322401108,2,Medium - High (20-40%),East Asia & Pacific,26328845,0.6076985146898772,0.47480366231366106,,,63.2274365906829,,,,2544.7375302638607,0.4637340162321402,0,0,0,0,"agri_share, industry_share, internet_share, trade_share",247.74,9.409451876829387,2.3427142277179986,,,2.322401108,1,0,0,0,0
PRK,"Korea, Democratic People's Republic of",2023,1.65,0.34,5.61,6.2,15,0,,0,,0,2.322401108,2,Medium - High (20-40%),East Asia & Pacific,26418204,0.5677903009606559,0.4496671763524406,,,63.5382165423021,,,,,0.5007752879124892,0,0,0,0,"agri_share, industry_share, internet_share, trade_share",269.28,10.19297148284569,2.4152860351370387,,,2.322401108,1,0,0,0,0
PRT,Portugal,2016,27.15,0.42,17.96,157.09,1066,0,10,1,21,1,3.260032396,3,High (40-80%),Europe & Central Asia,10325452,103.24003249446126,4.6466962445439135,1.9223584083783245,19.44817809483103,61.1343011242723,70.423567088723,79.52234648440006,19662.82312461998,3680.2262990520903,3.3013770463799443,1,1,1,1,,14038.15,1359.5676005273183,7.215657244991332,1.2815,3992.1096900000002,3.260032396,1,1,1,1,1
PRT,Portugal,2017,29.03,0.48,18.66,156.57,1125,0,9,1,193,1,3.260032396,3,High (40-80%),Europe & Central Asia,10300300,109.22011980233586,4.7024794553927665,1.963673452068245,19.249383312706165,61.1296726507436,73.7912139515729,84.80779230695387,20364.196273594596,3689.2129355455663,3.3683297780365384,1,1,1,1,,14109.14,1369.7795209848257,7.223134850426374,1.32224,4348.10903,3.260032396,1,1,1,1,1
PRT,Portugal,2018,30.69,0.48,19.23,166.67,1232,0,16,1,155,1,3.260032396,3,High (40-80%),Europe & Central Asia,10283822,119.79981761644649,4.794134775701947,1.9181747091866608,19.382043538197507,61.1233069673808,74.6609681487507,86.73569549183993,20997.77459870127,3695.1242446631227,3.4239368686316447,1,1,1,1,,14381.18,1398.4275496016946,7.243818538842108,1.35078,4614.40041,3.260032396,1,1,1,1,1
PRT,Portugal,2019,30.76,0.52,19.4,168.44,1446,0,11,1,123,1,3.260032396,3,High (40-80%),Europe & Central Asia,10286263,140.5758340030777,4.952835502874819,1.9999184576970395,18.886083188208,61.114927250613,75.3463779408712,86.77098890835859,21569.1874752919,3694.247366609234,3.4262151446374434,1,1,1,1,,15862.54,1542.1091216508853,7.341554570310342,1.39487,4859.21726,3.260032396,1,1,1,1,1
PRT,Portugal,2020,28.33,0.51,18.37,151.54,1417,0,11,1,66,1,3.260032396,3,High (40-80%),Europe & Central Asia,10297081,137.6118144549897,4.9316773245009555,2.1408969252042844,19.394533342224094,61.1042566768691,78.26166044,76.5086407209215,19778.713952572198,3690.366230973613,3.3439213138424253,1,1,1,1,,16428.64,1595.4657441269035,7.375547555067074,1.60979,5131.43982,3.260032396,1,1,1,1,1
PRT,Portugal,2021,29.71,0.54,19.75,157.9,1748,0,4,1,299,1,3.260032396,3,High (40-80%),Europe & Central Asia,10361831,168.69605381519926,5.134008918081762,2.1620462983815076,19.312836959792996,61.0951249296597,82.30902804,85.87354521489755,20747.69907341633,3667.305517721723,3.391483689474516,1,1,1,1,,18387.68,1774.558955844773,7.481870557038718,1.66711,5430.93667,3.260032396,1,1,1,1,1
PRT,Portugal,2022,31.82,0.51,21.19,169.34,1794,0,,1,171,1,3.260032396,3,High (40-80%),Europe & Central Asia,10434332,171.93242461520296,5.152900909029473,1.9054367619393517,18.403242855589774,61.1259255772782,84.49690644,101.36414647943451,22042.868028364705,3641.8239327634965,3.4600950229096408,1,1,1,1,,18212.56,1745.4457074971356,7.465337977303421,1.69051,5686.65428,3.260032396,1,1,1,1,1
PRT,Portugal,2023,32.78,0.58,20.98,175.9,2004,0,,1,103,1,3.260032396,3,High (40-80%),Europe & Central Asia,10578174,189.44668522185398,5.249372287794693,2.13721069426312,18.711893724423565,61.2048652633664,85.79012676,93.13585370720384,22417.163406090614,,3.4898185733156835,1,1,1,0,,18225.29,1722.9145597340334,7.452352890676528,1.69491,5983.27041,3.260032396,1,1,1,1,1
PRY,Paraguay,2016,12.99,0.18,63.13,58.8,21,0,0,1,0,1,0.000343884,0,Low (<10%),Latin America & Caribbean,6249126,3.3604699281147474,1.4725798332306097,10.696513407524181,34.49678032178197,62.0827613208606,53.4041274791009,67.75931523220468,6041.958793672685,18722.618170925023,2.5641798306825083,1,1,1,1,,105.48,16.879160381787788,2.883635810129795,0.11676,132.3061,0.000343884,1,1,1,1,1
PRY,Paraguay,2017,13.65,0.18,66.97,61.54,13,0,0,1,0,1,0.000343884,0,Low (<10%),Latin America & Caribbean,6338660,2.05090665850511,1.115438811528452,10.184824482152116,34.39375891345336,62.9526389826574,61.0757562215797,71.08013440383768,6243.1336313905795,18458.15992654599,2.613739521630969,1,1,1,1,,140.94,22.23498341920848,3.145659048923968,0.14888,147.43833,0.000343884,1,1,1,1,1
PRY,Paraguay,2018,14.1,0.18,67.05,64.48,22,0,0,1,0,1,0.000343884,0,Low (<10%),Latin America & Caribbean,6427382,3.4228555265580916,1.4867855342238543,9.950203385488557,33.55617521363715,63.9248988239553,64.9935430235756,72.06922362591496,6354.239200529697,18203.368027604396,2.6461747973841225,1,1,1,1,,107.33,16.69886743934,2.873500651054595,0.14684,152.27558,0.000343884,1,1,1,1,1
PRY,Paraguay,2019,14.14,0.18,66.96,64.83,20,0,0,1,0,1,0.000343884,0,Low (<10%),Latin America & Caribbean,6515058,3.0698115043641976,1.403596684957974,9.667473664167268,33.48931143306567,64.9845298299929,68.5176284222264,71.22216173424327,6243.53620897773,17958.397300530556,2.6490076604684267,1,1,1,1,,184.78,28.36198848882082,3.379700929273762,0.13751,169.35536,0.000343884,1,1,1,1,1
PRY,Paraguay,2020,13.92,0.2,68.38,62.7,26,0,0,1,0,1,0.000343884,0,Low (<10%),Latin America & Caribbean,6603739,3.937163476630436,1.5967909712726611,10.727990282211525,34.204299221925,66.116520986009,73.95751114,62.76021747485606,6109.196081006152,17717.235644836965,2.6333266549062735,1,1,1,1,,204.26,30.93096198986665,3.463576134361375,0.15697,141.19046,0.000343884,1,1,1,1,1
PRY,Paraguay,2021,14.37,0.21,74.88,62.82,41,0,1,1,0,1,0.000343884,0,Low (<10%),Latin America & Caribbean,6684182,6.1338844453966095,1.9648558890758556,11.282725434347315,34.65753973257793,67.3058612772421,77.01838621,69.73201268271586,6276.774842366298,17504.01171003423,2.6651427000909336,1,1,1,1,,227.95,34.10290144702822,3.5582837893639763,0.14398,142.72905,0.000343884,1,1,1,1,1
PRY,Paraguay,2022,14.45,0.21,74.63,63.47,21,0,,1,0,1,0.000343884,0,Low (<10%),Latin America & Caribbean,6760464,3.1062956625462395,1.412521323443746,10.926574959013696,34.28427655858231,68.6396537819458,76.25916611,73.87363114441192,6204.208115319106,17306.504405614764,2.670694414558441,1,1,1,1,,235.52,34.837845449661444,3.5790044704978454,0.11944,133.19638,0.000343884,1,1,1,1,1
PRY,Paraguay,2023,15.03,0.22,75.34,66.93,25,0,,1,0,1,0.000343884,0,Low (<10%),Latin America & Caribbean,6844146,3.65275667702004,1.5374598777104973,11.705063947167494,32.86913447472002,69.3466081733694,78.09481878,82.57772522965162,6452.285668400343,,2.710048203764883,1,1,1,0,,253.35,37.01703616492109,3.6380343793904446,0.14117,138.79238,0.000343884,1,1,1,1,1
QAT,Qatar,2016,190.27,1.05,604.64,181.16,209,0,,0,0,1,5,4,Extremely High (>80%),Middle East & North Africa,2477113,84.37241256252742,4.447023010697024,0.18387226965198164,53.2052600553192,98.9855265345423,95.1246621661148,89.54760011993514,67294.45857713559,22.6069622177107,5.248444116052309,1,0,1,1,,1421.97,574.04325115568,6.3544452573696955,,,5,1,1,0,0,1
QAT,Qatar,2017,200.59,1.53,2681.81,135.09,189,0,,0,0,1,5,4,Extremely High (>80%),Middle East & North Africa,2545820,74.23934135170595,4.3206742504299465,0.2147415367573961,56.68796531694529,99.0310125265978,97.3888491654164,91.4945879195194,64497.69872253751,21.996841881986942,5.301263023836606,1,0,1,1,,1410.61,554.0886629848143,6.319127854113054,,,5,1,1,0,0,1
QAT,Qatar,2018,230.04,1.17,2783.14,180.5,245,0,,0,0,1,5,4,Extremely High (>80%),Middle East & North Africa,2580734,94.93423188906722,4.56366287220134,0.21825764624284183,60.381523494842504,99.0755684762244,99.6528491261175,91.838448978201,64410.81712809806,21.699253003215365,5.438253206845554,1,0,1,1,,1500.07,581.2571152238085,6.366912128911009,0.53129,585.61288,5,1,1,1,1,1
QAT,Qatar,2019,196.92,1.38,2139.55,151.7,264,0,,0,1,1,5,4,Extremely High (>80%),Middle East & North Africa,2638657,100.050897104095,4.615624321634022,0.26000531511157854,57.16456607803507,99.1191696672067,99.6528042086389,90.0463755485388,63430.46076095814,21.2229175675353,5.28279755489,1,0,1,1,,1747.44,662.2459834681052,6.497145937165521,,,5,1,1,0,0,1
QAT,Qatar,2020,191.6,1.73,1869.99,164.88,363,0,,0,0,1,5,4,Extremely High (>80%),Middle East & North Africa,2794148,129.9143781932811,4.874543507932516,0.3387503964925916,52.333430723643026,99.1617913833034,99.65284913,90.01909488331022,57769.60410435396,20.041887544968986,5.25540986553676,1,0,1,1,,2230.15,798.150276935939,6.683549009352723,,,5,1,1,0,0,1
QAT,Qatar,2021,194.05,1.52,2469.76,142.3,437,0,,0,13,1,5,4,Extremely High (>80%),Middle East & North Africa,2504910,174.45736573369902,5.167396083101264,0.2982396800884906,59.98400879550777,99.203408908243,99.65280151,92.77915857151245,65488.511791112265,22.356092634066695,5.268115857814915,1,0,1,1,,2522.3,1006.9423651947575,6.915666269610472,0.68058,947.77921,5,1,1,1,1,1
QAT,Qatar,2022,190.53,1.41,2745.92,115.34,555,0,,0,4,1,5,4,Extremely High (>80%),Middle East & North Africa,2657333,208.85602218464905,5.3464216869358525,0.2565596177505393,65.3488994932063,99.243997525719,98.03800201,100.21364719961771,64315.62636436993,21.073760797009633,5.249809662482993,1,0,1,1,,2451.09,922.3872205703991,6.828048670438892,,,5,1,1,0,0,1
QAT,Qatar,2023,196.12,1.63,2557.53,137.16,687,0,,0,3,1,5,4,Extremely High (>80%),Middle East & North Africa,2656032,258.6565222105758,5.559359689214498,0.2927791312498115,60.368050787175164,99.2835325193835,98.15229797,,65111.03332148503,,5.278726716783033,0,0,0,0,trade_share,2471.29,930.4443621161191,6.836736458913834,,,5,1,0,0,0,0
ROU,Romania,2016,24.5,0.19,12.03,101.7,823,0,2,1,1,1,1.188014819,1,Low - Medium (10-20%),Europe & Central Asia,19702267,41.7718428036733,3.7558800076719385,4.292175372552398,30.121384746315492,53.5528171972639,59.5039512852713,85.8925282906884,9286.87678236598,2151.02150427664,3.1986731175506815,1,1,1,1,,9292.66,471.65435327822934,6.158364367192311,0.48863,910.44851,1.188014819,1,1,1,1,1
ROU,Romania,2017,25.2,0.28,12.12,113.56,802,0,5,1,0,1,1.188014819,1,Low - Medium (10-20%),Europe & Central Asia,19588715,40.94194029572639,3.73628628801181,4.438842836821937,29.11309331878538,53.3648643239046,63.7472821822484,87.15606456678009,10106.226955725268,2163.4905607641954,3.2268439945173775,1,1,1,1,,9590.84,489.61047215195083,6.195650477197779,0.50693,887.74694,1.188014819,1,1,1,1,1
ROU,Romania,2018,28.22,0.34,13.77,116.9,900,0,5,1,1,1,1.188014819,1,Low - Medium (10-20%),Europe & Central Asia,19473970,46.215537971969766,3.854723032740341,4.506608892804275,29.10751092388515,53.1445711571868,70.6812779273268,87.0911701095809,10714.170115712675,2176.2383325023097,3.340030946424668,1,1,1,1,,9157.14,470.2246126496035,6.155334864949468,0.49698,876.17129,1.188014819,1,1,1,1,1
ROU,Romania,2019,27,0.31,12.58,116.92,1096,0,6,1,5,1,1.188014819,1,Low - Medium (10-20%),Europe & Central Asia,19371648,56.57753021322708,4.053132391128058,4.311478313199922,27.7745670712094,52.8931835224862,73.6574757545465,84.90636305847933,11197.3162915853,2187.7333306902956,3.295836866004329,1,1,1,1,,10251.3,529.190908279977,6.273237145990016,0.47491,887.46612,1.188014819,1,1,1,1,1
ROU,Romania,2020,24.73,0.34,12.03,123.88,1228,0,9,1,6,1,1.188014819,1,Low - Medium (10-20%),Europe & Central Asia,19265250,63.74171111197623,4.170405678670539,4.071844262406822,26.621878780317637,52.611947245178,78.45526895,78.36164635627091,10854.04943188705,2199.8157303954013,3.208017081533325,1,1,1,1,,9723,504.69108887764236,6.225925986569481,0.46414,942.32049,1.188014819,1,1,1,1,1
ROU,Romania,2021,24.3,0.27,12.22,110.36,1271,0,12,1,39,1,1.188014819,1,Low - Medium (10-20%),Europe & Central Asia,19122059,66.46773760085146,4.211649522149624,4.616339720377999,26.20492111653862,52.2321512130811,83.5904265,87.07119654601449,11546.322499807226,2216.2885283431037,3.190476350346503,1,1,1,1,,10812.95,565.4699632502965,6.339424057438881,0.47108,988.67695,1.188014819,1,1,1,1,1
ROU,Romania,2022,25.03,0.31,13.05,120.73,1219,0,,1,35,1,1.188014819,1,Low - Medium (10-20%),Europe & Central Asia,19048502,63.994533533398055,4.174303166872893,3.8180329334626992,27.599177176216806,52.1634832477272,85.50309124,93.9496509383447,12076.303381189637,2224.84686722347,3.2200751054436827,1,1,1,1,,10478.75,550.1088747031131,6.311932384376137,0.46274,998.72545,1.188014819,1,1,1,1,1
ROU,Romania,2023,25.93,0.33,12.89,120.53,1327,0,,1,78,1,1.188014819,1,Low - Medium (10-20%),Europe & Central Asia,19061062,69.61836648975803,4.257290259246564,3.324169099167977,27.087214365757422,52.1645747011867,89.20335498,83.37533240622314,12340.817050996884,,3.255400599550573,1,1,1,0,,10712.88,562.0295448385824,6.333332104273597,0.51656,1082.10503,1.188014819,1,1,1,1,1
RUS,Russian Federation,2016,18.19,0.06,12.63,44.91,1660,0,140,1,8,1,1.167592537,1,Low - Medium (10-20%),Europe & Central Asia,145015460,11.447055369130988,2.521484078400606,3.8402172845995084,29.173905066920824,74.3703138709243,73.091434617897,46.518119839609604,9269.3173828125,29734.760693790857,2.900871992530031,1,1,1,1,,58820.71,405.616821820239,6.007871272252468,1.10238,2946.99732,1.167592537,1,1,1,1,1
RUS,Russian Federation,2017,18.74,0.06,13.67,46.49,2135,0,192,1,14,1,1.167592537,1,Low - Medium (10-20%),Europe & Central Asia,145293260,14.694418722520233,2.753305153769923,3.553632089909759,30.673296885343714,74.460036813029,76.0081385339105,46.87652433713111,9418.99609375,29677.907977286766,2.930660276810276,1,1,1,1,,64643.52,444.91754125415036,6.10013404984633,1.10967,2811.96725,1.167592537,1,1,1,1,1
RUS,Russian Federation,2018,18.99,0.05,14.4,47.32,2775,0,215,1,48,1,1.167592537,1,Low - Medium (10-20%),Europe & Central Asia,145398106,19.085530591437003,2.999999684760647,3.394253380697601,32.554298053084054,74.5442926137992,80.8647218726954,51.5809003703964,9674.787109375,29656.507355054542,2.9439125248241944,1,1,1,1,,72112.25,495.96416338463166,6.208517917630943,0.99001,2772.63667,1.167592537,1,1,1,1,1
RUS,Russian Federation,2019,19.48,0.05,14.56,48.92,3735,0,176,1,28,1,1.167592537,1,Low - Medium (10-20%),Europe & Central Asia,145453291,25.67834645968925,3.283852242353517,3.5303029139216644,32.15049583653793,74.6222859951926,82.6421618670668,49.22875366190334,9882.0244140625,29645.255671801882,2.969388298214389,1,1,1,1,,84801.9,583.0180906666457,6.369931959517358,1.03531,2734.68619,1.167592537,1,1,1,1,1
RUS,Russian Federation,2020,18.91,0.06,13.22,49.05,4177,0,194,1,29,1,1.167592537,1,Low - Medium (10-20%),Europe & Central Asia,145245148,28.758275629282984,3.39310726572174,4.006351634015461,29.717124581429545,74.6932216791674,84.99466978,45.966908202912734,9632.3251953125,29687.738691278002,2.9396908826703663,1,1,1,1,,88564.43,609.7582688269904,6.414701248854208,1.09099,2710.16353,1.167592537,1,1,1,1,1
RUS,Russian Federation,2021,19.92,0.06,14.8,50.19,4718,0,60,1,22,1,1.167592537,1,Low - Medium (10-20%),Europe & Central Asia,144746762,32.59485694056493,3.514372988008081,3.6715637899051656,31.785999154859155,74.7516840220252,88.21384578,50.586195462175176,10231.318359375,29789.958272089014,2.991724252156452,1,1,1,1,,90676.68,626.450490132553,6.441664767705989,0.96602,2647.79283,1.167592537,1,1,1,1,1
RUS,Russian Federation,2022,19.72,0.06,14.92,49.2,3665,0,,1,1,1,1.167592537,1,Low - Medium (10-20%),Europe & Central Asia,144236933,25.409580776374384,3.2737268525130183,3.418909016330344,32.19812198097174,74.8544893625017,90.41799163,42.766308231334946,10119.115234375,29895.255745627925,2.9816333491744893,1,1,1,1,,83451.32,578.5710931610007,6.362288335429499,0.91494,2657.93662,1.167592537,1,1,1,1,1
RUS,Russian Federation,2023,20.48,0.06,15.17,51.65,3638,0,,1,117,1,1.167592537,1,Low - Medium (10-20%),Europe & Central Asia,143826130,25.29443015674551,3.2693571356425943,3.0193931681281287,30.7976211679525,74.9805047873279,92.24496346,41.33951164929329,10560.4658203125,,3.019448800171307,1,1,1,0,,85558.11,594.8718080643621,6.390025556790461,0.93518,2652.98533,1.167592537,1,1,1,1,1
RWA,Rwanda,2016,11.55,0.28,112.5,23.75,4,0,,0,0,1,0,0,Low (<10%),Sub-Saharan Africa,11919183,0.3355934714652841,0.28937574098413393,24.29547887776879,17.02982638697522,19.1213951786548,14.63710022,50.08973657055999,748.7981320681735,797.0344947300499,2.446685436967803,1,1,1,1,,119.84,10.054380405099915,2.4028267661625238,0.64945,13.73163,0,1,1,1,1,1
RWA,Rwanda,2017,11.34,0.32,129.09,22.57,2,0,,0,0,1,0,0,Low (<10%),Sub-Saharan Africa,12202060,0.16390675017169232,0.15178223456379866,25.634249072852068,17.451115047202308,20.2477568101111,17.2,54.20796566021393,765.845359390541,778.5570633155386,2.428336298299606,1,1,1,1,,117.86,9.65902478761783,2.366406931214928,,,0,1,1,0,0,1
RWA,Rwanda,2018,12.11,0.34,151.19,23.95,4,0,,0,0,1,0,0,Low (<10%),Sub-Saharan Africa,12487996,0.32030759779231194,0.2778647380818648,23.264249690827562,17.563058387792594,21.5418444579064,19.16659927,47.98305786572475,808.7048127521272,760.7305447567408,2.494031557565001,1,1,1,1,,156.66,12.544847067535896,2.606006184778294,,,0,1,1,0,0,1
RWA,Rwanda,2019,12.67,0.37,193.64,24.61,15,0,,0,0,1,0,0,Low (<10%),Sub-Saharan Africa,12776103,1.1740669279200395,0.7765995738369441,21.55830905974519,19.2240401187369,22.9711026997362,21.3579998,48.892715033758996,863.8720775831724,743.575721016025,2.5392369943330477,1,1,1,1,,189.25,14.812811073924497,2.7608204389534916,0.75853,58.74162,0,1,1,1,1,1
RWA,Rwanda,2020,11.99,0.43,184.41,22.6,32,0,,0,0,1,0,0,Low (<10%),Sub-Saharan Africa,13065837,2.4491350994199608,1.238123503793517,24.189169410227144,19.141538869256877,24.5029761132966,23.8,44.35118406049669,821.2571332827578,727.0869826403008,2.4840729690394228,1,1,1,1,,277.92,21.27073833846236,3.1032736346695105,,,0,1,1,0,0,1
RWA,Rwanda,2021,13.84,0.46,227.53,25.54,41,0,,0,0,1,0,0,Low (<10%),Sub-Saharan Africa,13355260,3.0699514648161097,1.4036310742767921,21.431632720250665,21.198032822828942,26.1049092762833,24.4416008,59.80079939350179,871.0418353041873,711.3302174573913,2.6275629501895237,1,1,1,1,,332.31,24.882331006659548,3.2535605353857595,,,0,1,1,0,0,1
RWA,Rwanda,2022,14.9,0.52,263.36,26.68,52,0,,0,0,1,0,0,Low (<10%),Sub-Saharan Africa,13651030,3.809236372640013,1.5705383132273396,21.928553738002627,21.753506532249432,27.7806702737761,28.01679993,60.9591709408266,935.8948325426397,695.9181834630793,2.7013612129514133,1,1,1,1,,360.56,26.41265897152083,3.3110049129618773,,,0,1,1,0,0,1
RWA,Rwanda,2023,15.72,0.61,290.9,27.48,112,0,,0,0,1,0,0,Low (<10%),Sub-Saharan Africa,13954471,8.026101455225353,2.200120541672388,23.137305760523674,21.476867968026188,28.8555310645477,28.80579948,66.89258393394718,993.9110046435243,,2.7549337870010606,1,1,1,0,,433.51,31.066028945131634,3.4677971814398374,0.78149,133.11989,0,1,1,1,1,1
SAU,Saudi Arabia,2016,28.2,1.02,274.97,120.12,653,0,0,1,1063,1,4.980808426,4,Extremely High (>80%),Middle East & North Africa,30954198,21.095684662868667,3.0953823253335964,2.9180229944467615,42.53059620132792,83.129128630626,74.8792746891625,57.92166351103645,22783.032853868546,77.53390994009924,3.339321977944068,1,1,1,1,,9057.32,292.60393049110814,5.682231683882047,,,4.980808426,1,1,0,0,1
SAU,Saudi Arabia,2017,29.22,1.03,299.22,115.35,757,0,0,1,22,1,4.980808426,4,Extremely High (>80%),Middle East & North Africa,30977355,24.4372058234152,3.2362128984544762,2.8352570089087212,44.8899324686986,83.300690534822,94.1755996113911,59.53197915782293,23035.1199977707,77.47594977040487,3.3748534063225533,1,1,1,1,,9764.42,315.21154727380696,5.756411443001069,,,4.980808426,1,1,0,0,1
SAU,Saudi Arabia,2018,26.6,0.83,242.27,98.63,1013,0,2,1,791,1,4.980808426,4,Extremely High (>80%),Middle East & North Africa,30196281,33.54717754812256,3.5423258550712964,2.413961543852557,49.01474394953044,83.4708425884849,93.3100018480347,59.10291046971411,24393.5188306638,79.47998629367636,3.2809112157876537,1,1,1,1,,10329.52,342.0792116751066,5.837961358332204,,,4.980808426,1,1,0,0,1
SAU,Saudi Arabia,2019,26.82,0.87,228.87,105.64,1539,0,1,1,205,1,4.980808426,4,Extremely High (>80%),Middle East & North Africa,30063799,51.19113522545837,3.954912657199908,2.4538465646148095,45.72344598717562,83.6394643268678,95.7247355953812,56.79382048865131,24905.669742855847,79.83023037108516,3.2891478778535324,1,1,1,1,,12289.58,408.783334401617,6.015628567339042,,,4.980808426,1,1,0,0,1
SAU,Saudi Arabia,2020,25.5,0.97,187.53,111.99,2312,0,0,1,29722,1,4.980808426,4,Extremely High (>80%),Middle East & North Africa,31552510,73.27467767223591,4.30777008168575,2.9555697462720723,38.30045450804687,83.8064352851942,97.8623325,47.53315922504798,22827.671935547995,76.06367924453554,3.2386784521643803,1,1,1,1,,16098.89,510.2253354804419,6.236810462634216,0.47618,512.05775,4.980808426,1,1,1,1,1
SAU,Saudi Arabia,2021,26.3,0.92,222.6,103.93,3247,0,1,1,2345,1,4.980808426,4,Extremely High (>80%),Middle East & North Africa,30784383,105.47555882474565,4.667915464208236,2.448127926916273,45.957331100122964,83.9716349986538,100,50.88392633987874,24922.671694894445,77.9616080010439,3.269568939183719,1,1,1,1,,19810.93,643.5383161650503,6.468534271605198,0.39379,794.29927,4.980808426,1,1,1,1,1
SAU,Saudi Arabia,2022,28.7,0.89,290.79,94.39,4803,0,,1,1928,1,4.980808426,4,Extremely High (>80%),Middle East & North Africa,32175224,149.27635002634324,5.012475932590367,2.2147915908036357,53.1237705884733,84.1349430023993,100,56.824164774933216,26706.91792606596,74.59155529111467,3.3568971227655755,1,1,1,1,,22901.43,711.7722008710803,6.569161875495803,0.41439,958.18871,4.980808426,1,1,1,1,1
SAU,Saudi Arabia,2023,28.24,0.99,253.95,105.34,5240,0,,1,2553,1,4.980808426,4,Extremely High (>80%),Middle East & North Africa,33702731,155.4770146075106,5.052909127676026,2.4576924533004734,47.60529864916527,84.2962388315415,100,55.79746823254867,25634.82375478405,,3.3407394126250414,1,1,1,0,,24594.79,729.7565885684457,6.5940804201237455,0.49487,1120.62603,4.980808426,1,1,1,1,1
SDN,Sudan,2016,2.62,0.19,208.56,52.84,43,0,,0,,0,1.457958178,1,Low - Medium (10-20%),Sub-Saharan Africa,41259892,1.0421743227054496,0.7140150847106567,31.60000000156383,16.900000001563832,34.1881958841213,14.0999999446534,15.281669890346109,1297.15454101563,96.94644862376276,0.9631743177730056,1,0,1,1,,350.02,8.483298986822359,2.2495322501214705,,,1.457958178,1,1,0,0,1
SDN,Sudan,2017,2.79,0.18,210.27,57.58,62,0,,0,,0,1.457958178,1,Low - Medium (10-20%),Sub-Saharan Africa,42714306,1.4515043273792156,0.8967018473040913,31.799999998269808,17.299999999134904,34.2872225663509,18.60000038,17.83138982971024,1261.87353515625,93.64544047607843,1.0260415958332743,1,0,1,1,,326.86,7.65223716850275,2.1578179197010967,,,1.457958178,1,1,0,0,1
SDN,Sudan,2018,2.98,0.15,293.43,57.07,65,0,,0,,0,1.457958178,1,Low - Medium (10-20%),Sub-Saharan Africa,44230596,1.4695709729979674,0.9040444404106143,21.999999999848022,20.699999999148925,34.382054222005,,21.86791872743227,1185.94445800781,90.43513679987491,1.091923300517313,0,0,0,0,internet_share,376.59,8.514242041866222,2.252789838286254,,,1.457958178,1,0,0,0,0
SDN,Sudan,2019,2.97,0.17,269.22,58.23,66,0,,0,,0,1.457958178,1,Low - Medium (10-20%),Sub-Saharan Africa,45548175,1.449015245945639,0.8956860033265777,20.199999999539983,21.799999999948888,34.4727685824236,,26.11962045526248,1126.55297851563,87.81910581488721,1.0885619528146082,0,0,0,0,internet_share,373.18,8.193083476999902,2.2184514053364093,,,1.457958178,1,0,0,0,0
SDN,Sudan,2020,2.85,0.16,252.28,56.53,56,0,,0,,0,1.457958178,1,Low - Medium (10-20%),Sub-Saharan Africa,46789231,1.1968566014688296,0.7870275211169947,20.4,21.5,34.5594433789246,,9.955145076261505,1056.86474609375,85.48975724777354,1.0473189942805592,0,0,0,0,internet_share,375.71,8.029839173890247,2.200534557069875,,,1.457958178,1,0,0,0,0
SDN,Sudan,2021,2.82,0.16,261.06,55.06,97,0,,0,,0,1.457958178,1,Low - Medium (10-20%),Sub-Saharan Africa,48066924,2.0180197093535672,1.1046008909252498,20.199999999964145,22.50000000003735,34.6421563427994,,4.127548638284258,1009.54888916016,83.21730760220895,1.0367368849500223,0,0,0,0,internet_share,531.71,11.061868656292631,2.490049125920647,,,1.457958178,1,0,0,0,0
SDN,Sudan,2022,2.78,0.16,251.97,54.67,79,0,,0,,0,1.457958178,1,Low - Medium (10-20%),Sub-Saharan Africa,49383346,1.5997295930494462,0.9554074369454933,26.400000000000002,22.2,34.7209852053086,,2.698834435858558,973.225280761719,80.99896673668083,1.0224509277025455,0,0,0,0,internet_share,490.76,9.93776322892337,2.3922213180385583,,,1.457958178,1,0,0,0,0
SDN,Sudan,2023,2.35,0.04,221.56,48.13,88,0,,0,,0,1.457958178,1,Low - Medium (10-20%),Sub-Saharan Africa,50042791,1.7584950447707843,1.014685257379554,30.275676007597475,28.33641873591215,34.7960076976764,,2.473728782676652,677.723205566406,,0.8544153281560676,0,0,0,0,internet_share,470.62,9.40435156784121,2.342224138618828,,,1.457958178,1,0,0,0,0
SEN,Senegal,2016,5.85,0.07,740.06,39.21,9,0,,0,0,1,2.220100987,2,Medium - High (20-40%),Sub-Saharan Africa,15034521,0.5986223305684298,0.4691422149402115,14.4140203888971,23.344053510131168,47.0553579909929,25.66480064,54.108169207213855,1257.409069162384,1716.050680962832,1.766441661243765,1,1,1,1,,326.83,21.7386373666311,3.1240655642152393,,,2.220100987,1,1,0,0,1
SEN,Senegal,2017,6.26,0.08,2492.2,40.63,18,0,,0,0,1,2.220100987,2,Medium - High (20-40%),Sub-Saharan Africa,15475002,1.1631662470867532,0.7715730035119513,15.004539576469064,23.312661635380856,47.9338349639053,29.64310074,57.81656781199045,1312.1093277587802,1667.2049541576796,1.8341801851120072,1,1,1,1,,343.04,22.167363855591102,3.1427445579357536,,,2.220100987,1,1,0,0,1
SEN,Senegal,2018,5.49,0.07,3307.37,43.9,28,0,,0,0,1,2.220100987,2,Medium - High (20-40%),Sub-Saharan Africa,15914498,1.759402024493641,1.0150139984632096,14.987519557884719,24.013445388622664,48.9001692274485,35.29999924,61.78983947931829,1355.0961086353266,1621.1632939977121,1.7029282555214393,1,1,1,1,,373.37,23.46099763875681,3.197079915966804,,,2.220100987,1,1,0,0,1
SEN,Senegal,2019,5.63,0.07,3433.5,45.8,24,0,,0,0,1,2.220100987,2,Medium - High (20-40%),Sub-Saharan Africa,16352922,1.467627620311526,0.9032572114790344,14.896272123444476,23.572809620657818,49.9443321273477,43.37969971,64.23625060610054,1379.6087524984287,1577.6996918348905,1.728109442151599,1,1,1,1,,400.25,24.47574812623701,3.2377269457526388,,,2.220100987,1,1,0,0,1
SEN,Senegal,2020,5.65,0.08,3413.52,46.07,45,0,,0,0,1,2.220100987,2,Medium - High (20-40%),Sub-Saharan Africa,16789219,2.6802914417877326,1.302991945182962,16.148779482443327,23.209041164580416,51.0562950093282,53.30879974,60.04687161370651,1361.7914374887998,1536.700426624967,1.7316555451583497,1,1,1,1,,447.88,26.67664290995311,3.3205888412393203,,,2.220100987,1,1,0,0,1
SEN,Senegal,2021,6.08,0.08,3779.5,48.97,39,0,,0,0,1,2.220100987,2,Medium - High (20-40%),Sub-Saharan Africa,17220867,2.264694338560306,1.1831661407534384,15.551264622207587,23.912486364859614,52.2260292191155,55.04040146,69.37599398838316,1414.5395109349877,1498.1824085860485,1.8050046959780757,1,1,1,1,,434.2,25.21359696930474,3.2662782444436527,,,2.220100987,1,1,0,0,1
SEN,Senegal,2022,6.32,0.09,4031.36,50.35,41,0,,0,0,1,2.220100987,2,Medium - High (20-40%),Sub-Saharan Africa,17651103,2.3228010170242617,1.2008081070572065,16.333323196840553,24.89997907112373,53.4435061024348,56.82830048,79.3974220189679,1433.1991875228784,1461.6650302250232,1.843719208158766,1,1,1,1,,507.58,28.75627659076036,3.3930400875796285,,,2.220100987,1,1,0,0,1
SEN,Senegal,2023,6.54,0.1,3941.08,53.21,71,0,,0,0,1,2.220100987,2,Medium - High (20-40%),Sub-Saharan Africa,18077573,3.9275183676481347,1.594835487617321,17.411251214186272,22.888647826957015,54.6992276190794,59.18740082,71.59428158468234,1458.9664233274968,,1.8779371654691073,1,1,1,0,,489.62,27.084387931941972,3.335213832331996,,,2.220100987,1,1,0,0,1
SGP,Singapore,2016,450.96,,206.69,767.89,1606,0,60,1,174,1,-9999,-9999,NoData,East Asia & Pacific,5607283,286.41322365930165,5.660920983927081,0.03134424146033024,23.10934875286476,100,84.4522678893074,301.3388662275614,57076.52419367868,107.00369501592839,6.111378643773319,1,1,1,1,,12012.77,2142.3512956274903,7.670125909070036,2.06892,7052.85651,,0,1,0,0,0
SGP,Singapore,2017,474.73,,221.63,803.77,1637,0,115,1,660,1,-9999,-9999,NoData,East Asia & Pacific,5612253,291.6832152791401,5.679090847602406,0.030663495025162968,23.412313535496775,100,84.4522678893074,315.40143345538524,59493.37585957025,106.90893657146248,6.162746221369518,1,1,1,1,,12325.92,2196.2516657748683,7.69496261556251,1.89683,6950.10748,,0,1,0,0,0
SGP,Singapore,2018,498.03,,249.82,823.6,2013,0,220,1,1132,1,-9999,-9999,NoData,East Asia & Pacific,5638676,356.99869969475105,5.880529354256537,0.0300492085211082,25.255849788478677,100,88.1656360313447,325.7258099948532,61101.52525789016,106.40795818025366,6.210660316174094,1,1,1,1,,11922.18,2114.3580514290943,7.656979368608034,1.80836,7002.45715,,0,1,0,0,0
SGP,Singapore,2019,500.18,,236.42,843.57,2369,0,157,1,2059,1,-9999,-9999,NoData,East Asia & Pacific,5703569,415.3539652102043,6.0315357763790125,0.03217572693507136,23.95395330551125,100,88.9492526850762,324.2700885766248,61106.311977535144,105.19728962689852,6.2149680336377395,1,1,1,1,,11605.14,2034.7154562345083,7.618602611633708,1.88845,7509.61271,,0,1,0,0,0
SGP,Singapore,2020,485.82,,218.9,831.51,2838,0,53,1,1232,1,-9999,-9999,NoData,East Asia & Pacific,5685807,499.1375894398104,6.214883239447049,0.032665981568379826,23.22082863875923,100,92.00434653,331.0805568280775,59083.85748415722,105.52591742913539,6.185838184926078,1,1,1,1,,12173.97,2141.1155883412853,7.669549212362812,2.15983,7503.32643,,0,1,0,0,0
SGP,Singapore,2021,683.78,,342.83,1066,3357,0,6,1,3471,1,-9999,-9999,NoData,East Asia & Pacific,5453566,615.5605341532495,6.4241565078136755,0.030170850031638892,24.551309850242564,100,96.92468156,326.5332545876397,67846.8565377728,110.01975588083099,6.527636228459238,1,1,1,1,,12432.16,2279.6386804523863,7.732210805726796,1.93761,7956.39818,,0,1,0,0,0
SGP,Singapore,2022,1007.94,,532.17,1405.89,3409,0,,1,4114,1,-9999,-9999,NoData,East Asia & Pacific,5637022,604.7519417167433,6.40647056516693,0.025684677911882232,23.83923168820691,100,95.95386476,330.2469170628915,68271.08975253018,106.43918012028335,6.915663923050178,1,1,1,1,,12402.6,2200.2042922663777,7.696759895150256,1.80821,8781.74332,,0,1,0,0,0
SGP,Singapore,2023,1013.46,,499.26,1442.99,4477,0,,1,2123,1,-9999,-9999,NoData,East Asia & Pacific,5917648,756.5505754989144,6.630090301489952,0.028889944318019573,22.13884655841072,100,94.28518987,323.70121999189973,65976.70680369032,,6.9211254979203085,1,1,1,0,,11893.6,2009.8525630453182,7.606314071841457,,,,0,1,0,0,0
SLE,Sierra Leone,2016,13.86,3.38,11.77,19.22,0,1,,0,,0,0,0,Low (<10%),Sub-Saharan Africa,7205328,0,0,32.577691338775686,19.515679548632004,41.229411538771,7.680099964,43.06721269699613,1002.7786228201277,22205.78993766835,2.6290069937617573,1,1,1,1,,46.05,6.391103916435171,2.0002771035652516,,,0,1,1,0,0,1
SLE,Sierra Leone,2017,17.52,3.58,15.24,24.39,1,0,,0,,0,0,0,Low (<10%),Sub-Saharan Africa,7379299,0.13551422702888175,0.12708561179267483,33.3320506947837,19.51439050150147,41.7106682105058,9.297100067,41.521378234359105,1010.5469407120731,21682.276324621078,2.8633430855082453,1,1,1,1,,41.67,5.646877840293502,1.8941472467189833,,,0,1,1,0,0,1
SLE,Sierra Leone,2018,22.69,3.37,23.05,30.46,0,1,,0,,0,0,0,Low (<10%),Sub-Saharan Africa,7554563,0,0,34.98523457913372,17.51068634457195,42.2011025267803,14.42230034,37.37746031194125,1015.6678297204992,21179.25285684956,3.1219242987917504,1,1,1,1,,40.34,5.339819126533197,1.846850239104195,,,0,1,1,0,0,1
SLE,Sierra Leone,2019,24.15,3.51,24.95,32.25,4,0,,0,,0,0,0,Low (<10%),Sub-Saharan Africa,7731991,0.5173311764072152,0.4169529866306666,34.54718097891896,17.93045317140958,42.7018444914441,15.71370029,37.56195299672608,1046.9677807859402,20693.24705628861,3.184284380098582,1,1,1,1,,52.07,6.734358588880923,2.045672557365109,,,0,1,1,0,0,1
SLE,Sierra Leone,2020,23.49,3.53,24.29,31.32,3,0,,0,,0,0,0,Low (<10%),Sub-Saharan Africa,7912558,0.37914414023884563,0.32146311854011866,35.12938577700358,17.637532465777376,43.2129659123546,17.12080002,30.613100943757033,1010.2529461475721,20221.020812738432,3.1565747986708215,1,1,1,1,,63.52,8.02774526265716,2.2003026421922423,,,0,1,1,0,0,1
SLE,Sierra Leone,2021,25.48,3.58,28.06,33.2,3,0,,0,,0,0,0,Low (<10%),Sub-Saharan Africa,8094602,0.37061735709797716,0.3152612639577623,33.64434311444221,19.18367413548824,43.7345385973699,18.65390015,42.143516162135406,1045.766161575796,19766.259045225448,3.2378938307039626,1,1,1,1,,73.66,9.099891507945664,2.3125246820019623,,,0,1,1,0,0,1
SLE,Sierra Leone,2022,26.93,3.78,31.91,33.98,2,0,,0,,0,0,0,Low (<10%),Sub-Saharan Africa,8276807,0.2416390765182757,0.21643234266280192,33.7568527151259,20.75638989246327,44.2666343543487,21.50880051,45.05421280958598,1077.0888453850719,19331.126121462057,3.2932409068235073,1,1,1,1,,78.05,9.429964961125709,2.344682909575179,,,0,1,1,0,0,1
SLE,Sierra Leone,2023,30.7,3.44,42.72,35.91,3,0,,0,,0,0,0,Low (<10%),Sub-Saharan Africa,8460512,0.3545884693503183,0.30349769554504324,29.052620242258488,26.07908810109358,44.809324991151,23.71360016,55.28679696876604,1113.868375006968,,3.4242626545931514,1,1,1,0,,86.32,10.202692224773157,2.416154126626965,,,0,1,1,0,0,1
SLV,El Salvador,2016,17.73,0.09,38.13,40.62,2,0,,0,0,1,1.947996154,1,Low - Medium (10-20%),Latin America & Caribbean,6200800,0.3225390272222939,0.2795533945018901,5.732153907396132,24.834827870861705,70.3990173339844,28.99710083,72.81909337314909,3875.846913579542,2520.642497742227,2.8752581200861167,1,1,1,1,,29.01,4.678428589859373,1.7366745377416322,0.14493,67.49915,1.947996154,1,1,1,1,1
SLV,El Salvador,2017,19.24,0.09,41.05,40.27,3,0,,0,0,1,1.947996154,1,Low - Medium (10-20%),Latin America & Caribbean,6213533,0.48281710260491095,0.39394372622098534,5.393009140808809,25.1714727339037,71.0856704711914,33.8207289048526,74.30465119165193,3954.840142775724,2515.477104571586,2.9569914452375605,1,1,1,1,,37.17,5.982103901274846,1.9433502898775965,0.18078,65.55077,1.947996154,1,1,1,1,1
SLV,El Salvador,2018,21.26,0.09,44.16,41.58,7,0,,0,0,1,1.947996154,1,Low - Medium (10-20%),Latin America & Caribbean,6219807,1.1254368503717238,0.7539773578939142,5.132768529852023,25.07550675708134,71.7577209472656,43.79999924,75.63361688799559,4046.162917205832,2512.939710187149,3.056827372913802,1,1,1,1,,35.42,5.694710462880923,1.9013177314388743,0.16531,73.49466,1.947996154,1,1,1,1,1
SLV,El Salvador,2019,23.57,0.12,48.78,42.08,4,0,,0,0,1,1.947996154,1,Low - Medium (10-20%),Latin America & Caribbean,6222318,0.6428472476012959,0.49643086309654033,5.146433521792602,25.348143717119143,72.4148941040039,50.4911940673888,76.04201309914683,4143.114370978674,2511.9256200020636,3.1599747169480397,1,1,1,1,,25.05,4.0258308881031155,1.6145907911424833,0.17477,75.70551,1.947996154,1,1,1,1,1
SLV,El Salvador,2020,23.26,0.16,45.12,37.99,8,0,,0,0,1,1.947996154,1,Low - Medium (10-20%),Latin America & Caribbean,6234673,1.2831466862817025,0.8255546170305731,5.35480047301112,23.724749901589774,73.0570220947266,54.60136976,66.45950694970826,3808.531954364088,2506.947838322876,3.1467351470905185,1,1,1,1,,19.18,3.0763441803603815,1.405200552512044,0.16299,59.77671,1.947996154,1,1,1,1,1
SLV,El Salvador,2021,21.63,0.12,54.6,40.3,7,0,,0,1,1,1.947996154,1,Low - Medium (10-20%),Latin America & Caribbean,6255782,1.1189648232627032,0.750927678517272,4.812255148720145,24.10490050318251,73.6838531494141,57.26380157,81.84507598007653,4247.547503949775,2498.4885982280075,3.0740812399649675,1,1,1,1,,33.5,5.355045939900079,1.8492491335531454,0.16252,65.31984,1.947996154,1,1,1,1,1
SLV,El Salvador,2022,11.99,0.05,61.86,40.02,19,0,,0,0,1,1.947996154,1,Low - Medium (10-20%),Latin America & Caribbean,6280319,3.0253240321072865,1.392605412501559,4.5587542684979745,23.73195448650789,74.1465021298679,60.05609894,88.70113720975547,4355.960371085554,2488.727085359836,2.4840729690394228,1,1,1,1,,55.8,8.884898999557187,2.2910082390243196,0.14333,57.61826,1.947996154,1,1,1,1,1
SLV,El Salvador,2023,11.78,0.05,60.62,33.99,14,0,,0,0,1,1.947996154,1,Low - Medium (10-20%),Latin America & Caribbean,6309624,2.2188326911397573,1.169018775551102,4.64483845432637,23.799635517852742,74.6080675149903,62.61989975,79.81226517878662,4481.196641083564,,2.4664031782234406,1,1,1,0,,64.56,10.231988467141623,2.418765820497104,0.10152,55.47028,1.947996154,1,1,1,1,1
SMR,San Marino,2016,,,,,0,1,0,1,,0,4.449199072,4,Extremely High (>80%),Europe & Central Asia,33101,0,0,0.013621985749307217,32.40716394327464,97.0999984741211,55,320.1460952317773,43886.196508111425,,#NUM!,0,0,0,0,wue_total,8.56,258.60245914020726,5.559151457590181,,,4.449199072,1,0,0,0,0
SMR,San Marino,2017,,,,,1,0,1,1,,0,4.449199072,4,Extremely High (>80%),Europe & Central Asia,33825,29.563932002956392,3.419820621039893,0.020478235906764976,32.453030309636695,97.0999984741211,60.18230057,313.85032294052394,43057.75824845708,,#NUM!,0,0,0,0,wue_total,13.97,413.00813008130086,6.0258856115100325,,,4.449199072,1,0,0,0,0
SMR,San Marino,2018,,,,,1,0,2,1,,0,4.449199072,4,Extremely High (>80%),Europe & Central Asia,34522,28.96703551358554,3.4000979613072038,0.01640854362903336,36.21692322970363,97.0999984741211,,309.48795498751235,42818.675595961424,,#NUM!,0,0,0,0,"wue_total, internet_share",12.52,362.66728463009093,5.896239396421329,,,4.449199072,1,0,0,0,0
SMR,San Marino,2019,,,,,0,1,0,1,,0,4.449199072,4,Extremely High (>80%),Europe & Central Asia,34663,0,0,0.015279744696661051,34.77865911443698,97.0999984741211,67.85070038,307.2647705468583,43525.40397981762,,#NUM!,0,0,0,0,wue_total,11.58,334.07379626691284,5.814350794929287,,,4.449199072,1,0,0,0,0
SMR,San Marino,2020,,,,,2,0,1,1,,0,4.449199072,4,Extremely High (>80%),Europe & Central Asia,34770,57.52085130859936,4.069383123356423,0.014100786834257266,35.61492000779647,97.0999984741211,77.94999695,304.90316966758814,40506.8341853183,,#NUM!,0,0,0,0,wue_total,10.07,289.61748633879785,5.672007922549515,,,4.449199072,1,0,0,0,0
SMR,San Marino,2021,,,,,1,0,0,1,,0,4.449199072,4,Extremely High (>80%),Europe & Central Asia,34252,29.19537545252832,3.407688781944137,0.016624953417619975,36.63555820002241,97.1035668453272,81.66999817,342.47017102155877,46834.11723638728,,#NUM!,0,0,0,0,wue_total,15.77,460.4110708863716,6.134289339570507,,,4.449199072,1,0,0,0,0
SMR,San Marino,2022,,,,,1,0,,1,,0,4.449199072,4,Extremely High (>80%),Europe & Central Asia,33755,29.62524070508073,3.4218245285917415,0.011486542578279236,37.59520090181432,97.1141889380465,97.32790375,370.4360769881204,51277.32424685828,,#NUM!,0,0,0,0,wue_total,18.84,558.1395348837209,6.326399057183017,,,4.449199072,1,0,0,0,0
SMR,San Marino,2023,,,,,0,1,,1,,0,4.449199072,4,Extremely High (>80%),Europe & Central Asia,33860,0,0,0.015094342037897253,35.765355412817726,97.1317310361655,97.33640289,340.98340011735183,51323.77410029275,,#NUM!,0,0,0,0,wue_total,20.09,593.325457767277,6.387427078014599,,,4.449199072,1,0,0,0,0
SOM,Somalia,2016,0.98,0.16,245.32,147.67,0,1,,0,,0,1.674658334,1,Low - Medium (10-20%),Sub-Saharan Africa,14348740,0,0,,,45.942842729174,1.879999995,74.36156255162486,458.92147682461035,418.1551829638003,-0.020202707317519466,0,0,0,0,"agri_share, industry_share",3.76,0.2620439146573148,0.23273256118183336,,,1.674658334,1,0,0,0,0
SOM,Somalia,2017,1.08,0.18,267.54,161.76,0,1,,0,,0,1.674658334,1,Low - Medium (10-20%),Sub-Saharan Africa,14916629,0,0,,,48.3639630032265,,68.6756490932841,506.50109887942597,402.2356525727093,0.0769610411361284,0,0,0,0,"agri_share, industry_share, internet_share",10.07,0.6750855035678638,0.5158642108803682,,,1.674658334,1,0,0,0,0
SOM,Somalia,2018,1.11,0.18,275.88,166.65,2,0,,0,,0,1.674658334,1,Low - Medium (10-20%),Sub-Saharan Africa,15452487,0.12942900388785314,0.12171219872006493,,,50.9506215336872,,73.82192302807063,498.981065013918,388.28701166355944,0.10436001532424286,0,0,0,0,"agri_share, industry_share, internet_share",9.74,0.6303192489338448,0.4887758538825721,,,1.674658334,1,0,0,0,0
SOM,Somalia,2019,1.14,0.19,283.85,171.32,4,0,,0,,0,1.674658334,1,Low - Medium (10-20%),Sub-Saharan Africa,16030971,0.2495170130368273,0.22275708707598707,,,51.6421170703225,2.731400013,70.29805914972273,494.4440397123845,374.2755195552409,0.131028262406404,0,0,0,0,"agri_share, industry_share",18.45,1.1508972226323657,0.7658850679410435,,,1.674658334,1,0,0,0,0
SOM,Somalia,2020,1.11,0.18,275.81,166.61,2,0,,0,,0,1.674658334,1,Low - Medium (10-20%),Sub-Saharan Africa,16651191,0.12011152835854205,0.11342825924090992,,,52.286318011754,15.02369976,75.69541029207232,462.8670537372783,360.33458507562614,0.10436001532424286,0,0,0,0,"agri_share, industry_share",34.77,2.0881389205132534,1.1275686183634765,,,1.674658334,1,0,0,0,0
SOM,Somalia,2021,1.15,0.19,285.45,172.38,7,0,,0,,0,1.674658334,1,Low - Medium (10-20%),Sub-Saharan Africa,17271431,0.4052935741109118,0.3402462305039263,,,52.9060649733324,23.87479973,79.0994411051355,461.6278307260207,347.3944920950673,0.13976194237515863,0,0,0,0,"agri_share, industry_share",53.74,3.1114966675314863,1.4137871149047068,,,1.674658334,1,0,0,0,0
SOM,Somalia,2022,1.18,0.2,293.25,177.08,4,0,,0,,0,1.674658334,1,Low - Medium (10-20%),Sub-Saharan Africa,17801897,0.22469515467930187,0.20269195970454532,,,53.5010115886789,27.6,90.75762030775262,460.04622668523837,337.0427320189528,0.16551443847757333,0,0,0,0,"agri_share, industry_share",106.41,5.977452852356127,1.9426839293085747,,,1.674658334,1,0,0,0,0
SOM,Somalia,2023,1.23,0.2,305.57,184.54,10,0,,0,,0,1.674658334,1,Low - Medium (10-20%),Sub-Saharan Africa,18358615,0.544703399466681,0.4348319174650317,,,54.0714435506882,26.12010002,103.12100748311737,464.7210695256096,,0.20701416938432612,0,0,0,0,"agri_share, industry_share",151.88,8.27295523109995,2.2271021239297983,,,1.674658334,1,0,0,0,0
SRB,Serbia,2016,6.66,0.2,2.48,34.34,244,0,2,1,0,1,1.235523742,1,Low - Medium (10-20%),Europe & Central Asia,7058322,34.56912280284181,3.571477924504791,5.706640965714717,26.531922533473924,60.3853870034026,67.0568413716938,97.69069404318039,6024.957546537837,1191.0762926372586,1.8961194845522977,1,1,1,1,,4888.18,692.5413717311282,6.541810894401076,0.80779,2121.8924,1.235523742,1,1,1,1,1
SRB,Serbia,2017,6.01,0.17,2.2,35.33,256,0,3,1,0,1,1.235523742,1,Low - Medium (10-20%),Europe & Central Asia,7020858,36.46277990524805,3.6233479042264287,5.057786065256059,26.603071736384553,60.621208190918,70.3308355269141,102.74044516693428,6200.261185921522,1197.4319947789857,1.7934247485471162,1,1,1,1,,4714.4,671.4848811925835,6.510979629725265,0.83834,2067.73261,1.235523742,1,1,1,1,1
SRB,Serbia,2018,6.04,0.17,2.19,37.13,269,0,6,1,1,1,1.235523742,1,Low - Medium (10-20%),Europe & Central Asia,6982604,38.524309842001635,3.676915921640154,5.204686510789782,25.809720124860963,60.8433609008789,73.360709154564,105.56371302855916,6524.080297551915,1203.992092348356,1.7984040119467235,1,1,1,1,,4693.51,672.1718716971491,6.512000678462656,0.88154,2075.98604,1.235523742,1,1,1,1,1
SRB,Serbia,2019,6.25,0.15,2.29,37.85,345,0,6,1,0,1,1.235523742,1,Low - Medium (10-20%),Europe & Central Asia,6945235,49.67434507255694,3.9254197681806833,4.764748514931961,25.53211586635178,61.0492248535156,77.4167736219802,107.57730954609185,6870.7581089629575,1210.470200072424,1.8325814637483102,1,1,1,1,,4809.74,692.5237230993623,6.541785446955483,0.84798,2087.27636,1.235523742,1,1,1,1,1
SRB,Serbia,2020,6.83,0.26,2.33,37.51,346,0,6,1,0,1,1.235523742,1,Low - Medium (10-20%),Europe & Central Asia,6899126,50.15128003170257,3.9347875171422375,5.053737694017412,24.28145490236926,61.223201751709,78.36804864,100.32446081012915,6850.967421688337,1218.560148053536,1.9213246735826988,1,1,1,1,,4569.29,662.2998333412087,6.497227125274444,0.86478,2149.85336,1.235523742,1,1,1,1,1
SRB,Serbia,2021,7.73,0.29,2.76,39.15,458,0,6,1,0,1,1.235523742,1,Low - Medium (10-20%),Europe & Central Asia,6834326,67.01465513936562,4.219723198711083,5.155864698790637,24.38475893640291,61.363899230957,81.16588116,112.34229832494529,7465.676010771475,1230.113986368224,2.0451088625993306,1,1,1,1,,4878.41,713.8099645817305,6.572016723565458,0.94784,2206.70833,1.235523742,1,1,1,1,1
SRB,Serbia,2022,7.64,0.33,2.74,39.69,537,0,,1,8,1,1.235523742,1,Low - Medium (10-20%),Europe & Central Asia,6664449,80.57680387380861,4.401544955306406,5.337942237750322,25.22156558266718,61.9013813540396,83.53825397,131.91329228351623,7862.953873648459,1261.4696278717117,2.033397603178429,1,1,1,1,,4938.83,741.0710172738961,6.609444949199132,0.91938,2349.67681,1.235523742,1,1,1,1,1
SRB,Serbia,2023,7.73,0.23,2.81,41.4,539,0,,1,44,1,1.235523742,1,Low - Medium (10-20%),Europe & Central Asia,6623183,81.38081040490653,4.411352526358267,3.786533960972718,23.775943014151256,62.1434649229738,85.35746686,114.4920646432201,8208.478689150696,,2.0451088625993306,1,1,1,0,,5173.1,781.0594996393728,6.661930824146242,0.87816,2515.31463,1.235523742,1,1,1,1,1
SSD,South Sudan,2016,9.51,0.02,12.3,18.06,0,1,,0,,0,1.393236802,1,Low - Medium (10-20%),Sub-Saharan Africa,10830102,0,0,,,19.0769476614377,3.5,,,2400.716078204988,2.252343876557299,0,0,0,0,"agri_share, industry_share, trade_share",2.11,0.1948273432697125,0.17800169232536742,,,1.393236802,1,0,0,0,0
SSD,South Sudan,2017,9.27,0.01,13.34,16.05,0,1,,0,,0,1.393236802,1,Low - Medium (10-20%),Sub-Saharan Africa,10259154,0,0,,,19.3489927232944,4.1,,,2534.3220308419195,2.2267833795777636,0,0,0,0,"agri_share, industry_share, trade_share",5.23,0.5097886238962783,0.4119696568534838,,,1.393236802,1,0,0,0,0
SSD,South Sudan,2018,9.64,0.01,14.76,15.65,0,1,,0,,0,1.393236802,1,Low - Medium (10-20%),Sub-Saharan Africa,10122977,0,0,,,19.6254143932663,4.800000191,,,2568.414410108805,2.265921108622454,0,0,0,0,"agri_share, industry_share, trade_share",9.62,0.9503133317402578,0.6679900426112559,,,1.393236802,1,0,0,0,0
SSD,South Sudan,2019,10.64,0.02,16.08,17.5,0,1,,0,,0,1.393236802,1,Low - Medium (10-20%),Sub-Saharan Africa,10423384,0,0,,,19.9062299188719,6.671000004,,,2494.391456747636,2.3646204839134985,0,0,0,0,"agri_share, industry_share, trade_share",8.46,0.8116366047725001,0.5942306382655496,,,1.393236802,1,0,0,0,0
SSD,South Sudan,2020,10.04,0.03,11.56,20.72,0,1,,0,,0,1.393236802,1,Low - Medium (10-20%),Sub-Saharan Africa,10698467,0,0,,,20.1914565476286,,,,2430.2547271492263,2.306577114263583,0,0,0,0,"agri_share, industry_share, internet_share, trade_share",14.47,1.3525302269942039,0.8554914412765533,,,1.393236802,1,0,0,0,0
SSD,South Sudan,2021,10.08,0.02,16.11,15.55,0,1,,0,,0,1.393236802,1,Low - Medium (10-20%),Sub-Saharan Africa,10865780,0,0,,,20.4811115270532,,,,2392.833280261518,2.3105532626432224,0,0,0,0,"agri_share, industry_share, internet_share, trade_share",14.73,1.3556320853173909,0.8568090928638253,,,1.393236802,1,0,0,0,0
SSD,South Sudan,2022,9.71,0.01,18.53,11.5,1,0,,0,,0,1.393236802,1,Low - Medium (10-20%),Sub-Saharan Africa,11021177,0.09073441067138292,0.08685124061725302,,,20.7752121046616,,,,2359.0946774559557,2.2731562823032334,0,0,0,0,"agri_share, industry_share, internet_share, trade_share",17.29,1.5687979605082105,0.9434380698455656,,,1.393236802,1,0,0,0,0
SSD,South Sudan,2023,9.84,0.01,16.01,14.88,0,1,,0,,0,1.393236802,1,Low - Medium (10-20%),Sub-Saharan Africa,11483374,0,0,,,21.0737755279692,,,,,2.286455711064162,0,0,0,0,"agri_share, industry_share, internet_share, trade_share",17.18,1.4960759790632963,0.9147198903737301,,,1.393236802,1,0,0,0,0
STP,Sao Tome and Principe,2016,7.22,0.31,75.72,16.46,0,1,,0,,0,-9999,-9999,NoData,Sub-Saharan Africa,203689,0,0,13.051402225734563,10.329520394760513,67.5218887329102,28,100.39547060509058,1342.5338076889968,10702.590714275195,1.9768549529047348,1,1,1,1,,0.87,4.271217395146523,1.6622613406474132,,,,0,1,0,0,0
STP,Sao Tome and Principe,2017,7.53,0.3,80,17.17,0,1,,0,,0,-9999,-9999,NoData,Sub-Saharan Africa,206970,0,0,12.747518713729109,9.07470301028009,67.6520004272461,32.61640167,92.8973617603292,1375.5940328419854,10532.927477412186,2.018895041811802,1,1,1,1,,0.88,4.251823935836112,1.6585754326181819,,,,0,1,0,0,0
STP,Sao Tome and Principe,2018,7.71,0.32,70.87,18,0,1,,0,,0,-9999,-9999,NoData,Sub-Saharan Africa,210187,0,0,11.818122211028316,8.388262005215013,67.7828826904297,37.99380112,79.20029014405236,1413.843486185414,10371.716614253022,2.0425181875752383,1,1,1,1,,0.86,4.091594627641101,1.6275910678719998,,,,0,1,0,0,0
STP,Sao Tome and Principe,2019,7.85,0.36,68.7,18.41,0,1,,0,,0,-9999,-9999,NoData,Sub-Saharan Africa,213392,0,0,11.929654819469627,7.526112850564538,67.9129943847656,44.25790024,67.57479899886553,1420.660083160912,10215.94061633051,2.060513531794317,1,1,1,1,,2.37,11.106320761790508,2.493727693218803,,,,0,1,0,0,0
STP,Sao Tome and Principe,2020,7.94,0.42,70.13,18.49,0,1,,0,,0,-9999,-9999,NoData,Sub-Saharan Africa,217435,0,0,14.147049801915076,6.058836687372904,68.0436706542969,51.55469894,48.66400797118964,1430.8411929909644,10025.984777059812,2.0719132752590443,1,1,1,1,,2.78,12.785430128544162,2.6236122466399765,,,,0,1,0,0,0
STP,Sao Tome and Principe,2021,8.21,0.38,73.24,19.17,0,1,,0,,0,-9999,-9999,NoData,Sub-Saharan Africa,221961,0,0,15.266176623936362,5.044571674438375,68.1738967895508,54.94950104,57.94034731552319,1428.2867609797488,9821.545226413651,2.105352923464337,1,1,1,1,,3.96,17.840972062659656,2.9360338634997776,,,,0,1,0,0,0
STP,Sao Tome and Principe,2022,8.2,0.4,72.44,19.16,1,0,,0,,0,-9999,-9999,NoData,Sub-Saharan Africa,226305,4.418815315613884,1.689877215105237,13.931757705354771,4.3554064353605035,68.3720919798341,58.56779861,64.99203791038961,1403.233567046782,9633.017388038266,2.1041341542702074,1,1,1,1,,4.37,19.310222929232673,3.011124351860595,,,,0,1,0,0,0
STP,Sao Tome and Principe,2023,8.21,0.41,72.76,19.16,0,1,,0,,0,-9999,-9999,NoData,Sub-Saharan Africa,230871,0,0,13.451186397665271,2.7271539144778583,68.6043921103568,58.70130157,46.97457873366324,1380.6016941625683,,2.105352923464337,1,1,1,0,,4.71,20.401003157607498,3.063437797452851,,,,0,1,0,0,0
SUR,Suriname,2016,7.49,1.22,8.9,58.44,0,1,,0,,0,1.667553064,1,Low - Medium (10-20%),Latin America & Caribbean,587757,0,0,10.766127190099091,26.75536001756183,66.1426466980469,45.40000153,,8293.315530314065,168436.95608899594,2.0135687975291283,0,0,0,0,trade_share,20.84,35.456829948431064,3.5961288194592775,,,1.667553064,1,0,0,0,0
SUR,Suriname,2017,7.83,1.25,13.18,50.6,0,1,,0,,0,1.667553064,1,Low - Medium (10-20%),Latin America & Caribbean,593713,0,0,10.917759820874199,38.27369389480896,66.1046467051207,48.94520187,,8338.692354018622,166747.23309073574,2.057962510002712,0,0,0,0,trade_share,14.47,24.372045079019664,3.2336479804932186,,,1.667553064,1,0,0,0,0
SUR,Suriname,2018,8.24,1.21,13.05,56.46,0,1,,0,,0,1.667553064,1,Low - Medium (10-20%),Latin America & Caribbean,599513,0,0,10.032466985928828,36.762241547910214,66.0693060442846,55.10210037,,8666.648706977967,165134.03379076018,2.1090003439213802,0,0,0,0,trade_share,15.83,26.404765201088217,3.310716910721483,,,1.667553064,1,0,0,0,0
SUR,Suriname,2019,8.35,1.05,12.4,61.09,0,1,,0,,0,1.667553064,1,Low - Medium (10-20%),Latin America & Caribbean,605768,0,0,8.596078140211707,33.880767014273104,66.0370492311305,62.03350067,,8677.305220217315,163428.90347459755,2.122261538862764,0,0,0,0,trade_share,18.58,30.671808349070925,3.455426958670054,,,1.667553064,1,0,0,0,0
SUR,Suriname,2020,6.93,0.83,11.38,47.95,0,1,,0,,0,1.667553064,1,Low - Medium (10-20%),Latin America & Caribbean,612317,0,0,8.136028415059101,36.56067184185816,66.00830078125,,,7213.10766669943,161680.95937235124,1.9358598132018119,0,0,0,0,"internet_share, trade_share",18.38,30.01713164912945,3.4345396856821853,,,1.667553064,1,0,0,0,0
SUR,Suriname,2021,6.84,0.89,11.54,45.94,1,0,,0,,0,1.667553064,1,Low - Medium (10-20%),Latin America & Caribbean,617896,1.6183953286637234,0.9625616601609734,9.677664032326613,37.708853743993146,65.9853973388672,,,6973.8994186811515,160221.13753770862,1.922787731634459,0,0,0,0,"internet_share, trade_share",25.22,40.8159301888991,3.7332773719262327,,,1.667553064,1,0,0,0,0
SUR,Suriname,2022,6.99,0.83,14.04,41.48,0,1,,0,,0,1.667553064,1,Low - Medium (10-20%),Latin America & Caribbean,623164,0,0,7.295661794900951,42.230517326734706,65.8985443115234,,,7081.333573257831,158866.68677908223,1.944480556245719,0,0,0,0,"internet_share, trade_share",13.38,21.471073425294147,3.1122288565423823,,,1.667553064,1,0,0,0,0
SUR,Suriname,2023,7.12,0.87,12.68,46.47,0,1,,0,,0,1.667553064,1,Low - Medium (10-20%),Latin America & Caribbean,628886,0,0,7.161642400401819,39.66630717882028,65.7562408447266,87.4,,7186.473081441445,,1.9629077254238845,0,0,0,0,trade_share,26.34,41.88358462424032,3.758489109915937,,,1.667553064,1,0,0,0,0
SVK,Slovakia,2016,149.81,2.62,100.38,199.86,276,0,0,1,2,1,1.615225882,1,Low - Medium (10-20%),Europe & Central Asia,5430798,50.82126052193435,3.9478004998464975,2.0626421889712905,28.670453337134287,53.7399327086517,80.475857275668,182.75737959620062,16740.741399642804,2320.101023827437,5.00936782452929,1,1,1,1,,5291.75,974.396396257051,6.882843948638259,0.78513,2609.14992,1.615225882,1,1,1,1,1
SVK,Slovakia,2017,147.69,1.72,100.66,200.45,221,0,0,1,25,1,1.615225882,1,Low - Medium (10-20%),Europe & Central Asia,5439232,40.63073610392055,3.7288387431048595,1.8481416688745589,28.07680098379986,53.6126018237016,81.6256675172655,186.64468739954876,17195.28887219626,2316.5035063773707,4.9951154824382185,1,1,1,1,,5464.05,1004.5627765096249,6.913302640391264,0.88153,2803.05136,1.615225882,1,1,1,1,1
SVK,Slovakia,2018,153.35,2.15,104.89,206.08,291,0,0,1,4,1,1.615225882,1,Low - Medium (10-20%),Europe & Central Asia,5446771,53.426149180863305,3.9968447218423573,2.009329161571681,28.593016531076508,53.4881496935559,80.4489224826099,188.73296469949642,17869.0149173679,2313.297181027071,5.032722890560261,1,1,1,1,,4974.73,913.3356258230792,6.818197709546422,0.83184,3003.38839,1.615225882,1,1,1,1,1
SVK,Slovakia,2019,156.54,1.43,106.95,212.25,366,0,0,1,15,1,1.615225882,1,Low - Medium (10-20%),Europe & Central Asia,5454147,67.10490201309206,4.221049193135948,1.6170097133414991,29.146784064608212,53.3666558664583,82.8536605021784,183.72260863123552,18250.980247563653,2310.1687578277592,5.053311568376692,1,1,1,1,,5499.66,1008.3446595773821,6.917056547336225,0.82138,3116.82472,1.615225882,1,1,1,1,1
SVK,Slovakia,2020,153.89,1.71,103.08,209.48,355,0,4,1,16,1,1.615225882,1,Low - Medium (10-20%),Europe & Central Asia,5458827,65.03228624024905,4.190143807872545,1.729178243098858,28.537727549881666,53.2481998906526,89.92090413,167.53417332036636,17763.856384735176,2308.188187682079,5.0362380614757605,1,1,1,1,,5161.36,945.5071574900614,6.852778532681072,0.88944,3167.43232,1.615225882,1,1,1,1,1
SVK,Slovakia,2021,158.68,1.74,109.51,213.76,419,0,9,1,9,1,1.615225882,1,Low - Medium (10-20%),Europe & Central Asia,5447247,76.91958892262458,4.355677383686696,1.8713628798865587,27.413037481050072,53.1901479870605,88.92560523,181.97948448511966,18808.454049659547,2313.095036814009,5.0668895956461295,1,1,1,1,,5150,945.4317015549323,6.852698809096966,0.90093,3211.13115,1.615225882,1,1,1,1,1
SVK,Slovakia,2022,159.59,1.61,115.15,209.12,443,0,,1,28,1,1.615225882,1,Low - Medium (10-20%),Europe & Central Asia,5431752,81.55747906016327,4.413494766627566,1.9303962266850043,26.54619180360684,53.1902831072528,89.06766196,204.05631853115133,18964.829840062357,2319.693535345502,5.072608026411095,1,1,1,1,,5067.03,932.8537090795014,6.839319797566796,0.97686,3387.47411,1.615225882,1,1,1,1,1
SVK,Slovakia,2023,165.4,1.69,132.82,206.86,468,0,,1,23,1,1.615225882,1,Low - Medium (10-20%),Europe & Central Asia,5426740,86.23962084050461,4.468658595158287,2.12570153523878,29.20811582456535,53.190805019646,87.2131343,181.3908723564498,19383.373200940143,,5.108366782589591,1,1,1,0,,5332.18,982.5751740455597,6.891194070134893,1.03359,3506.62001,1.615225882,1,1,1,1,1
SVN,Slovenia,2016,41.78,4.31,15.21,161.18,191,0,3,1,1,1,0.526117478,0,Low (<10%),Europe & Central Asia,2065042,92.49206553668157,4.537876572123529,1.8512961549770321,27.599795617216387,53.647274017334,75.4985042610791,148.23844808038754,21309.712213894927,9040.978343297618,3.7324177561284198,1,1,1,1,,3360.12,1627.1436610005994,7.395195786527087,2.02922,3939.83347,0.526117478,1,1,1,1,1
SVN,Slovenia,2017,42.06,3.74,15.59,161.34,226,0,0,1,1,1,0.526117478,0,Low (<10%),Europe & Central Asia,2066388,109.3695859635267,4.703834606427994,1.6930367326320657,28.031174219324882,55.2451133728027,78.8854263554775,158.70213584467018,22397.76349883375,9035.089247517892,3.7390971702745537,1,1,1,1,,3373.97,1632.786291829027,7.398655478512077,1.88219,4510.81305,0.526117478,1,1,1,1,1
SVN,Slovenia,2018,42.53,6.12,15.73,166.55,259,0,9,1,0,1,0.526117478,0,Low (<10%),Europe & Central Asia,2073894,124.88584276727741,4.8353754864930325,1.9913429626019812,28.071872965009465,55.1913430955675,79.7499765956562,162.61349397585062,23293.966665323038,9002.388743108375,3.750209709265542,1,1,1,1,,3237.85,1561.2417992433557,7.353877119471269,1.96365,4880.49036,0.526117478,1,1,1,1,1
SVN,Slovenia,2019,45.08,5.87,16.86,173.75,281,0,1,1,0,1,0.526117478,0,Low (<10%),Europe & Central Asia,2088385,134.55373410554088,4.909368123374469,1.7704065170579213,28.55627409775645,55.4523277282715,83.1083578026717,160.04427568524875,23943.180094988893,8939.922475980244,3.8084386891715756,1,1,1,1,,3531.2,1690.8759639625835,7.433593230128334,2.05725,5060.56961,0.526117478,1,1,1,1,1
SVN,Slovenia,2020,41.16,7.7,15.03,169.5,325,0,0,1,5,1,0.526117478,0,Low (<10%),Europe & Central Asia,2102419,154.58383890176032,5.047184743250919,1.8972971412832864,28.944881414007696,55.384391784668,86.60130109,147.5490085849416,22811.80505407781,8880.246991679585,3.717466910965849,1,1,1,1,,3692.85,1756.4767061180478,7.471634369610099,2.15559,5187.16109,0.526117478,1,1,1,1,1
SVN,Slovenia,2021,48.05,8.13,17.56,181.79,410,0,0,1,0,1,0.526117478,0,Low (<10%),Europe & Central Asia,2108079,194.4898649433916,5.27550853635981,1.5114775511879648,28.15083648750604,55.3046289429588,89.00399524,161.78872751143868,24665.44104640256,8856.4043377881,3.8722421354163012,1,1,1,1,,4058,1924.9752974153246,7.5631877664270775,2.13847,5235.17998,0.526117478,1,1,1,1,1
SVN,Slovenia,2022,55.61,9.01,21.65,178.72,356,0,,1,10,1,0.526117478,0,Low (<10%),Europe & Central Asia,2112076,168.5545406509993,5.133174648814642,1.6248023856561762,27.991167622233014,55.3377817873563,88.91248552,186.64707627463176,25275.71596775705,8839.644027961116,4.018363041199472,1,1,1,1,,3741.92,1771.6786706538971,7.4802470548234155,2.1,5370.37458,0.526117478,1,1,1,1,1
SVN,Slovenia,2023,50.31,4.66,18.65,183.07,426,0,,1,20,1,0.526117478,0,Low (<10%),Europe & Central Asia,2120461,200.89971001588805,5.307771089041822,1.5319701443284754,29.584878428118227,55.5378927789875,90.37794678,160.1596693009,25773.901583506886,,3.9182038645032273,1,1,1,0,,3567.56,1682.4454682260132,7.42859784617036,2.13385,5616.34857,0.526117478,1,1,1,1,1
SWE,Sweden,2016,193.64,2.91,75,385.11,1060,0,12,1,65,1,0.781293393,0,Low (<10%),Europe & Central Asia,9923085,106.8216184785276,4.68047818084137,1.2811871059034998,22.00607311826782,87,89.6509476102355,83.4519478574149,51626.323531236936,17232.54411304549,5.266000765071493,1,1,1,1,,20912.37,2107.446424171515,7.65370666341229,3.25643,7143.443,0.781293393,1,1,1,1,1
SWE,Sweden,2017,202.47,3.15,78.12,414.15,1063,0,13,1,398,1,0.781293393,0,Low (<10%),Europe & Central Asia,10057698,105.69018874895627,4.669929202336272,1.3210162632013105,22.183906237090486,87.237373786911,93.0062669652127,86.0693088740521,51894.37481778076,17001.90242339748,5.310591727423425,1,1,1,1,,21054.18,2093.3398477464725,7.646993674224894,3.39374,7316.6476,0.781293393,1,1,1,1,1
SWE,Sweden,2018,212.15,3.21,81.07,448.28,1208,0,33,1,130,1,0.781293393,0,Low (<10%),Europe & Central Asia,10175214,118.71986181322575,4.785154528734131,1.2500845047664875,22.272986709257765,87.4737430925296,89.2469631588137,90.40871423617006,52203.08725897606,16805.543352700002,5.357293571648334,1,1,1,1,,20850.05,2049.1018665553374,7.6256447619005,3.34602,7425.66896,0.781293393,1,1,1,1,1
SWE,Sweden,2019,224.44,3.4,83.57,493.75,1459,0,20,1,181,1,0.781293393,0,Low (<10%),Europe & Central Asia,10278887,141.9414378229861,4.962435020667967,1.2571837792862604,22.37607097010345,87.7088420242759,94.4934434072202,92.75113902905613,53024.40994943172,16636.042404201933,5.413608410882771,1,1,1,1,,20887.94,2032.1207928445947,7.617327227920634,3.39847,7685.83827,0.781293393,1,1,1,1,1
SWE,Sweden,2020,188.7,3.16,81.02,523.25,1885,0,31,1,3600,1,0.781293393,0,Low (<10%),Europe & Central Asia,10353442,182.06505623926807,5.20984158824201,1.196224506793035,21.81842482976268,87.9424046895699,94.53943122,84.47459581416179,51624.58117895726,16516.24648112193,5.240158452374504,1,1,1,1,,21153.6,2043.146617327841,7.622735679341999,3.50181,7754.64384,0.781293393,1,1,1,1,1
SWE,Sweden,2021,240.48,3.11,90.64,546.72,2115,0,26,1,18369,1,0.781293393,0,Low (<10%),Europe & Central Asia,10415811,203.0566798879127,5.31839779784092,1.1594275124774815,22.57741206697971,88.1741651958315,94.6703163,91.11023744130415,53997.133706879926,16417.348586682303,5.482636926004664,1,1,1,1,,22021.79,2114.2655142264007,7.656935622242386,3.41565,8159.79705,0.781293393,1,1,1,1,1
SWE,Sweden,2022,244.31,2.95,93.89,552.18,2333,0,,1,4145,1,0.781293393,0,Low (<10%),Europe & Central Asia,10486941,222.4671617776814,5.409264476089559,1.2387699295872114,23.75920562752142,88.4038576504809,95.00970335,107.11175182651169,54304.18775010333,16305.99428374776,5.498437910704706,1,1,1,1,,21514.5,2051.5515439631063,7.62683895378257,3.47239,8639.24439,0.781293393,1,1,1,1,1
SWE,Sweden,2023,245.58,2.81,93.91,555.92,2650,0,,1,289,1,0.781293393,0,Low (<10%),Europe & Central Asia,10536632,251.5035164936955,5.531425175326143,1.2822823072128522,22.587266186101772,88.631216160938,95.70327461,107.61970944397427,53937.79671224295,,5.503622759732367,1,1,1,0,,21243.62,2016.1679747380379,7.609449813979993,3.59978,8910.73864,0.781293393,1,1,1,1,1
SWZ,Eswatini,2016,3.43,0.11,68.34,51.86,1,0,,0,0,1,0.313848799,0,Low (<10%),Sub-Saharan Africa,1149507,0.8699381560964832,0.6259053587134589,5.376869406482761,37.821426598305955,23.5278881746356,28.56999969,89.35848744399348,3500.176888479416,2296.6367320947156,1.2325602611778486,1,1,1,1,,17.98,15.641488046614768,2.8118988572730985,,,0.313848799,1,1,0,0,1
SWZ,Eswatini,2017,3.51,0.11,66.46,54.81,1,0,,0,0,1,0.313848799,0,Low (<10%),Sub-Saharan Africa,1158195,0.8634124650857584,0.622409465442831,8.114778000925464,34.91125005218392,23.8052004963161,35.33160019,86.88014203029762,3596.2360540049212,2279.4089078264024,1.2556160374777743,1,1,1,1,,29.07,25.099400360043,3.261912339353729,,,0.313848799,1,1,0,0,1
SWZ,Eswatini,2018,3.58,0.11,66.45,56.52,2,0,,0,0,1,0.313848799,0,Low (<10%),Sub-Saharan Africa,1168929,1.7109679030976217,0.9973057309398462,7.385370923601959,34.00328858391093,24.0579295404227,39.38100052,85.49277681735384,3565.54285067501,2258.477632088861,1.275362800412609,1,1,1,1,,28.84,24.672157162667705,3.2454070257375434,,,0.313848799,1,1,0,0,1
SWZ,Eswatini,2019,3.67,0.11,68.86,57.51,1,0,,0,0,1,0.313848799,0,Low (<10%),Sub-Saharan Africa,1179874,0.8475481280204497,0.6138594238502791,7.424011382211917,34.64707844054587,24.3459549517751,43.93389893,86.64079484775952,3759.6710696466635,2237.527057973987,1.3001916620664788,1,1,1,1,,33.71,28.57084739556936,3.3867889907270023,,,0.313848799,1,1,0,0,1
SWZ,Eswatini,2020,3.55,0.11,60.83,58.84,6,0,,0,0,1,0.313848799,0,Low (<10%),Sub-Saharan Africa,1192729,5.030480519883393,1.796826695770359,7.628814651895627,31.444955551755214,24.6652798922192,49.01300049,84.01401884268776,3609.3669136859003,2213.411428748693,1.2669476034873244,1,1,1,1,,35.2,29.51215238331591,3.4181250430549497,,,0.313848799,1,1,0,0,1
SWZ,Eswatini,2021,3.93,0.12,69.14,64.08,5,0,,0,0,1,0.313848799,0,Low (<10%),Sub-Saharan Africa,1206593,4.143899392752983,1.6378114285700622,7.170401284000913,33.159909885424014,25.0156180525173,53.99530029,89.9313874866569,3719.0383823980596,2187.978879373575,1.3686394258811698,1,1,1,1,,38.27,31.717405952131333,3.4879072284001205,,,0.313848799,1,1,0,0,1
SWZ,Eswatini,2022,3.96,0.12,71.96,63.42,8,0,,0,0,1,0.313848799,0,Low (<10%),Sub-Saharan Africa,1218917,6.5632032369718365,2.0232948090464613,7.571169567231569,34.68637830989918,25.396682918542,57.34370041,92.57158712983336,3695.649571795481,2165.857068200706,1.3762440252663892,1,1,1,1,,43.57,35.74484562935787,3.6039979608387362,,,0.313848799,1,1,0,0,1
SWZ,Eswatini,2023,3.89,0.12,68.62,63.41,4,0,,0,0,1,0.313848799,0,Low (<10%),Sub-Saharan Africa,1230506,3.250695242444978,1.447082556015162,6.631008790339932,34.506438803284915,25.8081878500755,61.33330154,99.72461108156166,3790.1657678809142,,1.358409157630355,1,1,1,0,,30.94,25.144127700311905,3.263624603163518,,,0.313848799,1,1,0,0,1
SYC,Seychelles,2016,96.54,3.26,46.93,126.81,0,1,,0,1,1,-9999,-9999,NoData,Sub-Saharan Africa,94677,0,0,1.9149122831202983,13.690952877565826,43.2815632531296,56.51470184,180.8661883909392,16962.675397273124,,4.569957430232347,1,1,1,0,,12.2,128.85917382257568,4.866450584997694,0.2017,,,0,1,0,0,0
SYC,Seychelles,2017,101.87,3.88,42.89,136.57,0,1,,0,1,1,-9999,-9999,NoData,Sub-Saharan Africa,95843,0,0,2.1318078659801256,11.77388839800693,43.4968644410824,62.55310059,197.44223641786934,17921.57319769184,,4.623697490601975,1,1,1,0,,12.01,125.30909925607503,4.838732071544203,,,,0,1,0,0,0
SYC,Seychelles,2018,107.82,3.97,46.18,144.24,1,0,,0,0,1,-9999,-9999,NoData,Sub-Saharan Africa,96762,10.334635497406007,2.4278631261778583,2.078348484625196,11.8099756005606,43.7386669014459,69.23660278,185.70753721089957,18628.186227669597,,4.680463170023523,1,1,1,0,,10.57,109.23709720758148,4.702633475347381,,,,0,1,0,0,0
SYC,Seychelles,2019,115.73,4.29,48.59,155.21,0,1,,0,0,1,-9999,-9999,NoData,Sub-Saharan Africa,97625,0,0,2.12955445087691,12.21856242906228,44.0049304031754,76.63420105,173.40784688019585,19481.64610537415,,4.751259891859986,1,1,1,0,,10.62,108.78361075544174,4.698511253411985,,,,0,1,0,0,0
SYC,Seychelles,2020,102.64,3.49,52.19,133.85,0,1,,0,0,1,-9999,-9999,NoData,Sub-Saharan Africa,98462,0,0,1.9612453555729665,14.271545381161996,44.2936147152263,79.25170135,153.48333156592037,17048.36172978795,,4.631227720307381,1,1,1,0,,26.55,269.6471735288741,5.600816029918085,,,,0,1,0,0,0
SYC,Seychelles,2021,103.22,4.37,43.15,138.46,0,1,,0,1,1,-9999,-9999,NoData,Sub-Saharan Africa,99258,0,0,2.4446626383124075,11.753727932787655,44.6026796065539,81.99530029,183.77081501466012,17005.04220636792,,4.6368626327205815,1,1,1,0,,19.69,198.37191964375668,5.295172023357093,,,,0,1,0,0,0
SYC,Seychelles,2022,116.82,5.31,48.74,156.72,1,0,,0,10,1,-9999,-9999,NoData,Sub-Saharan Africa,119878,8.341814177747375,2.2345004708252865,2.4580808576233184,12.122836322869954,44.9108209981157,84.83380127,191.57884389013452,15471.210957541763,,4.760634288612163,1,1,1,0,,21.64,180.51685880645323,5.201348535377238,,,,0,1,0,0,0
SYC,Seychelles,2023,116.77,5.95,51.13,155.56,0,1,,0,50,1,-9999,-9999,NoData,Sub-Saharan Africa,119773,0,0,2.5146539206990575,13.295595742584016,45.0971081321658,86.001297,183.84211655333266,16286.855786767292,,4.760206188087624,1,1,1,0,,15.17,126.65625808821687,4.849341167853724,,,,0,1,0,0,0
SYR,Syrian Arab Republic,2016,0.91,0.18,4.92,6.54,13,0,,0,,0,4.013468628,4,Extremely High (>80%),Middle East & North Africa,19193834,0.677300845677836,0.5171858619084148,34.166874962753056,16.236780648466755,75.15400963398,31.8696003,67.11194073664157,802.9686079012629,371.5776639518712,-0.09431067947124129,1,0,1,1,,272.13,14.17799070263919,2.7198463984264665,,,4.013468628,1,1,0,0,1
SYR,Syrian Arab Republic,2017,0.88,0.22,5.25,5.66,10,0,,0,,0,4.013468628,4,Extremely High (>80%),Middle East & North Africa,19224668,0.5201650296379631,0.4188189010948968,40.6356090849324,17.206865566183346,74.5395596323392,32.70000076,61.05085450986959,795.8818171532163,370.98169913779526,-0.12783337150988489,1,0,1,1,,250.17,13.012968546452921,2.6399832255878968,,,4.013468628,1,1,0,0,1
SYR,Syrian Arab Republic,2018,0.92,0.21,5.76,5.97,21,0,,0,,0,4.013468628,4,Extremely High (>80%),Middle East & North Africa,19577845,1.0726410388886007,0.7288236582515789,39.00988775786078,18.49595472709835,74.0612602381775,33.77000046,50.65910764413915,792.4128647204415,364.28932806445243,-0.08338160893905101,1,0,1,1,,300.74,15.361241239778945,2.7949151986987237,,,4.013468628,1,1,0,0,1
SYR,Syrian Arab Republic,2019,0.94,0.22,5.06,6.32,29,0,,0,,0,4.013468628,4,Extremely High (>80%),Middle East & North Africa,20353534,1.424813990533536,0.8857548165128483,40.74104193287857,15.916045737898655,73.8248788261986,,41.99946817659758,771.5179482891918,350.40597863741993,-0.06187540371808753,0,0,0,0,internet_share,332.84,16.352934089971797,2.853761603909014,,,4.013468628,1,0,0,0,0
SYR,Syrian Arab Republic,2020,0.99,0.2,6.93,6.41,47,0,,0,,0,4.013468628,4,Extremely High (>80%),Middle East & North Africa,21049429,2.232839665151962,1.1733609043034787,32.65289056859804,20.32491198435567,73.4125031102512,,43.19161954522266,753.1353057094769,338.8215423800807,-0.01005033585350145,0,0,0,0,internet_share,480.36,22.820571522391415,3.1705495570226683,,,4.013468628,1,0,0,0,0
SYR,Syrian Arab Republic,2021,0.96,0.24,6.25,5.97,47,0,,0,,0,4.013468628,4,Extremely High (>80%),Middle East & North Africa,21628839,2.1730246362275847,1.1546852769035933,38.674305496531694,17.992421459719647,73.0125007629395,,59.00201224625602,746.0774587683892,329.7449299058539,-0.040821994520255166,0,0,0,0,internet_share,538.61,24.90239998550084,3.254335627945343,,,4.013468628,1,0,0,0,0
SYR,Syrian Arab Republic,2022,0.95,0.25,4.05,6.53,63,0,,0,,0,4.013468628,4,Extremely High (>80%),Middle East & North Africa,22462173,2.804715287341078,1.3362411625852924,42.85172728201619,11.942915816642667,72.6124992370605,,35.43724214515817,716.9438439338559,317.5115782431201,-0.05129329438755058,0,0,0,0,internet_share,584.87,26.03799730328851,3.297243184204377,0.04217,139.93785,4.013468628,1,0,0,0,0
SYR,Syrian Arab Republic,2023,0.94,0.22,5.59,6.12,68,0,,0,,0,4.013468628,4,Extremely High (>80%),Middle East & North Africa,23594623,2.8820125670157983,1.356353721994489,,,72.1673803143204,,,,,-0.06187540371808753,0,0,0,0,"agri_share, industry_share, internet_share, trade_share",645.85,27.372762005987553,3.3454296006553235,,,4.013468628,1,0,0,0,0
TCD,Chad,2016,9.94,0.07,43.8,40.02,0,1,,0,,0,0.853364564,0,Low (<10%),Sub-Saharan Africa,15114655,0,0,39.37161510969335,25.345018654851692,23.1119734707179,5.800000191,43.95801493315369,923.5658720511965,992.4143157749879,2.2965670206684825,1,1,1,1,,10.64,0.7039525546563915,0.5329505845079789,0.23294,56.72121,0.853364564,1,1,1,1,1
TCD,Chad,2017,9.25,0.08,34.29,43.67,1,0,,0,,0,0.853364564,0,Low (<10%),Sub-Saharan Africa,15622759,0.06400918045269725,0.06204401912724573,38.43008531183063,26.45858821286119,23.461349471105,6.351900101,43.29006138524677,879.0758954644166,960.1377067904587,2.224623551524334,1,1,1,1,,15.12,0.9678188084447824,0.6769257255117785,,,0.853364564,1,1,0,0,1
TCD,Chad,2018,10,0.08,39.85,44.44,0,1,,0,,0,0.853364564,0,Low (<10%),Sub-Saharan Africa,16156531,0,0,37.61814416171913,29.006494287545365,23.8486084924975,6.956299782,46.738431786018346,898.8347940050459,928.417121224847,2.302585092994046,1,1,1,1,,15.77,0.9760758667810558,0.6811129927086083,,,0.853364564,1,1,0,0,1
TCD,Chad,2019,11.61,0.08,45.32,52.67,0,1,,0,,0,0.853364564,0,Low (<10%),Sub-Saharan Africa,16685223,0,0,37.59036525339141,28.759037097859952,24.2731047386633,7.618199825,46.67772471527682,917.203710060136,898.9990724127571,2.4518667957098,1,1,1,1,,16.32,0.9781109907850798,0.6821423442577518,,,0.853364564,1,1,0,0,1
TCD,Chad,2020,11.96,0.08,47.06,53.9,0,1,,0,,0,0.853364564,0,Low (<10%),Sub-Saharan Africa,17224679,0,0,40.68747006311803,23.903002699074957,24.7341921795416,8.343099594,40.64281706219321,884.9805419349386,870.8435147035251,2.481567748522486,1,1,1,1,,18.49,1.0734597724578785,0.7292185997241449,,,0.853364564,1,1,0,0,1
TCD,Chad,2021,11.42,0.08,52.09,44.3,3,0,,0,,0,0.853364564,0,Low (<10%),Sub-Saharan Africa,17828273,0.16827204743835816,0.15552577461236725,37.442094688471265,28.60985460998479,25.2312246423075,9.653699875,43.94650410158949,857.5276305797602,841.3602371917908,2.435366204227864,1,1,1,1,,27.43,1.5385674204113882,0.9315999142062138,,,0.853364564,1,1,0,0,1
TCD,Chad,2022,12.4,0.07,71.39,33.3,1,0,,0,,0,0.853364564,0,Low (<10%),Sub-Saharan Africa,18455316,0.054184929697221114,0.052767889849424335,35.22798239859793,33.063605230064105,25.7635558629694,11.17029953,47.98837843194294,862.602128172536,812.7739454583167,2.517696472610991,1,1,1,1,,37.07,2.0086353438759867,1.1014866018280816,,,0.853364564,1,1,0,0,1
TCD,Chad,2023,12.28,0.08,64.07,39.54,5,0,,0,,0,0.853364564,0,Low (<10%),Sub-Saharan Africa,19319064,0.2588117105466393,0.23016818910942433,35.191694250722016,30.797100375240166,26.3305395171046,12.03590012,46.86264887597276,856.9855072836983,,2.5079719227189963,1,1,1,0,,52.36,2.710276232844407,1.3111063301399046,,,0.853364564,1,1,0,0,1
TGO,Togo,2016,19.44,0.01,167.4,23.31,0,1,,0,,0,0.003242327,0,Low (<10%),Sub-Saharan Africa,7200884,0,0,20.38507891471696,20.883410120829126,40.1485878279739,11.31000042,66.44504098050813,832.9595159877331,1597.0261429013437,2.967332799032293,1,1,1,1,,65.19,9.053055152672922,2.3078765835987167,,31.14208,0.003242327,1,1,0,1,1
TGO,Togo,2017,20.14,0.01,168.5,24.37,0,1,,0,,0,0.003242327,0,Low (<10%),Sub-Saharan Africa,7324386,0,0,20.315559784421314,20.40162301447248,40.5809463430719,12.3602249692905,58.20886025267323,851.7357286213365,1570.0974798433615,3.0027078872904163,1,1,1,1,,68.04,9.28951587204716,2.3311255003472295,,37.49789,0.003242327,1,1,0,1,1
TGO,Togo,2018,21.29,0.01,179.9,25.68,0,1,,0,,0,0.003242327,0,Low (<10%),Sub-Saharan Africa,7458206,0,0,19.64947841550188,21.0297583235942,41.013328267781,15.5,57.57373884994518,876.5628009158688,1541.9257660622407,3.058237478905388,1,1,1,1,,82.36,11.042870095033578,2.4884727914588582,,46.47372,0.003242327,1,1,0,1,1
TGO,Togo,2019,22.03,0.02,174.44,27.1,1,0,,0,,0,0.003242327,0,Low (<10%),Sub-Saharan Africa,7619925,0.13123488748248835,0.12330985681126291,19.52872200372836,19.344573740091505,41.445731197295,20.72730064,56.3398500747576,900.1666024378712,1509.2012060486159,3.092405160814252,1,1,1,1,,99.49,13.056558955632765,2.6430891164311285,,45.29645,0.003242327,1,1,0,1,1
TGO,Togo,2020,22.83,0.02,194.97,27.44,3,0,,0,,0,0.003242327,0,Low (<10%),Sub-Saharan Africa,7788054,0.3852053414113461,0.32584838959655416,19.173655182177168,20.141801012101823,41.8781527268075,29.02370071,55.065951395440315,899.7488023553478,1476.6204754101602,3.1280754605417043,1,1,1,1,,109.88,14.108787638092904,2.7152765373338164,,44.10873,0.003242327,1,1,0,1,1
TGO,Togo,2021,24.2,0.02,200.21,29.39,3,0,,0,,0,0.003242327,0,Low (<10%),Sub-Saharan Africa,7936176,0.37801581013324304,0.3206446457718348,20.55080661999904,20.02161036030568,42.3105904515122,30.33839989,56.37755807573212,928.3010876928971,1449.0606055107648,3.186352633162641,1,1,1,1,,123.02,15.501168320863853,2.8034311857248966,,43.68693,0.003242327,1,1,0,1,1
TGO,Togo,2022,25.47,0.02,212.13,30.86,5,0,,0,,0,0.003242327,0,Low (<10%),Sub-Saharan Africa,8068616,0.6196849620802378,0.4822316624812632,21.21984851971211,21.2257076314374,42.7332327975627,35.60749817,61.57509239689401,970.5359758229826,1425.275412784547,3.2375012889913655,1,1,1,1,,152.62,18.915263782537178,2.9914864619657813,,43.2285,0.003242327,1,1,0,1,1
TGO,Togo,2023,27.36,0.02,227.73,33.16,7,0,,0,,0,0.003242327,0,Low (<10%),Sub-Saharan Africa,8223850,0.8511828401539425,0.6158248078345492,20.77282268483823,20.674719304968242,43.2496853032436,37.57020187,59.92917770174267,1011.2308927823004,,3.3090820927543496,1,1,1,0,,135.94,16.529970755789563,2.863912030693849,,41.39064,0.003242327,1,1,0,1,1
THA,Thailand,2016,6.95,0.35,48.77,89.25,583,0,0,1,1,1,3.623007642,3,High (40-80%),East Asia & Pacific,70859841,8.22750928837111,2.2221891625182164,8.47807696285562,35.58676540507598,47.8801095551247,47.5049656215909,120.5752272891298,5857.780529359259,3168.3672561444214,1.9387416595767009,1,1,1,1,,9263.53,130.73032438782923,4.880756835759232,0.77829,1179.07394,3.623007642,1,1,1,1,1
THA,Thailand,2017,7.24,0.37,49.92,93.99,652,0,1,1,3,1,3.623007642,3,High (40-80%),East Asia & Pacific,71160187,9.162426737299047,2.3186972657260783,8.406412586650468,35.018759526321965,49.2311973571777,52.8919293439676,120.89142743363792,6076.743077000816,3154.9945196181116,1.979621206397625,1,1,1,1,,10703.28,150.41107185398488,5.019998468144453,1.00165,1315.74983,3.623007642,1,1,1,1,1
THA,Thailand,2018,7.56,0.37,51.55,98.78,794,0,0,1,10,1,3.623007642,3,High (40-80%),East Asia & Pacific,71376079,11.124175089528244,2.4952014006557985,8.20181926195524,34.74248966750406,54.5843734741211,56.8174809301456,120.84186473098377,6314.199484120428,3145.451573488647,2.0228711901914416,1,1,1,1,,12223.64,171.25681560624813,5.148986477216911,1.11375,1712.15367,3.623007642,1,1,1,1,1
THA,Thailand,2019,7.72,0.38,50.61,103.05,888,0,0,1,16,1,3.623007642,3,High (40-80%),East Asia & Pacific,71522271,12.41571314199461,2.5964266425089666,8.128568040094796,33.59391051332646,55.9266166687012,66.6524194587528,109.68951471516606,6434.537705180338,3139.0222494473082,2.0438143640366846,1,1,1,1,,12304.3,172.03452614081561,5.153491147654022,1.14317,1744.16222,3.623007642,1,1,1,1,1
THA,Thailand,2020,7.23,0.38,47.21,96.26,866,0,0,1,14,1,3.623007642,3,High (40-80%),East Asia & Pacific,71641484,12.087968473684883,2.5716933710620196,8.706104715038352,33.30316490625623,57.2358779907227,77.84374066,97.66244193711579,6032.422446067934,3133.7988476062274,1.9782390361706734,1,1,1,1,,13335.96,186.14857280175823,5.231902808362281,1.32818,2018.34788,3.623007642,1,1,1,1,1
THA,Thailand,2021,7.34,0.38,50.73,94.96,1179,0,0,1,31,1,3.623007642,3,High (40-80%),East Asia & Pacific,71727332,16.43724877428872,2.8586086522685505,8.695395581794859,35.04174174751318,58.5087776184082,85.26956666,117.13147218319911,6119.1101852609945,3130.0481105305853,1.9933388426264242,1,1,1,1,,15679.41,218.59742392202736,5.391795978792559,1.20822,1695.79586,3.623007642,1,1,1,1,1
THA,Thailand,2022,7.52,0.4,51.54,97.69,1358,0,,1,75,1,3.623007642,3,High (40-80%),East Asia & Pacific,71735329,18.930700101758784,2.992261261643794,8.715890014888124,35.1269834648331,59.742374420166,87.97724503,132.8134582880816,6279.822504159734,3129.6991751442306,2.017566137961748,1,1,1,1,,17363.34,242.04726237472195,5.493255919798003,1.15902,1863.07585,3.623007642,1,1,1,1,1
THA,Thailand,2023,7.67,0.4,48.34,104.02,1595,0,,1,68,1,3.623007642,3,High (40-80%),East Asia & Pacific,71702435,22.244711773038112,3.146077655540533,8.555150038094954,32.914339791866894,60.9341926574707,89.53525238,128.7923596901651,6423.991011641494,,2.0373166153791646,1,1,1,0,,16656.15,232.29545830626256,5.452305711655138,0.93628,1591.96746,3.623007642,1,1,1,1,1
TJK,Tajikistan,2016,0.92,0.21,7.81,11.86,0,1,,0,0,1,2.335048113,2,Medium - High (20-40%),Europe & Central Asia,8865631,0,0,20.856976508615578,32.21336623453421,26.3718509674072,20.46999931,55.72464469075731,997.3526145567084,7157.978941374844,-0.08338160893905101,1,1,1,1,,50.72,5.720968986866247,1.9052323386141783,0.10622,,2.335048113,1,1,1,0,1
TJK,Tajikistan,2017,1.04,0.3,1.3,6.93,0,1,,0,0,1,2.335048113,2,Medium - High (20-40%),Europe & Central Asia,9085946,0,0,20.28329631888606,31.846857962296475,26.2731513977051,21.95999908,53.78610460577674,1042.2639175764189,6984.413070471694,0.03922071315328133,1,1,1,1,,56.85,6.256915900666811,1.981954931509932,0.10957,,2.335048113,1,1,1,0,1
TJK,Tajikistan,2018,0.91,0.22,1.9,5.33,3,0,,0,0,1,2.335048113,2,Medium - High (20-40%),Europe & Central Asia,9307333,0.3223264924549277,0.279392679511852,19.771964784292535,34.398360803386474,26.2338752746582,32.59999847,55.84611141133027,1094.8002018220973,6818.279737063238,-0.09431067947124129,1,1,1,1,,56.88,6.1113102969454305,1.9616865161391166,0.09401,,2.335048113,1,1,1,0,1
TJK,Tajikistan,2019,0.9,0.25,1.94,5,4,0,,0,0,1,2.335048113,2,Medium - High (20-40%),Europe & Central Asia,9529966,0.4197286747927537,0.35046577926657985,20.867073358800052,33.06214906370639,26.1300735473633,22.68630028,56.04501591458959,1148.3467671249266,6658.995425587038,-0.10536051565782628,1,1,1,1,,88.2,9.255017279180219,2.3277670764746765,0.09367,,2.335048113,1,1,1,0,1
TJK,Tajikistan,2020,1.01,0.29,2.06,5.01,5,0,,0,0,1,2.335048113,2,Medium - High (20-40%),Europe & Central Asia,9749310,0.5128568073022604,0.413999788755883,22.69043084483607,33.7965394725715,26.1925442328719,27.54409981,55.74910401949539,1171.90127480359,6509.1785982802885,0.009950330853168092,1,1,1,1,,118.36,12.140346342459107,2.575687370582702,0.08969,,2.335048113,1,1,1,0,1
TJK,Tajikistan,2021,1.1,0.31,2.4,5.16,8,0,,0,0,1,2.335048113,2,Medium - High (20-40%),Europe & Central Asia,9966908,0.8026561497306888,0.5892612159564347,22.449080546082513,35.17768260215303,26.1991525151375,36.70560074,71.82593743538297,1254.0699959230624,6367.069907738689,0.09531017980432493,1,1,1,1,,131.4,13.183627259326565,2.6520882894733213,,,2.335048113,1,1,0,0,1
TJK,Tajikistan,2022,1.2,0.34,2.57,5.66,3,0,,0,1,1,2.335048113,2,Medium - High (20-40%),Europe & Central Asia,10182222,0.2946311718601303,0.258225845211192,22.934853704084475,34.70258085642701,26.1957126615618,48.91429901,65.43551158935774,1325.7554529084937,6232.431388747957,0.1823215567939546,1,1,1,1,,107.75,10.582169589309682,2.449466811185578,,,2.335048113,1,1,0,0,1
TJK,Tajikistan,2023,1.26,0.39,1.85,7.26,5,0,,0,1,1,2.335048113,2,Medium - High (20-40%),Europe & Central Asia,10389799,0.48124126366640974,0.39288042793718375,22.858862106517286,33.638770859347105,26.1890127571429,54.41550064,65.63470103673535,1407.107543622102,,0.23111172096338664,1,1,1,0,,158.35,15.240910820315195,2.787533418155605,,,2.335048113,1,1,0,0,1
TKM,Turkmenistan,2016,1.25,0.14,20.72,18.35,0,1,,0,,0,3.73812683,3,High (40-80%),Europe & Central Asia,6360041,0,0,10.52743832597379,51.4325436635517,47.0227025249994,17.99029922,58.2932324852085,5979.476276610575,220.91052557680055,0.22314355131420976,1,0,1,1,,2.98,0.46855043858993994,0.38427581808061145,0.16,,3.73812683,1,1,1,0,1
TKM,Turkmenistan,2017,1.3,0.16,19.66,20.72,0,1,,0,,0,3.73812683,3,High (40-80%),Europe & Central Asia,6507061,0,0,11.117807476156754,47.04388965060041,47.0334857399476,,47.398399526901805,6221.419627590207,215.91929136671686,0.26236426446749106,0,0,0,0,internet_share,7.93,1.2186761427317188,0.796910685904651,0.09,,3.73812683,1,0,0,0,0
TKM,Turkmenistan,2018,1.48,0.18,21.4,24.75,1,0,,0,,0,3.73812683,3,High (40-80%),Europe & Central Asia,6655524,0.1502511297382445,0.13998029222052608,11.041568836338914,44.906398278653484,47.0423948717765,,41.637866960099245,6460.130159208386,211.1028372822335,0.3920420877760237,0,0,0,0,internet_share,3.94,0.5919894511686833,0.4649844612499136,0.08,,3.73812683,1,0,0,0,0
TKM,Turkmenistan,2019,1.52,0.28,21.48,34.21,0,1,,0,,0,3.73812683,3,High (40-80%),Europe & Central Asia,6803944,0,0,10.87351502445842,42.08118925100057,47.0494562466485,,37.65605177561782,6719.323201577025,206.4978782894157,0.41871033485818504,0,0,0,0,internet_share,3.68,0.54086277018153,0.43234249992710366,0.11,,3.73812683,1,0,0,0,0
TKM,Turkmenistan,2020,1.7,0.32,20.05,51.06,0,1,,0,,0,3.73812683,3,High (40-80%),Europe & Central Asia,6949912,0,0,11.583863424936515,36.88243280617504,47.0546961907259,,29.95417003997687,6964.3816288701555,202.16083311558478,0.5306282510621704,0,0,0,0,internet_share,6.73,0.9683575849593491,0.6771994817991411,0.13,,3.73812683,1,0,0,0,0
TKM,Turkmenistan,2021,2.72,0.35,21.15,54.15,0,1,,0,,0,3.73812683,3,High (40-80%),Europe & Central Asia,7092043,0,0,11.934515216261477,36.44973147773864,47.0581410301711,,33.41245284980077,7244.613858803409,198.10934592472157,1.000631880307906,0,0,0,0,internet_share,13.81,1.9472527168828502,1.0808734540262515,0.1,,3.73812683,1,0,0,0,0
TKM,Turkmenistan,2022,2.9,0.37,24.55,54.16,0,1,,0,,0,3.73812683,3,High (40-80%),Europe & Central Asia,7230193,0,0,11.06611031297347,39.73091048164474,47.0592103414926,,37.81072258969242,7549.253019303561,194.3239966070062,1.0647107369924282,0,0,0,0,internet_share,20.08,2.777242599194793,1.3289942723254942,0.14,,3.73812683,1,0,0,0,0
TKM,Turkmenistan,2023,3.07,0.39,24.67,59.97,1,0,,0,,0,3.73812683,3,High (40-80%),Europe & Central Asia,7364438,0.1357876867182533,0.12732640733732492,11.769262744208895,38.09989419189056,47.0678875054171,,34.17940355401882,7879.965597897158,,1.1216775615991057,0,0,0,0,internet_share,31.31,4.251512471148511,1.6585161248562243,0.09,,3.73812683,1,0,0,0,0
TLS,Timor-Leste,2016,1.26,0.07,156.9,10.96,0,1,,0,,0,1.772192187,1,Low - Medium (10-20%),East Asia & Pacific,1228312,0,0,17.06307469237678,19.22911350845364,29.4462907628171,21.20000076,60.31062175922601,1333.6585468432038,6688.040172203804,0.23111172096338664,1,0,1,1,,8.56,6.968913435674324,2.0755481517231984,,,1.772192187,1,1,0,0,1
TLS,Timor-Leste,2017,1.21,0.07,124.45,11.06,1,0,,0,,0,1.772192187,1,Low - Medium (10-20%),East Asia & Pacific,1251703,0.7989115628867232,0.5871817947198748,17.129389863600892,15.78052928224651,29.3600996787092,24.20000076,58.63475077961817,1267.086601428832,6563.05848911443,0.1906203596086497,1,0,1,1,,15,11.983673443300846,2.5636926791952086,,,1.772192187,1,1,0,0,1
TLS,Timor-Leste,2018,1.21,0.07,129.59,10.92,3,0,,0,,0,1.772192187,1,Low - Medium (10-20%),East Asia & Pacific,1275959,2.3511727257694015,1.2093103519715322,17.77135770789066,16.499021908001126,29.248617510057,27.60000038,64.81918312254987,1237.200647304125,6438.294647398545,0.1906203596086497,1,0,1,1,,15.46,12.11637678013165,2.573861585325793,,,1.772192187,1,1,0,0,1
TLS,Timor-Leste,2019,1.5,0.07,298.09,10.96,2,0,,0,,0,1.772192187,1,Low - Medium (10-20%),East Asia & Pacific,1300945,1.5373440076252263,0.931117867650754,14.129155173716725,30.41314498277632,29.1148755245217,28.00460052,70.61424405515356,1507.2474829437426,6314.640511320617,0.4054651081081644,1,0,1,1,,13.35,10.261771250898386,2.4214139150383605,,,1.772192187,1,1,0,0,1
TLS,Timor-Leste,2020,1.96,0.09,474.44,12.61,0,1,,0,,0,1.772192187,1,Low - Medium (10-20%),East Asia & Pacific,1326053,0,0,13.262154520777397,36.7520088603671,28.9619049897647,32.01269913,84.75031110423879,1947.8399713886636,6195.076667373023,0.6729444732424258,1,0,1,1,,10.88,8.204800260623067,2.2197251154407134,,,1.772192187,1,1,0,0,1
TLS,Timor-Leste,2021,2.21,0.06,845.89,8.38,4,0,,0,,0,1.772192187,1,Low - Medium (10-20%),East Asia & Pacific,1350139,2.9626579189253848,1.376914991765839,8.670181879884225,62.186333481957625,28.7927371734472,35.04199982,99.86000093847647,2015.8203924619706,6084.558700993009,0.7929925155296614,1,0,1,1,,14.32,10.606315349752878,2.4515493766687033,,,1.772192187,1,1,0,0,1
TLS,Timor-Leste,2022,1.73,0.06,588.91,7.93,3,0,,0,,0,1.772192187,1,Low - Medium (10-20%),East Asia & Pacific,1369295,2.190908460193019,1.1603056600131227,10.324624768578968,54.512243798299686,28.5857292288968,,97.62110882070401,1579.710846808578,5999.43766682855,0.5481214085096876,0,0,0,0,internet_share,12.31,8.99002771499202,2.3015873669300895,,,1.772192187,1,0,0,0,0
TLS,Timor-Leste,2023,1.35,0.08,211.02,10.91,6,0,,0,,0,1.772192187,1,Low - Medium (10-20%),East Asia & Pacific,1384286,4.334364430471737,1.6741697455991482,17.179812240523844,23.868041576961115,28.595471832952,,89.30464909726436,1279.2112241611007,,0.30010459245033816,0,0,0,0,internet_share,20.7,14.953557285127495,2.7696818316446876,,,1.772192187,1,0,0,0,0
TON,Tonga,2016,,,,,0,1,,0,,0,-9999,-9999,NoData,East Asia & Pacific,105524,0,0,16.60673730601629,15.972367628372528,23.1277038505921,39.95000076,87.77717507895866,4419.814747003902,,#NUM!,0,0,0,0,wue_total,3.34,31.65156741594329,3.485892861184043,,,,0,0,0,0,0
TON,Tonga,2017,,,,,0,1,,0,,0,-9999,-9999,NoData,East Asia & Pacific,105356,0,0,16.819372821943265,16.421227443952503,22.9711300654966,46.20080185,88.0434925855836,4568.62484962494,,#NUM!,0,0,0,0,wue_total,7.89,74.88894794790994,4.329271060464413,,,,0,0,0,0,0
TON,Tonga,2018,,,,,0,1,,0,,0,-9999,-9999,NoData,East Asia & Pacific,105567,0,0,17.248408353967708,15.220145489992195,22.7017138925547,48.80789948,86.10397026913923,4583.559685656878,,#NUM!,0,0,0,0,wue_total,6.73,63.75098278818192,4.170548878660319,,,,0,0,0,0,0
TON,Tonga,2019,,,,,0,1,,0,,0,-9999,-9999,NoData,East Asia & Pacific,105669,0,0,18.57172741715714,15.36178257687154,22.3288155626206,51.56299973,88.04538553304603,4566.075087007213,,#NUM!,0,0,0,0,wue_total,4.69,44.38387795853089,3.8151569309348687,,,,0,0,0,0,0
TON,Tonga,2020,,,,,1,0,,0,,0,-9999,-9999,NoData,East Asia & Pacific,105704,9.460379928857943,2.3475947800476953,17.09366491701891,14.746748271700877,21.8766206823411,54.47370148,81.84949668217497,4647.007752915795,,#NUM!,0,0,0,0,wue_total,5.9,55.81624158026187,4.039822228167577,,,,0,0,0,0,0
TON,Tonga,2021,,,,,0,1,,0,,0,-9999,-9999,NoData,East Asia & Pacific,105490,0,0,16.521870123625483,16.29780046371075,21.258003897665,57.549,68.54615174772391,4612.900869132981,,#NUM!,0,0,0,0,wue_total,3.67,34.79002749075742,3.577669292890448,,,,0,0,0,0,0
TON,Tonga,2022,,,,,0,1,,0,,0,-9999,-9999,NoData,East Asia & Pacific,105042,0,0,17.425629566644584,17.242147101571074,21.147219451842,61.60739899,70.12727182843753,4533.968098201242,,#NUM!,0,0,0,0,wue_total,4.22,40.174406427905026,3.717816860122637,,,,0,0,0,0,0
TON,Tonga,2023,,,,,1,0,,0,,0,-9999,-9999,NoData,East Asia & Pacific,104597,9.56050364733214,2.3571209710169483,18.958924495895054,14.865248960530458,21.147944541337,64.13140106,79.62392570000787,4680.300106643572,,#NUM!,0,0,0,0,wue_total,4.85,46.36844268956089,3.857956240937385,,,,0,0,0,0,0
TTO,Trinidad and Tobago,2016,61.66,2.58,62.26,65.48,8,0,,0,0,1,-9999,-9999,NoData,Latin America & Caribbean,1353895,5.908877719468644,1.932807210619196,0.9924344244797261,34.41458590359298,53.9277523084951,67.80000305,,18331.03445975802,2836.261305344949,4.121635422458004,0,0,0,0,trade_share,207.38,153.17288268292592,5.038074587577002,0.08662,,,0,0,0,0,0
TTO,Trinidad and Tobago,2017,58.99,2.69,60.86,61.93,5,0,,0,0,1,-9999,-9999,NoData,Latin America & Caribbean,1356633,3.685595146218616,1.544492939899655,1.0863432616295432,36.13582592770442,53.9293186833833,70.59999847,,17402.615532845415,2830.537072295897,4.077367938014984,0,0,0,0,trade_share,219.4,161.72391501607288,5.0920549918441065,0.08587,496.90234,,0,0,0,0,0
TTO,Trinidad and Tobago,2018,58.15,2.36,64.58,58.59,5,0,,0,0,1,-9999,-9999,NoData,Latin America & Caribbean,1359193,3.678653436266961,1.5430103412347316,0.9645176993708506,37.774598881680504,53.9314518934907,72.76029968,,17205.61513533899,2825.205839053026,4.063025878964673,0,0,0,0,trade_share,238.95,175.80284771919807,5.1750352570828655,0.08371,543.60048,,0,0,0,0,0
TTO,Trinidad and Tobago,2019,58.74,1.87,59.85,62.12,13,0,,0,0,1,-9999,-9999,NoData,Latin America & Caribbean,1363985,9.53089660076907,2.3543134697925776,0.7650529409922691,35.19696931545961,53.9342394732739,74.98670197,,17225.361633712047,2815.2802266887097,4.073120925770474,0,0,0,0,trade_share,238.17,174.61335718501303,5.168284744282025,0.06007,459.95724,,0,0,0,0,0
TTO,Trinidad and Tobago,2020,52.64,2.37,48.49,58.42,21,0,,0,0,1,-9999,-9999,NoData,Latin America & Caribbean,1366725,15.365197826922023,2.795156996295724,1.0620292127584186,31.15261873716361,53.9377689584806,77.28130341,,15679.961148682514,2809.636174065741,3.9634762870170617,0,0,0,0,trade_share,243.44,178.11922661837605,5.1880516546079765,0.06455,604.73029,,0,0,0,0,0
TTO,Trinidad and Tobago,2021,52.14,2.02,59.82,51.5,19,0,,0,0,1,-9999,-9999,NoData,Latin America & Caribbean,1367558,13.893377831141349,2.7009166732953034,0.908362622380658,39.04742905674641,53.9421278853848,84.36576986,,15558.094053682897,2807.924782714883,3.9539324085053558,0,0,0,0,trade_share,266,194.50728963597888,5.275597665870829,0.05445,539.19183,,0,0,0,0,0
TTO,Trinidad and Tobago,2022,54.31,1.71,72.32,48.24,26,0,,0,0,1,-9999,-9999,NoData,Latin America & Caribbean,1365805,19.03639245719557,2.9975502429056307,0.7628156502284126,45.675783276547534,53.9474037904998,81.69760132,,15712.230497272045,2811.528732139654,3.994708372046754,0,0,0,0,trade_share,255.09,186.7689750733084,5.235212351174252,0.05039,492.71552,,0,0,0,0,0
TTO,Trinidad and Tobago,2023,54.03,1.88,54.64,57.37,33,0,,0,0,1,-9999,-9999,NoData,Latin America & Caribbean,1367510,24.131450592683052,3.2241200734344497,0.8358551072011648,34.50538179545229,53.9536842104572,81.9681015,,15922.766834978771,,3.9895394478559743,0,0,0,0,trade_share,245.56,179.56724265270455,5.196103243870873,,,,0,0,0,0,0
TUN,Tunisia,2016,11,0.25,150.03,41.72,765,0,0,1,0,1,4.280358914,4,Extremely High (>80%),Middle East & North Africa,11528674,66.35628694158582,4.209996245813604,8.525411153054616,24.007602304199214,68.0623356528248,49.5999948415756,87.09266436414659,4015.2889380270253,363.87532512412093,2.3978952727983707,1,0,1,1,,5316.45,461.150172170711,6.135889886253638,0.56539,1969.10018,4.280358914,1,1,1,1,1
TUN,Tunisia,2017,11.73,0.28,122.96,36.65,687,0,0,1,0,1,4.280358914,4,Extremely High (>80%),Middle East & North Africa,11650498,58.96743641344773,4.093801688450259,8.986045690927003,23.624101204275988,68.2877807617188,55.5001550633671,95.8091979825804,4062.8060653451907,360.07044505737014,2.462149662665384,1,0,1,1,,5818.15,499.3906698237277,6.215389132982732,0.69953,1919.04269,4.280358914,1,1,1,1,1
TUN,Tunisia,2018,11.26,0.32,252.68,35.52,672,0,0,1,1,1,4.280358914,4,Extremely High (>80%),Middle East & North Africa,11765514,57.1160766966917,4.06244233292554,9.888525518761258,23.686225223590636,68.5485240272509,64.1908102327387,103.87182426063521,4127.970056979944,356.55050854556805,2.421256622711544,1,0,1,1,,5100.72,433.53142072671034,6.07426825676684,0.71645,1789.95356,4.280358914,1,1,1,1,1
TUN,Tunisia,2019,11.44,0.32,169.87,37.53,610,0,0,1,1,1,4.280358914,4,Extremely High (>80%),Middle East & North Africa,11875081,51.36807066831796,3.9582970672140316,9.766258732870725,23.235311577767785,68.8206382576031,66.6999983024144,102.33261472578927,4153.279786155147,353.26074828458013,2.437115985951652,1,0,1,1,,5046.47,424.96299604187965,6.05435247874504,0.74658,1726.2166,4.280358914,1,1,1,1,1
TUN,Tunisia,2020,10.96,0.31,152.79,35.87,771,0,1,1,1,1,4.280358914,4,Extremely High (>80%),Middle East & North Africa,11974057,64.3892040934831,4.180357169813577,10.391700229535715,21.51200690197076,69.1043166438476,68.55639648,84.3333297071767,3749.268414529278,350.3407408199243,2.3942522815198695,1,0,1,1,,4851.93,405.20351623514074,6.006854305522261,,1644.57277,4.280358914,1,1,0,1,1
TUN,Tunisia,2021,11.23,0.23,174.45,35.07,783,0,4,1,0,1,4.280358914,4,Extremely High (>80%),Middle East & North Africa,12048622,64.98668478436787,4.18945297598163,10.090037903494329,23.356869077103887,69.3997523770568,68.31552226,93.6334140664079,3902.5332299019938,348.17259600309484,2.418588768750352,1,0,1,1,,4958.99,411.5815069972317,6.022433778976427,,1610.3428,4.280358914,1,1,0,1,1
TUN,Tunisia,2022,11.79,0.23,179.39,35.9,799,0,,1,2,1,4.280358914,4,Extremely High (>80%),Middle East & North Africa,12119334,65.92771516982698,4.20361315892081,10.821724772221206,25.962443839663806,69.707138648303,,116.09579438414566,3986.545583256664,346.14113283782757,2.4672517145492794,0,0,0,0,internet_share,5501.68,453.9589386677519,6.120207170192394,,1703.91532,4.280358914,1,0,0,0,0
TUN,Tunisia,2023,11.46,0.21,139.11,36.62,927,0,,1,2,1,4.280358914,4,Extremely High (>80%),Middle East & North Africa,12200431,75.98092231331827,4.343557628990871,9.473679289512454,24.093758389889256,70.0266686486584,,112.12885801335437,3967.3338763453353,,2.4388627112865935,0,0,0,0,internet_share,5492.92,450.2234388276939,6.111962646591025,,,4.280358914,1,0,0,0,0
TUR,Türkiye,2016,12.81,0.2,231.25,80.73,1482,0,8,1,106,1,3.386483429,3,High (40-80%),Europe & Central Asia,79277962,18.693719699807623,2.980299787953308,6.265561963996991,28.33851284022878,88.1020958581776,58.3477340145685,48.87018380798705,11279.616953156876,2863.343030942193,2.550226115908643,1,1,1,1,,33734,425.5154793207222,6.055648660108351,1.11979,1263.789,3.386483429,1,1,1,1,1
TUR,Türkiye,2017,13.97,0.2,247.24,83.52,1763,0,11,1,180,1,3.386483429,3,High (40-80%),Europe & Central Asia,80312698,21.95169685371546,3.133391870754416,6.196423235377776,29.034724586253407,88.0320472717286,64.6846176835371,56.135658515868904,12005.645982483235,2826.452175719461,2.6369121732688705,1,1,1,1,,32262.33,401.70895516422576,5.9982141054155305,1.17632,1420.59574,3.386483429,1,1,1,1,1
TUR,Türkiye,2018,14.11,0.17,245.71,85.09,2118,0,19,1,511,1,3.386483429,3,High (40-80%),Europe & Central Asia,81407204,26.017353451913177,3.2964793799892327,6.004186391854915,29.185184890490774,88.1655749576173,71.0427608433809,62.825132385116525,12255.008214616912,2788.4510073580223,2.6468837658647226,1,1,1,1,,32298.1,396.7474426464763,5.985817237647199,1.27093,1585.08328,3.386483429,1,1,1,1,1
TUR,Türkiye,2019,13.55,0.16,219.11,86.4,2357,0,25,1,17,1,3.386483429,3,High (40-80%),Europe & Central Asia,82579440,28.542213412926994,3.385820203643733,6.654153562822699,27.06799269307733,88.6618152857124,73.9767022871511,62.57845893262392,12238.295022012751,2748.8682412958965,2.60638654732571,1,1,1,1,,37204.76,450.5329655904666,6.1126483836810905,1.3196,1737.57621,3.386483429,1,1,1,1,1
TUR,Türkiye,2020,13.56,0.15,221.73,82.51,2779,0,45,1,13,1,3.386483429,3,High (40-80%),Europe & Central Asia,83384680,33.3274649491969,3.535945761142588,6.891225909096847,27.797453364057922,88.9303114965222,77.6695605,60.38985311729702,12338.643833135042,2722.3226136983435,2.6071242825122494,1,1,1,1,,40758.58,488.8017798952998,6.194000778434086,1.36748,1964.65668,3.386483429,1,1,1,1,1
TUR,Türkiye,2021,15.41,0.14,262.66,88.59,3568,0,60,1,104,1,3.386483429,3,High (40-80%),Europe & Central Asia,84147318,42.40182675816239,3.7705015314224477,5.704881716368163,30.820559823541842,89.1762048153239,81.40843745,69.60889760864374,13670.938029516012,2697.6498526073046,2.7350166493320245,1,1,1,1,,46843.54,556.6848844784334,6.323794079708202,1.40209,2209.69913,3.386483429,1,1,1,1,1
TUR,Türkiye,2022,15.51,0.17,261.17,91.41,3942,0,,1,62,1,3.386483429,3,High (40-80%),Europe & Central Asia,84979913,46.38743275719757,3.8583570618427143,6.693609619226043,30.89010239872704,89.0381164550781,83.43716576,79.89827223143409,14273.574765487303,2671.21949159915,2.7414849771884473,1,1,1,1,,49827.29,586.3419747205436,6.375607230637846,1.32342,2478.67633,3.386483429,1,1,1,1,1
TUR,Türkiye,2023,16.19,0.17,252.29,99.2,4596,0,,1,68,1,3.386483429,3,High (40-80%),Europe & Central Asia,85325965,53.86402603240409,4.004857870210174,6.38984597795627,28.19328003054743,89.0218446796121,85.96074155,65.68320847386669,14932.885136312187,,2.784393767689544,1,1,1,0,,50180.49,588.1033985375964,6.378601717544435,1.42224,2644.6573,3.386483429,1,1,1,1,1
TZA,"Tanzania, United Republic of",2016,6.61,0.18,495.15,39.93,10,0,,0,0,1,1.90521696,1,Low - Medium (10-20%),Sub-Saharan Africa,53824013,0.18579068045335081,0.17040979296976763,27.444142571775416,24.858399368155794,31.7577303242916,13.5042328468919,35.420470400263596,970.156127929688,1560.641715808147,1.888583653863595,1,1,1,1,,554.47,10.301535859096942,2.424938633216695,,,1.90521696,1,1,0,0,1
TZA,"Tanzania, United Republic of",2017,6.93,0.2,533.66,41.07,15,0,,0,0,1,1.90521696,1,Low - Medium (10-20%),Sub-Saharan Africa,55652890,0.26952778193549337,0.23864500607870923,28.753480952812758,25.04215118615375,32.2987013317296,14.46339989,33.11259198531244,1001.55895996094,1509.3555788387628,1.9358598132018119,1,1,1,1,,607.42,10.914437686883824,2.477750915721883,,,1.90521696,1,1,0,0,1
TZA,"Tanzania, United Republic of",2018,7.85,0.22,641.14,44.9,4,0,,0,0,1,1.90521696,1,Low - Medium (10-20%),Sub-Saharan Africa,57437145,0.06964134446445762,0.06732340019509804,27.86859947737702,27.00776551109675,32.8287423010834,15.49069977,32.64260990437371,1024.01525878906,1462.46823375361,2.060513531794317,1,1,1,1,,626.73,10.911579954052382,2.4775110323399256,,,1.90521696,1,1,0,0,1
TZA,"Tanzania, United Republic of",2019,8.51,0.22,724.31,47.38,21,0,,0,0,1,1.90521696,1,Low - Medium (10-20%),Sub-Saharan Africa,59174891,0.3548802481106387,0.3037130726479919,26.594311951601796,28.671833356505182,33.3475258518752,16.59090042,33.01858925023111,1051.7666015625,1419.5209924425546,2.1412419425852827,1,1,1,1,,779.75,13.177041593536691,2.6516238670055428,,,1.90521696,1,1,0,0,1
TZA,"Tanzania, United Republic of",2020,9.01,0.23,788.7,49.13,35,0,,0,0,1,1.90521696,1,Low - Medium (10-20%),Sub-Saharan Africa,60972798,0.5740264699678043,0.453636966860036,25.25490166534305,27.084450287713157,33.8547246036273,19.48139954,27.963015196988355,1041.25964355469,1377.6635279227305,2.1983350716202463,1,1,1,1,,915.83,15.020304628303265,2.7738569569590004,,,1.90521696,1,1,0,0,1
TZA,"Tanzania, United Republic of",2021,9.37,0.24,818.14,51.23,52,0,,0,0,1,1.90521696,1,Low - Medium (10-20%),Sub-Saharan Africa,62830412,0.8276246859562213,0.6030171379238225,24.78845061587826,27.29614188785181,34.3500111758619,22.87540054,29.915184007404825,1054.31726074219,1336.9321850062038,2.2375130962503307,1,1,1,1,,1031.55,16.41800470765654,2.8575044245458896,,,1.90521696,1,1,0,0,1
TZA,"Tanzania, United Republic of",2022,9.02,0.23,787.84,49.33,80,0,,0,0,1,1.90521696,1,Low - Medium (10-20%),Sub-Saharan Africa,64711821,1.2362501744464895,0.8048004338492805,24.25696945695516,27.684811175678252,34.8234736377147,26.86059952,35.00345171019938,1070.58532714844,1298.062683168814,2.199444334074532,1,1,1,1,,1203.29,18.594593405121454,2.975253681506302,,,1.90521696,1,1,0,0,1
TZA,"Tanzania, United Republic of",2023,8.93,0.23,779.87,48.83,96,0,,0,0,1,1.90521696,1,Low - Medium (10-20%),Sub-Saharan Africa,66617606,1.4410604908258036,0.89243257226961,23.68714737786312,28.033943352314584,35.4748019434954,28.43190002,38.212034806338956,1092.86413574219,,2.189416394888408,1,1,1,0,,1452.53,21.80399577853338,3.1269357740497505,,,1.90521696,1,1,0,0,1
UGA,Uganda,2016,33.01,0.04,131.71,44,8,0,,0,0,1,0.198089531,0,Low (<10%),Sub-Saharan Africa,38799152,0.20619007343253276,0.18746669238103245,22.66032278698873,26.166460388459278,25.6953567134098,5.9,31.209362023211874,874.6483706392157,1005.1766079835971,3.4968105458651015,1,1,1,1,,592.23,15.26399339861861,2.7889536704367974,,,0.198089531,1,1,0,0,1
UGA,Uganda,2017,35.78,0.04,147.03,47.05,12,0,,0,0,1,0.198089531,0,Low (<10%),Sub-Saharan Africa,40177388,0.2986754639201533,0.2613448711550615,23.458835382742553,26.03099481479287,26.4139260579546,7.417900085,36.83705293341007,871.0938800171507,970.6952577404982,3.5773890780805733,1,1,1,1,,635.99,15.829550691548192,2.8231363109686396,,,0.198089531,1,1,0,0,1
UGA,Uganda,2018,37.59,0.04,157.91,48.9,20,0,,0,0,1,0.198089531,0,Low (<10%),Sub-Saharan Africa,41565831,0.4811644449018715,0.39282856551716927,23.250293541273393,26.236011648437835,27.1280475018884,9.326299667,36.63840559995669,895.0751278543798,938.2706675586494,3.6267380575760866,1,1,1,1,,661.62,15.91740100179881,2.828342737284973,,,0.198089531,1,1,0,0,1
UGA,Uganda,2019,40.29,0.04,168.4,52.55,21,0,,0,0,1,0.198089531,0,Low (<10%),Sub-Saharan Africa,42999637,0.48837621582712437,0.39768573767112214,22.945508806556425,26.620436695348232,27.8369781799403,11.72579956,39.36105396474346,920.9391015156707,906.9844008218023,3.696103299203256,1,1,1,1,,791.88,18.41596941853253,2.9660958933577803,,,0.198089531,1,1,0,0,1
UGA,Uganda,2020,39.28,0.05,168.17,50.61,33,0,,0,0,1,0.198089531,0,Low (<10%),Sub-Saharan Africa,44457152,0.7422877650822077,0.5551990571424403,23.929033720510283,26.4905245869762,28.5399752271502,7.4,37.0006923916369,917.0350317644004,877.2491769153363,3.670715483486265,1,1,1,1,,926.63,20.843215507822002,3.0838903702510305,,,0.198089531,1,1,0,0,1
UGA,Uganda,2021,41.6,0.05,179.49,53.39,46,0,,0,0,1,0.198089531,0,Low (<10%),Sub-Saharan Africa,45910930,1.0019400608961744,0.6941167408325293,23.84180382721719,27.149441688846977,29.2362957789022,10,41.713630742478145,919.401675217265,849.4709211945827,3.728100167267218,1,1,1,1,,1211.34,26.384566812303735,3.309979599680911,,,0.198089531,1,1,0,0,1
UGA,Uganda,2022,44.06,0.05,188.37,56.8,55,0,,0,0,1,0.198089531,0,Low (<10%),Sub-Saharan Africa,47312719,1.1624781065742595,0.7712548356451381,24.011722052955268,26.766148633372634,29.9251969709665,9.636899948,34.50530192709373,933.0940563704229,824.3026573890205,3.785552341374197,1,1,1,1,,1250.03,26.42059104656403,3.311294229210537,,,0.198089531,1,1,0,0,1
UGA,Uganda,2023,46.39,0.05,196.47,60.1,98,0,,0,0,1,0.198089531,0,Low (<10%),Sub-Saharan Africa,48656601,2.0141152071021153,1.1033063234625433,24.089574689727826,25.753211439448208,30.6059359395495,9.286999702,33.34169633022193,955.7457972754618,,3.8370839187636525,1,1,1,0,,1423.59,29.257900690596944,3.4097573302297746,0.4383,81.30601,0.198089531,1,1,1,1,1
UKR,Ukraine,2016,6.93,0.06,4.31,20.54,420,0,4,1,0,1,1.372503853,1,Low - Medium (10-20%),Europe & Central Asia,45616832,9.207127754947999,2.323086275748244,11.72570090891674,23.17836207174829,69.2102241609089,53.0009695981884,105.52120491312238,2156.0830078125,1207.887474518178,1.9358598132018119,1,1,1,1,,7441.45,163.12947817156615,5.100655617378321,0.48339,1037.24086,1.372503853,1,1,1,1,1
UKR,Ukraine,2017,6.35,0.06,4.69,21.02,520,0,3,1,0,1,1.372503853,1,Low - Medium (10-20%),Europe & Central Asia,45436041,11.444659097829408,2.5212915427428344,10.177655039351247,23.288800215481746,69.2633108489282,58.8894794459775,104.03498291139857,2217.7529296875,1212.693685173847,1.8484548129046001,1,1,1,1,,8390.3,184.66177543945784,5.223926606779978,0.44878,994.07744,1.372503853,1,1,1,1,1
UKR,Ukraine,2018,6.6,0.06,4.79,22,737,0,7,1,0,1,1.372503853,1,Low - Medium (10-20%),Europe & Central Asia,45208907,16.302097283617144,2.850827724422825,10.139533107022944,23.293332981303273,69.3157992777909,62.5531553933869,99.1998150718675,2308.6669921875,1218.7863776489885,1.8870696490323797,1,1,1,1,,9591.79,212.16593446950623,5.362070897487216,0.47113,988.07663,1.372503853,1,1,1,1,1
UKR,Ukraine,2019,7.12,0.06,4.55,24.52,901,0,4,1,31,1,1.372503853,1,Low - Medium (10-20%),Europe & Central Asia,44957458,20.041168697749768,3.0464809327978575,8.96518101437243,22.58041968239952,69.3527648708735,70.1248442995263,90.51123429107628,2398.07836914063,1225.6031023818118,1.9629077254238845,1,1,1,1,,13766.38,306.2090387761692,5.727528423940176,0.43384,880.55411,1.372503853,1,1,1,1,1
UKR,Ukraine,2020,7.72,0.07,4.2,21.08,1139,0,0,1,10,1,1.372503853,1,Low - Medium (10-20%),Europe & Central Asia,44680014,25.49238234347912,3.2768572329313574,9.310151098074716,20.799942965770462,69.3839100516745,75.03790912,79.15645237618149,2324.107421875,1233.2135795660224,2.0438143640366846,1,1,1,1,,15062.95,337.1294825467154,5.82342890658264,0.40318,846.24846,1.372503853,1,1,1,1,1
UKR,Ukraine,2021,9.11,0.1,5.55,23.59,1077,0,8,1,22,1,1.372503853,1,Low - Medium (10-20%),Europe & Central Asia,44298640,24.312258796206837,3.231288815782614,10.885772106326923,23.153714219564694,69.4027032653896,79.21829353,82.69796136344999,2426.6123046875,1243.8305103723276,2.209372711271867,1,1,1,1,,15639.81,353.053953800839,5.869449313387043,0.38478,774.07275,1.372503853,1,1,1,1,1
UKR,Ukraine,2022,11.82,0.03,4.4,28.93,991,0,,1,0,1,1.372503853,1,Low - Medium (10-20%),Europe & Central Asia,41048766,24.14201683919073,3.2245404242557885,8.57297627041519,18.010831602442703,69.42345912103,80.47429657,87.39651399072439,1874.66296386719,1342.305880766306,2.469793011977952,1,1,1,1,,14645.92,356.79318593889036,5.879955126563733,0.32673,586.07925,1.372503853,1,1,1,1,1
UKR,Ukraine,2023,10.78,0.02,4.8,27.12,1425,0,,1,6,1,1.372503853,1,Low - Medium (10-20%),Europe & Central Asia,37732836,37.76551542534465,3.6575310737348485,7.551945462563826,19.086759864760822,69.4754455027606,81.58059692,77.50961419356571,2164.26123046875,,2.377692565480851,1,1,1,0,,15498.36,410.73933589301373,6.020390469251834,0.32209,,1.372503853,1,1,1,0,1
URY,Uruguay,2016,11.71,0.19,20.85,93.62,31,0,0,1,0,1,1.832983309,1,Low - Medium (10-20%),Latin America & Caribbean,3379283,9.173543618572342,2.3197905877742655,6.678719726376624,18.867314407332,95.1585424955685,66.40000153,48.47053530745139,17357.234999284105,27283.894246205484,2.460443177609626,1,1,1,1,,826.47,244.56963207875754,5.503580540740162,0.37391,739.46982,1.832983309,1,1,1,1,1
URY,Uruguay,2017,11.93,0.16,18.92,98,36,0,1,1,0,1,1.832983309,1,Low - Medium (10-20%),Latin America & Caribbean,3388438,10.624364382644746,2.453103273216849,5.406395563163953,18.031892092607677,95.2288235732042,70.3223543994698,46.377963619884184,17611.603680087435,27210.1776688846,2.4790562361098245,1,1,1,1,,788.03,232.564385123765,5.453457778387934,0.44052,756.67885,1.832983309,1,1,1,1,1
URY,Uruguay,2018,11.82,0.17,18.49,97.07,36,0,0,1,0,1,1.832983309,1,Low - Medium (10-20%),Latin America & Caribbean,3394534,10.60528484911331,2.451460584803307,5.823866368419243,18.33338861967925,95.2942581176758,80.7268428795854,47.79134534591073,17608.944129469986,27161.312863562423,2.469793011977952,1,1,1,1,,889.49,262.0359672343833,5.572290780372487,0.50484,787.06548,1.832983309,1,1,1,1,1
URY,Uruguay,2019,11.76,0.19,17.29,97.63,48,0,0,1,0,1,1.832983309,1,Low - Medium (10-20%),Latin America & Caribbean,3397206,14.12925798435538,2.7166304839244924,6.502794447700781,17.56016625826457,95.3479309082031,83.3515337667548,49.74486607246646,17758.438427340174,27139.94971161596,2.464703942470481,1,1,1,1,,957.34,281.80216330714126,5.644747583594084,0.56805,803.42212,1.832983309,1,1,1,1,1
URY,Uruguay,2020,10.67,0.2,14.75,89.53,54,0,1,1,2,1,1.832983309,1,Low - Medium (10-20%),Latin America & Caribbean,3398968,15.887175166109243,2.8265544679338426,7.206703540939918,16.955592442074604,95.3997650146484,85.47100067,47.73183312025643,16443.363490131003,27125.88056139393,2.367436065313662,1,1,1,1,,961.47,282.8711538325751,5.648520451527508,0.67606,820.55725,1.832983309,1,1,1,1,1
URY,Uruguay,2021,11.03,0.22,15.92,93.52,77,0,0,1,109,1,1.832983309,1,Low - Medium (10-20%),Latin America & Caribbean,3396695,22.669094516875965,3.1641701683318133,7.734270661025816,17.732165623875435,95.4497146606445,87.64440155,58.315055506330836,17416.005230846862,27144.032655272258,2.400618833265411,1,1,1,1,,1185.78,349.09816748339193,5.858213593680689,0.61467,845.8214,1.832983309,1,1,1,1,1
URY,Uruguay,2022,11.38,0.21,15.51,97.07,64,0,,1,6,1,1.832983309,1,Low - Medium (10-20%),Latin America & Caribbean,3390913,18.873972879870408,2.989410980204759,6.866391890641006,17.68645666609445,95.4977416992188,89.87304314,60.20268283365249,18249.291216882808,27190.317180063306,2.431857428698185,1,1,1,1,,1076.04,317.3304652758711,5.76309004216744,0.62206,880.30452,1.832983309,1,1,1,1,1
URY,Uruguay,2023,11.79,0.24,18.06,98.1,71,0,,1,171,1,1.832983309,1,Low - Medium (10-20%),Latin America & Caribbean,3388081,20.95581540110759,3.089032042978204,6.014136120887372,16.878317686076937,95.5439605712891,90.92590332,52.327310838701834,18403.675312515672,,2.4672517145492794,1,1,1,0,,1059.81,312.8053904260258,5.748773018054599,0.70196,902.41575,1.832983309,1,1,1,1,1
USA,United States,2016,41.63,0.19,14.58,263.83,21143,0,6870,1,21263,1,2.604411175,2,Medium - High (20-40%),North America,324353340,65.18508488304761,4.192455133676774,0.9371404377143356,17.936872491779145,80.4976645324131,85.5444212887222,26.452597786546526,57430.84992988035,8688.056056398247,3.728821061206884,1,0,1,1,,431807.73,1331.2880638133709,7.194653091842772,2.83677,3897.11007,2.604411175,1,1,1,1,1
USA,United States,2017,42.65,0.21,14.93,270.3,23637,0,10911,1,26733,1,2.604411175,2,Medium - High (20-40%),North America,326608609,72.37102559044915,4.295529110963346,0.9403622263437137,18.308744228436094,80.4018678392891,87.2748891687657,27.125338222287443,58435.97075356194,8628.064056939786,3.753027273937688,1,0,1,1,,435377.24,1333.0243845470711,7.195955505579173,2.88315,4020.59227,2.604411175,1,1,1,1,1
USA,United States,2018,43.93,0.2,15.72,277.23,29526,0,14638,1,57431,1,2.604411175,2,Medium - High (20-40%),North America,328529577,89.8731866689738,4.509464981530512,0.8984982607909291,18.519546151926104,80.2804567987377,88.498903165152,27.44535913026185,59817.65567986123,8577.614307158712,3.782597457987688,1,0,1,1,,441099.68,1342.6483059088469,7.203143809688499,2.98956,4322.78826,2.604411175,1,1,1,1,1
USA,United States,2019,45.1,0.18,15.69,286.27,36330,0,16515,1,103086,1,2.604411175,2,Medium - High (20-40%),North America,330226227,110.01548947231257,4.709669736372473,0.8326208629143701,18.145483844879724,80.1304793353594,89.4302848575712,26.25848062454277,61047.964823881244,8533.543884750257,3.8088822465086327,1,0,1,1,,442656.75,1340.4651533023148,7.201517693607549,3.14297,4367.20971,2.604411175,1,1,1,1,1
USA,United States,2020,44.12,0.17,14.58,282.87,42988,0,16913,1,81290,1,2.604411175,2,Medium - High (20-40%),North America,331578104,129.6466789616482,4.872496572291444,0.9348731509073495,17.250570698930225,79.997451762548,90.34470367,23.139943750914902,59533.60902441603,8498.751775237848,3.786913194385302,1,0,1,1,,453889.89,1368.8777531582725,7.22247678356949,3.41788,4567.79267,2.604411175,1,1,1,1,1
USA,United States,2021,46.72,0.22,15.81,298.02,46801,0,15629,1,177302,1,2.604411175,2,Medium - High (20-40%),North America,332100166,140.92434991435687,4.955294168559119,0.9429616729071012,17.575165349561626,80.0074765140272,91.2684021,25.232726022833095,63096.78561497462,8485.391723652436,3.8441723385199715,1,0,1,1,,471378.18,1419.385559716944,7.258683634667596,3.4689,4900.77179,2.604411175,1,1,1,1,1
USA,United States,2022,47.83,0.27,16.75,303,43440,0,,1,108067,1,2.604411175,2,Medium - High (20-40%),North America,333996304,130.0613194809485,4.875665301323135,,,80.0324978239707,92.72850037,26.907898155773868,64322.23328191388,8437.219113658217,3.8676530576922055,0,0,0,0,"agri_share, industry_share",447538.91,1339.9516840162398,7.201134852816213,3.48736,4937.49441,2.604411175,1,0,0,0,0
USA,United States,2023,49.26,0.24,16.98,313.15,50230,0,,1,92996,1,2.604411175,2,Medium - High (20-40%),North America,336755052,149.15886102281846,5.011693807159039,,,80.071561119178,93.52559662,24.92929817528472,65667.28158046801,,3.897112392692392,0,0,0,0,"agri_share, industry_share",430843.27,1279.396604271285,7.154925156007909,3.44716,,2.604411175,1,0,0,0,0
UZB,Uzbekistan,2016,1.52,0.51,9.13,15.67,5,0,,0,0,1,3.628291849,3,High (40-80%),Europe & Central Asia,31284568,0.15982320740372696,0.14826758609250346,25.713941115652567,24.566866846542002,50.6572189331055,46.79130173,25.69264795685112,3327.9093220640148,522.3022417953797,0.41871033485818504,1,1,1,1,,361.81,11.565126934148491,2.5309252731449656,0.17238,512.96908,3.628291849,1,1,1,1,1
UZB,Uzbekistan,2017,1.45,0.49,9.8,15.72,11,0,,0,0,1,3.628291849,3,High (40-80%),Europe & Central Asia,31819178,0.34570346223274534,0.2969168965737792,24.758847800573548,13.339246566692678,50.6787376403809,48.6999988524556,41.04430620555155,3425.788196964077,513.5267793530053,0.371563556432483,1,1,1,1,,336.53,10.576326013198706,2.448962151786686,0.13212,501.98291,3.628291849,1,1,1,1,1
UZB,Uzbekistan,2018,1.59,0.5,13.06,15.76,13,0,,0,0,1,3.628291849,3,High (40-80%),Europe & Central Asia,32373490,0.40156313082092787,0.3375881357890283,22.96222197700904,29.65086749863198,50.5814971923828,55.2000006732722,61.39511001757801,3559.8543659480297,504.7339659703047,0.4637340162321402,1,1,1,1,,344.46,10.640187387890522,2.454463540789735,0.11164,481.96007,3.628291849,1,1,1,1,1
UZB,Uzbekistan,2019,1.8,0.51,16.89,17.42,66,0,,0,0,1,3.628291849,3,High (40-80%),Europe & Central Asia,32964701,2.0021416241573067,1.0993259086998572,21.133535508922836,32.73584671142257,50.5920104980469,70.3999986481458,62.30037823028783,3733.5043575486106,495.681729374703,0.5877866649021191,1,1,1,1,,746.14,22.634514415889893,3.16270811890573,0.10128,422.11189,3.628291849,1,1,1,1,1
UZB,Uzbekistan,2020,1.96,0.56,17.57,18.42,105,0,,0,0,1,3.628291849,3,High (40-80%),Europe & Central Asia,33586372,3.1262679994135714,1.41737336634808,21.570862030483312,33.391394029101605,50.7670402526855,71.09999824,53.107076998855106,3723.821332644061,486.5068486706453,0.6729444732424258,1,1,1,1,,1101.71,32.802292548894535,3.520528627079204,0.12554,426.4918,3.628291849,1,1,1,1,1
UZB,Uzbekistan,2021,2.48,0.71,19.28,20.62,216,0,,0,1,1,3.628291849,3,High (40-80%),Europe & Central Asia,34243696,6.307730333781727,1.9889327376955965,21.40182729143506,33.24124689817635,50.9269905090332,76.59043014,54.74778221349121,3951.9965732735936,477.16811876848806,0.9082585601768908,1,1,1,1,,2104.99,61.47087627457035,4.134700468533246,0.11843,523.87885,3.628291849,1,1,1,1,1
UZB,Uzbekistan,2022,2.59,0.69,30.28,21.91,174,0,,0,1,1,3.628291849,3,High (40-80%),Europe & Central Asia,34938955,4.980114602740694,1.7884397321168155,20.38569634435988,31.893484523486027,50.9847412109375,83.90000012,60.048358257628934,4109.0842103165505,467.67283108495945,0.9516578757114463,1,1,1,1,,2091.27,59.854967041801906,4.108493443740668,0.14297,543.83922,3.628291849,1,1,1,1,1
UZB,Uzbekistan,2023,2.77,0.72,31.31,24.49,309,0,,0,0,1,3.628291849,3,High (40-80%),Europe & Central Asia,35652307,8.66704081730251,2.2687222458075267,19.662207997696783,31.142071395826402,50.9964841114568,89.01361047,63.10219430490497,4281.205421212247,,1.0188473201992472,1,1,1,0,,4624.44,129.709418243257,4.872976678043596,0.11093,542.07268,3.628291849,1,1,1,1,1
VCT,Saint Vincent and the Grenadines,2016,75.26,,46171.8,64.41,0,1,,0,,0,-9999,-9999,NoData,Latin America & Caribbean,106349,0,0,6.751052933203555,14.382203382121514,46.8116589511271,51.5,,7702.894263564697,940.3003319260173,4.3209487851652915,0,0,0,0,trade_share,2.26,21.250787501527984,3.1023774013130208,,,,0,0,0,0,0
VCT,Saint Vincent and the Grenadines,2017,76.54,,47890.7,65.29,0,1,,0,,0,-9999,-9999,NoData,Latin America & Caribbean,105663,0,0,6.7690255429130595,14.670610072359155,46.9392900518098,53.70000076,,7872.926905370766,946.4050803024711,4.337813479997556,0,0,0,0,trade_share,4.25,40.22221591285502,3.7189773322137785,,,,0,0,0,0,0
VCT,Saint Vincent and the Grenadines,2018,78.76,,48610.64,67.34,0,1,,0,,0,-9999,-9999,NoData,Latin America & Caribbean,104926,0,0,7.109381871180933,14.55758494611947,47.0674689446123,56,,8179.995989570836,953.0526275660943,4.366405253770925,0,0,0,0,trade_share,2.02,19.251663076835104,3.0082369174314065,,,,0,0,0,0,0
VCT,Saint Vincent and the Grenadines,2019,79.35,,44048.1,69.01,0,1,,0,,0,-9999,-9999,NoData,Latin America & Caribbean,104167,0,0,7.00321360289631,13.694016190050034,47.1962073993512,59.57630157,,8294.674344866655,959.9969280098304,4.373868446972418,0,0,0,0,trade_share,4.93,47.32784855088464,3.8780079690557607,,,,0,0,0,0,0
VCT,Saint Vincent and the Grenadines,2020,73.72,,38962.26,64.57,0,1,,0,,0,-9999,-9999,NoData,Latin America & Caribbean,103526,0,0,8.642736888100654,12.558207280033242,47.3255171858432,63.38100052,,7989.746519335968,965.9409230531461,4.300274132801622,0,0,0,0,trade_share,3.15,30.4271390761741,3.4476718214094775,,,,0,0,0,0,0
VCT,Saint Vincent and the Grenadines,2021,77.05,,43623.16,66.81,0,1,,0,,0,-9999,-9999,NoData,Latin America & Caribbean,102841,0,0,5.207486778109801,12.873057351120892,47.4554100739049,68.83339691,,8211.335880129422,972.3748310498731,4.344454561766125,0,0,0,0,trade_share,5.84,56.78669013331259,4.056758474650923,,,,0,0,0,0,0
VCT,Saint Vincent and the Grenadines,2022,81.41,,50905.88,69.45,0,1,,0,,0,-9999,-9999,NoData,Latin America & Caribbean,102046,0,0,4.639416506602865,14.617288388166886,47.585897833353,74.75479889,,8532.738134133895,979.9502185288987,4.399498115585886,0,0,0,0,trade_share,6.06,59.38498324285126,4.100740452222146,,,,0,0,0,0,0
VCT,Saint Vincent and the Grenadines,2023,86.03,,55289.97,73.04,1,0,,0,,0,-9999,-9999,NoData,Latin America & Caribbean,101323,9.869427474512204,2.3859540295079245,4.200632806455178,14.74729191997347,47.7169922340041,75.53679657,,9051.352080110068,,4.454696072633257,0,0,0,0,trade_share,2.69,26.548759906437827,3.3159575221153355,,,,0,0,0,0,0
VEN,"Venezuela, Bolivarian Republic of",2016,11.27,0.46,130.96,28,48,0,,0,0,1,1.820253759,1,Low - Medium (10-20%),Latin America & Caribbean,30765720,1.5601780163116612,0.9400767936955854,,,88.9914428378712,60,41.39275766016713,3374.4309160818475,26165.485481893484,2.422144328051685,0,0,0,0,"agri_share, industry_share",825.38,26.82791106465248,3.3260395121619544,,291.69278,1.820253759,1,0,0,0,0
VEN,"Venezuela, Bolivarian Republic of",2017,9.33,0.48,109.57,22.69,57,0,,0,0,1,1.820253759,1,Low - Medium (10-20%),Latin America & Caribbean,30565323,1.8648584214209023,1.0525189323386472,,,89.0287726100378,,42.61494252873563,2863.332278463655,26337.035600768882,2.2332350148592526,0,0,0,0,"agri_share, industry_share, internet_share",841.59,27.53414384006346,3.351101399685856,,,1.820253759,1,0,0,0,0
VEN,"Venezuela, Bolivarian Republic of",2018,8.11,0.1,124.04,16.32,38,0,,0,0,1,1.820253759,1,Low - Medium (10-20%),Latin America & Caribbean,29807592,1.2748429997297335,0.8219110389137281,,,89.0659636921159,,54.63329637256456,2359.382383450055,27006.542494274614,2.0930978681273213,0,0,0,0,"agri_share, industry_share, internet_share",673.96,22.610347055206606,3.1616850504898766,,,1.820253759,1,0,0,0,0
VEN,"Venezuela, Bolivarian Republic of",2019,5.79,0.09,104.03,9.18,62,0,,0,1,1,1.820253759,1,Low - Medium (10-20%),Latin America & Caribbean,28938098,2.1425043207746413,1.1450200364294956,,,89.1030100517924,49.05009842,58.12883999852838,1759.0554736454792,27817.999648767516,1.7561322915849038,0,0,0,0,"agri_share, industry_share",748.22,25.85588036919358,3.2904848051397213,,230.87605,1.820253759,1,0,0,0,0
VEN,"Venezuela, Bolivarian Republic of",2020,4,0.11,57.03,8.46,40,0,,0,0,1,1.820253759,1,Low - Medium (10-20%),Latin America & Caribbean,28444077,1.4062681661282241,0.8780770685852409,,,89.1399056567545,72.44110107,26.09056790130505,1255.8645706811851,28301.14684333051,1.3862943611198906,0,0,0,0,"agri_share, industry_share",711.85,25.02629985145941,3.2591075595154084,,289.59954,1.820253759,1,0,0,0,0
VEN,"Venezuela, Bolivarian Republic of",2021,4,0.12,56.99,8.48,50,0,,0,0,1,1.820253759,1,Low - Medium (10-20%),Latin America & Caribbean,28237826,1.7706745554703822,1.019090812383082,,,89.1766444746891,74.11219788,29.22638726824841,1272.9439751652712,28507.860343073153,1.3862943611198906,0,0,0,0,"agri_share, industry_share",676.82,23.96855905266928,3.217617395484762,,276.3565,1.820253759,1,0,0,0,0
VEN,"Venezuela, Bolivarian Republic of",2022,4.35,0.12,64.06,8.9,45,0,,0,0,1,1.820253759,1,Low - Medium (10-20%),Latin America & Caribbean,28213017,1.5950084317462396,0.9535897658404112,,,89.2132204732836,75.82180023,27.898054231030695,1376.9380122712503,28532.928612349402,1.4701758451005926,0,0,0,0,"agri_share, industry_share",545,19.317324340037793,3.0114739378609694,,350.37843,1.820253759,1,0,0,0,0
VEN,"Venezuela, Bolivarian Republic of",2023,4.56,0.1,69.83,9.01,34,0,,0,0,1,1.820253759,1,Low - Medium (10-20%),Latin America & Caribbean,28300854,1.2013771739891665,0.7890831526922937,,,89.249627620225,76.33190155,28.094432317116496,1427.8865594380543,,1.5173226235262947,0,0,0,0,"agri_share, industry_share",474.63,16.77087200266112,2.8775607125811087,,179.95961,1.820253759,1,0,0,0,0
VNM,Viet Nam,2016,2.73,0.3,25.77,100.94,559,0,,0,2,1,2.112769594,2,Medium - High (20-40%),East Asia & Pacific,94000117,5.946801108768833,1.9382812814993822,13.818255373086611,34.11522886123721,32.8476189285136,53,145.40950797311808,2715.57887431272,3823.612262099631,1.0043016091968684,1,1,1,1,,2943.45,31.31325889732669,3.4754776381770434,,,2.112769594,1,1,0,0,1
VNM,Viet Nam,2017,2.92,0.28,28.6,107.61,516,0,,0,250,1,2.112769594,2,Medium - High (20-40%),East Asia & Pacific,95176977,5.421479188186446,1.8596484943074478,12.929879485236235,35.390364072972794,33.3625963003742,58.1400000036297,160.9800836588696,2868.1368001337887,3776.3334298797913,1.0715836162801904,1,1,1,1,,3216.09,33.790629849485555,3.5493480933255097,0.41895,707.70007,2.112769594,1,1,1,1,1
VNM,Viet Nam,2018,3.14,0.27,31.81,114.77,701,0,,0,0,1,2.112769594,2,Medium - High (20-40%),East Asia & Pacific,96237319,7.2840765649342325,2.11433518599838,12.306668431042803,36.54243340864467,33.9410227821412,69.8479286837965,164.66393677589295,3048.283276021446,3734.725818785538,1.144222799920162,1,1,1,1,,4102.19,42.62577181727184,3.7756480724525487,,,2.112769594,1,1,0,0,1
VNM,Viet Nam,2019,3.36,0.26,34.21,124.55,1098,0,,0,17,1,2.112769594,2,Medium - High (20-40%),East Asia & Pacific,97173776,11.299344794422725,2.509545992213422,11.784528554038655,36.80313689775539,34.6239134999511,68.6615802057338,164.70421503140798,3241.0764896652886,3698.734522779068,1.2119409739751128,1,1,1,1,,5684.2,58.49520553775743,4.085895730107552,0.41652,754.61752,2.112769594,1,1,1,1,1
VNM,Viet Nam,2020,3.45,0.29,34.86,127.04,1445,0,,0,11,1,2.112769594,2,Medium - High (20-40%),East Asia & Pacific,98079191,14.732992648766851,2.7557599500088825,12.65540356855563,36.743713293880056,35.5706676299742,70.30000012,163.24586281493492,3303.16949807493,3664.5897701174963,1.2383742310432684,1,1,1,1,,7751.05,79.02848627697185,4.382382649755139,,,2.112769594,1,1,0,0,1
VNM,Viet Nam,2021,3.54,0.3,36.42,128.79,1751,0,,0,35,1,2.112769594,2,Medium - High (20-40%),East Asia & Pacific,98935098,17.69847137564871,2.9284417759015517,12.603090465274505,37.39151924693015,36.6540656426603,74.20999985,186.6758328368143,3358.217347647143,3632.8866829444087,1.264126727145683,1,1,1,1,,8978.42,90.75060500773951,4.519074081002743,0.42494,767.88667,2.112769594,1,1,1,1,1
VNM,Viet Nam,2022,3.85,0.3,40.31,139.47,1736,0,,0,36,1,2.112769594,2,Medium - High (20-40%),East Asia & Pacific,99680655,17.415615898591355,2.9131989948219306,11.88029982484587,38.48236127971499,37.5478515625,78.58999918,183.15361914783583,3617.663112804366,3605.714669511351,1.3480731482996928,1,1,1,1,,9672.57,97.03557826741809,4.585330456331292,,,2.112769594,1,1,0,0,1
VNM,Viet Nam,2023,4.05,0.32,40.97,150.52,1980,0,,0,40,1,2.112769594,2,Medium - High (20-40%),East Asia & Pacific,100352192,19.730510719686123,3.0316065628873887,11.871326642519065,37.59328835343367,38.1298904418945,78.08,164.99558545587553,3772.360291161032,,1.3987168811184478,1,1,1,0,,10644.49,106.07132527807663,4.673495203772446,0.41456,836.10677,2.112769594,1,1,1,1,1
WSM,Samoa,2016,,,,,0,1,,0,,0,-9999,-9999,NoData,East Asia & Pacific,203499,0,0,8.644397677391872,14.408683481377032,19.126462366749,,75.21181746729012,4373.237924403915,,#NUM!,0,0,0,0,"wue_total, internet_share",7.37,36.216394183755206,3.6167493680620617,,,,0,0,0,0,0
WSM,Samoa,2017,,,,,0,1,,0,,0,-9999,-9999,NoData,East Asia & Pacific,205415,0,0,9.90757564175906,13.184955463685114,18.9657191879831,,74.01108076083345,4393.373162559647,,#NUM!,0,0,0,0,"wue_total, internet_share",9.42,45.858384246525326,3.847129952043985,,,,0,0,0,0,0
WSM,Samoa,2018,,,,,0,1,,0,,0,-9999,-9999,NoData,East Asia & Pacific,207582,0,0,9.147660338434463,11.720411114932748,18.7241267935467,,78.93496842951508,4321.005183449624,,#NUM!,0,0,0,0,"wue_total, internet_share",11.8,56.84500582902179,4.057767120250521,,,,0,0,0,0,0
WSM,Samoa,2019,,,,,0,1,,0,,0,-9999,-9999,NoData,East Asia & Pacific,209780,0,0,9.104548751494086,11.959639323861106,18.4147344481283,,83.33107958164567,4466.080754820347,,#NUM!,0,0,0,0,"wue_total, internet_share",10.16,48.43169034226332,3.9005917234216785,,,,0,0,0,0,0
WSM,Samoa,2020,,,,,0,1,,0,,0,-9999,-9999,NoData,East Asia & Pacific,211944,0,0,9.536429892621209,11.122547890780158,18.0516608994722,,77.48479988560186,4283.0639249273445,,#NUM!,0,0,0,0,"wue_total, internet_share",21.49,101.394708036085,4.628835031934877,,,,0,0,0,0,0
WSM,Samoa,2021,,,,,0,1,,0,,0,-9999,-9999,NoData,East Asia & Pacific,213779,0,0,9.67170140141047,11.203989876535323,17.5672426452007,,59.76977959193572,4032.137310624102,,#NUM!,0,0,0,0,"wue_total, internet_share",24.01,112.31224769504956,4.7301472618831335,,,,0,0,0,0,0
WSM,Samoa,2022,,,,,0,1,,0,,0,-9999,-9999,NoData,East Asia & Pacific,215261,0,0,9.356737358565756,10.849058293019294,17.5007949951039,,60.847778984503464,4095.158755769777,,#NUM!,0,0,0,0,"wue_total, internet_share",15.2,70.61195478976684,4.271262026366798,,,,0,0,0,0,0
WSM,Samoa,2023,,,,,3,0,,0,,0,-9999,-9999,NoData,East Asia & Pacific,216663,13.846388169645948,2.6977566147664462,9.854085170451624,10.079315534663364,17.5012799804602,,80.84051257090782,4688.463053661133,,#NUM!,0,0,0,0,"wue_total, internet_share",21.85,100.84786050225466,4.623480136092381,,,,0,0,0,0,0
YEM,Yemen,2016,5.32,0.65,62.76,48.2,38,0,,0,,0,4.693675833,4,Extremely High (>80%),Middle East & North Africa,32109010,1.1834684407896723,0.780914640342196,25.090913088516476,25.90226806658419,32.9512008005236,24.57920074,31.081544290855923,1197.9586597117175,65.40220330679769,1.6714733033535532,1,0,1,1,,108.94,3.3928171563059717,1.4799707425262494,,,4.693675833,1,1,0,0,1
YEM,Yemen,2017,4.76,0.6,54.75,43.26,30,0,,0,,0,4.693675833,4,Extremely High (>80%),Middle East & North Africa,33090921,0.9065930803195233,0.6453179217408079,26.961066362182688,25.924040965420748,33.5586912522175,,42.96990467219668,1103.4563484984167,63.46151562236663,1.5602476682433286,0,0,0,0,internet_share,120.33,3.6363448451616076,1.5339263069133826,,,4.693675833,1,0,0,0,0
YEM,Yemen,2018,4.72,0.6,55.42,42.56,33,0,,0,,0,4.693675833,4,Extremely High (>80%),Middle East & North Africa,34085182,0.9681626461610209,0.677100440622141,28.745140314681183,25.44299784331728,34.2106045810864,,56.07782272150765,1079.3293836625512,61.61035021024679,1.5518087995974639,0,0,0,0,internet_share,138.66,4.068043409596581,1.6229548278516848,,,4.693675833,1,0,0,0,0
YEM,Yemen,2019,4.78,0.62,57.74,42.52,71,0,,0,,0,4.693675833,4,Extremely High (>80%),Middle East & North Africa,35111408,2.0221348001766266,1.1059634691352098,,,34.9067561732024,17.49099922,,,59.809620850294586,1.5644405465033646,0,0,0,0,"agri_share, industry_share, trade_share",198.71,5.659414171029542,1.8960315183755105,,,4.693675833,1,0,0,0,0
YEM,Yemen,2020,4.84,0.62,58.01,43.21,86,0,,0,,0,4.693675833,4,Extremely High (>80%),Middle East & North Africa,36134863,2.379973047081983,1.2178677352270333,,,35.7025604580302,,,,58.115620917118186,1.5769147207285403,0,0,0,0,"agri_share, industry_share, internet_share, trade_share",264.59,7.3222914945049045,2.118937636924597,,,4.693675833,1,0,0,0,0
YEM,Yemen,2021,4.79,0.62,57.2,42.88,176,0,,0,,0,4.693675833,4,Extremely High (>80%),Middle East & North Africa,37140230,4.738796717198574,1.74724955720572,,,36.0704951256305,,,,56.54246083021026,1.5665304114228238,0,0,0,0,"agri_share, industry_share, internet_share, trade_share",392.24,10.561054683829369,2.4476420947078927,,,4.693675833,1,0,0,0,0
YEM,Yemen,2022,4.86,0.63,58.36,43.39,207,0,,0,,0,4.693675833,4,Extremely High (>80%),Middle East & North Africa,38222876,5.415605042383519,1.8587333104374324,,,36.3226310308295,,,,54.94092071983281,1.5810384379124025,0,0,0,0,"agri_share, industry_share, internet_share, trade_share",386.81,10.119855973161203,2.408732336684709,,,4.693675833,1,0,0,0,0
YEM,Yemen,2023,4.76,0.61,57.07,42.58,203,0,,0,,0,4.693675833,4,Extremely High (>80%),Middle East & North Africa,39390799,5.153487747227468,1.817019034440731,,,36.5707979836506,,,,,1.5602476682433286,0,0,0,0,"agri_share, industry_share, internet_share, trade_share",404.01,10.256456082548619,2.4209418380520353,,,4.693675833,1,0,0,0,0
ZAF,South Africa,2016,16.15,0.15,18.72,61.41,346,0,3,1,53,1,4.167753556,4,Extremely High (>80%),Sub-Saharan Africa,57259551,6.042660027145515,1.9519859435695819,2.414186073945762,23.78253729774931,63.2750973439347,54,55.86125750487819,6095.295060428005,782.4022231679742,2.7819200496686656,1,1,1,1,,11955.09,208.787700762795,5.346096070615523,0.74992,481.99586,4.167753556,1,1,1,1,1
ZAF,South Africa,2017,16.1,0.15,18.02,60.77,311,0,4,1,80,1,4.167753556,4,Extremely High (>80%),Sub-Saharan Africa,57635162,5.396011552808683,1.8556746012253427,2.493798638497657,23.610556495569476,63.3311078299936,56.16740036,53.53593182937409,6125.6920507497025,777.3032719158489,2.7788192719904172,1,1,1,1,,12809.68,222.25460214721008,5.408312833865346,0.76257,516.53674,4.167753556,1,1,1,1,1
ZAF,South Africa,2018,15.92,0.13,18.37,80.01,383,0,7,1,70,1,4.167753556,4,Extremely High (>80%),Sub-Saharan Africa,58613001,6.534386458048787,2.0194774031558866,2.260703826699196,23.537060839274368,63.3771545246841,62.40000153,54.48554512763406,6117.270140604696,764.3355439179782,2.767576180416237,1,1,1,1,,13232.48,225.7601517451734,5.423892858644331,0.68586,500.79079,4.167753556,1,1,1,1,1
ZAF,South Africa,2019,16.79,0.11,17.7,76.45,469,0,5,1,166,1,4.167753556,4,Extremely High (>80%),Sub-Saharan Africa,59587885,7.87072741380232,2.1827568012794316,1.9503211452697966,23.62201528436516,63.4127255007908,69.69689941,53.8979964081406,6032.829725986681,751.8306783333558,2.8207834710894493,1,1,1,1,,14690.16,246.5293070898556,5.511528987482805,0.61304,479.86558,4.167753556,1,1,1,1,1
ZAF,South Africa,2020,15.57,0.13,16.96,73.27,692,0,6,1,150,1,4.167753556,4,Extremely High (>80%),Sub-Saharan Africa,60562381,11.426235041848834,2.51980996678925,2.5786612223878294,23.33943840795816,63.4373088310982,72.1128006,50.75965908041766,5569.584833192716,739.7331356572655,2.745345985845907,1,1,1,1,,15308.72,252.7760591182833,5.5364522211157645,0.60296,459.98774,4.167753556,1,1,1,1,1
ZAF,South Africa,2021,15.88,0.14,18.57,68,804,0,23,1,143,1,4.167753556,4,Extremely High (>80%),Sub-Saharan Africa,61502603,13.072617430517534,2.644230883001813,2.4578719966737084,24.90060174821321,63.4503925883909,74.96859741,56.16471362775458,5750.909374795845,728.4244538397829,2.7650604558189897,1,1,1,1,,15478.5,251.67227474908663,5.532093292304804,0.6139,454.79773,4.167753556,1,1,1,1,1
ZAF,South Africa,2022,15.82,0.16,17,67.62,841,0,,1,200,1,4.167753556,4,Extremely High (>80%),Sub-Saharan Africa,62378410,13.482228867327654,2.672922302413612,2.605774849856178,24.982028787222333,63.4766699210327,78.29319763,64.94713440234001,5786.865053447359,718.1972095794041,2.761274962339508,1,1,1,1,,15880.81,254.58824615760486,5.543567736147138,0.61479,444.16298,4.167753556,1,1,1,1,1
ZAF,South Africa,2023,16.01,0.14,16.87,68.94,1113,0,,1,80,1,4.167753556,4,Extremely High (>80%),Sub-Saharan Africa,63212384,17.607309352547123,2.923554479467726,2.535171123098481,24.56396551206514,63.5823705163545,78.33670044,65.67987597407074,5756.550494531214,,2.7732135270086236,1,1,1,0,,14949.03,236.48894495103997,5.470121074816755,,,4.167753556,1,1,0,0,1
ZMB,Zambia,2016,5.2,0.07,28.11,20.66,0,1,,0,0,1,0.84556736,0,Low (<10%),Sub-Saharan Africa,16914423,0,0,6.228471989560292,34.87716660959379,42.3442476889162,10.30000019,73.95856125461596,1303.5751386913284,4741.515569286638,1.6486586255873816,1,1,1,1,,174.12,10.294173203543508,2.424286947023215,,,0.84556736,1,1,0,0,1
ZMB,Zambia,2017,4.97,0.08,28.29,19.4,3,0,,0,0,1,0.84556736,0,Low (<10%),Sub-Saharan Africa,17441320,0.17200532987182163,0.15871623881668298,4.024271193736498,37.30404492146256,42.7295979877011,12.19999981,71.58569465425661,1308.7682924008554,4598.275818573365,1.6034198401085373,1,1,1,1,,203.98,11.695215729084724,2.5412252082446116,,,0.84556736,1,1,0,0,1
ZMB,Zambia,2018,5.05,0.04,28.22,20.37,4,0,,0,0,1,0.84556736,0,Low (<10%),Sub-Saharan Africa,17973569,0.22254901071679198,0.2009380321291678,3.3411239920944884,34.48532158492323,43.1114735233156,14.2999970950012,74.88836952746648,1321.250457115733,4462.107664871679,1.6193882432872684,1,1,1,1,,215.11,11.96812942382228,2.5624947646289673,,,0.84556736,1,1,0,0,1
ZMB,Zambia,2019,4.97,0.03,28.45,20.05,14,0,,0,1,1,0.84556736,0,Low (<10%),Sub-Saharan Africa,18513839,0.7561910849500204,0.5631473076013099,2.8607749368079616,34.94198121711667,43.4897864547552,14.47189999,68.791204936096,1301.181329761778,4331.894643785116,1.6034198401085373,1,1,1,1,,206.64,11.1613804138623,2.4982653909718477,,,0.84556736,1,1,0,0,1
ZMB,Zambia,2020,4.9,0.03,31.84,18.52,9,0,,0,0,1,0.84556736,0,Low (<10%),Sub-Saharan Africa,19059395,0.47220806326748566,0.386763357646547,2.972633845488468,40.1976896628281,43.8644489410157,14.64579964,79.20684940959546,1228.7350011319488,4207.898519339151,1.589235205116581,1,1,1,1,,268.45,14.084917176017392,2.7136953821098655,,,0.84556736,1,1,0,0,1
ZMB,Zambia,2021,4.8,0.04,36.63,16.18,15,0,,0,0,1,0.84556736,0,Low (<10%),Sub-Saharan Africa,19603607,0.7651653086087679,0.5682443452679284,3.0009183153374694,41.831938472446694,44.2353731410926,14.82190037,86.20851119346447,1269.1082180889516,4091.0838500282116,1.5686159179138452,1,1,1,1,,327.01,16.681113837876875,2.872497055105002,,,0.84556736,1,1,0,0,1
ZMB,Zambia,2022,5.19,0.04,29.87,21.28,18,0,,0,0,1,0.84556736,0,Low (<10%),Sub-Saharan Africa,20152938,0.8931700181879187,0.6382526823451764,3.0940158340762234,35.28382101824494,44.5988511178469,15,69.2973154193203,1298.8480495593024,3979.5686365928386,1.6467336971777973,1,1,1,1,,362.23,17.974054204900547,2.9430724777654107,,,0.84556736,1,1,0,0,1
ZMB,Zambia,2023,5.3,0.04,33.65,20.72,41,0,,0,0,1,0.84556736,0,Low (<10%),Sub-Saharan Africa,20723965,1.9783858928539977,1.0913815070804624,2.2301203425934344,35.10777806940196,45.0285853521585,16.45070076,78.24188704514849,1330.8599821675073,,1.667706820558076,1,1,1,0,,367.3,17.72344240110423,2.9297763430918216,,,0.84556736,1,1,0,0,1
ZWE,Zimbabwe,2016,4.91,0.04,48.62,21.09,8,0,,0,0,1,2.174587686,2,Medium - High (20-40%),Sub-Saharan Africa,14600294,0.5479341717365418,0.4369212495453377,7.873584882717026,22.11534953852889,34.0799460726314,23.12000084,51.2190376594477,1378.3425619237385,839.7091181862502,1.5912739418064292,1,1,1,1,,313.92,21.500936898941898,3.113556948296429,,,2.174587686,1,1,0,0,1
ZWE,Zimbabwe,2017,5.52,0.04,64.49,26.79,6,0,,0,0,1,2.174587686,2,Medium - High (20-40%),Sub-Saharan Africa,14812482,0.4050637833686481,0.3400826991706855,7.247881529592232,32.015737766345694,34.7014953017273,24.39999962,55.02831783106102,1422.9194894692664,827.680330683271,1.7083778602890038,1,1,1,1,,335.65,22.65994314794779,3.163783455671098,,,2.174587686,1,1,0,0,1
ZWE,Zimbabwe,2018,5.12,0.04,66.39,21.25,11,0,,0,0,1,2.174587686,2,Medium - High (20-40%),Sub-Saharan Africa,15034452,0.7316528730145934,0.5490763703159913,7.319200562822151,31.037775129578314,35.4085538807905,25,54.55031658745998,1472.1460384484237,815.4603839235377,1.6331544390514163,1,1,1,1,,383.4,25.501428319435917,3.2771986303863243,,,2.174587686,1,1,0,0,1
ZWE,Zimbabwe,2019,4.17,0.04,73.72,20.56,12,0,,0,0,1,2.174587686,2,Medium - High (20-40%),Sub-Saharan Africa,15271368,0.785784220509911,0.579857657971623,22.70565248054756,38.97494594938319,36.1837638266364,26.5883007,36.51786849802875,1357.5308781875387,802.8095452876257,1.4279160358107101,1,1,1,1,,429.15,28.101608185985693,3.370793436773661,,,2.174587686,1,1,0,0,1
ZWE,Zimbabwe,2020,3.36,0.03,70.05,19.47,12,0,,0,0,1,2.174587686,2,Medium - High (20-40%),Sub-Saharan Africa,15526888,0.7728528730290319,0.5725900417137595,20.847051091370812,40.433644893532325,37.0097671560802,29.29856532,31.82256987554738,1230.8193336101579,789.5980186113277,1.2119409739751128,1,1,1,1,,456.09,29.37420557165093,3.4135937472989677,,,2.174587686,1,1,0,0,1
ZWE,Zimbabwe,2021,3.63,0.04,66.92,22.38,18,0,,0,0,1,2.174587686,2,Medium - High (20-40%),Sub-Saharan Africa,15797210,1.1394417115427344,0.7605449125413463,21.48565301605987,36.916310135025846,37.8692058859373,32.5923996,34.94011694829908,1312.2000135880673,776.086410195218,1.2892326482767593,1,1,1,1,,498.52,31.557471224349108,3.4830068730184065,,,2.174587686,1,1,0,0,1
ZWE,Zimbabwe,2022,3.66,0.03,102.07,17.44,26,0,,0,0,1,2.174587686,2,Medium - High (20-40%),Sub-Saharan Africa,16069056,1.618016640180979,0.9624170235335815,17.06123089314713,46.47236353928249,38.7055207169041,36.25650024,43.61507642984922,1369.1976149557086,762.9570772545693,1.297463147413275,1,1,1,1,,556.12,34.608131305286385,3.572574019228839,,,2.174587686,1,1,0,0,1
ZWE,Zimbabwe,2023,4.2,0.02,66.98,27.57,55,0,,0,0,1,2.174587686,2,Medium - High (20-40%),Sub-Saharan Africa,16340822,3.3658037521001085,1.4738023079878964,11.494869401141738,33.255551908393066,39.2919370795795,38.67480087,40.29126120469416,1418.4718462879948,,1.4350845252893227,1,1,1,0,,519.85,31.812965100531663,3.490823714743779,,,2.174587686,1,1,0,0,1
